NU_SEQUENCIAL;NU_ANO;CO_ESCOLA;CO_MUNICIPIO_ESC;NO_MUNICIPIO_ESC;CO_UF_ESC;SG_UF_ESC;TP_DEPENDENCIA_ADM_ESC;TP_LOCALIZACAO_ESC;TP_SIT_FUNC_ESC;CO_MUNICIPIO_PROVA;NO_MUNICIPIO_PROVA;CO_UF_PROVA;SG_UF_PROVA;TP_PRESENCA_CN;TP_PRESENCA_CH;TP_PRESENCA_LC;TP_PRESENCA_MT;NU_NOTA_CN;NU_NOTA_CH;NU_NOTA_LC;NU_NOTA_MT;TP_LINGUA;TP_STATUS_REDACAO;NU_NOTA_COMP1;NU_NOTA_COMP2;NU_NOTA_COMP3;NU_NOTA_COMP4;NU_NOTA_COMP5;NU_NOTA_REDACAO
206403;2024;23052929;2301406;Aratuba;23;CE;2;1;1;2301406;Aratuba;23;CE;1;1;1;1;436.8;377.8;423.4;427.1;1;1;80;60;60;80;20;300
3604651;2024;42103770;4218004;Tijucas;42;SC;4;1;1;4218004;Tijucas;42;SC;1;1;1;1;521.9;601.9;605.5;689.2;0;1;160;200;200;180;180;920
1461268;2024;NA;NA;;NA;;NA;NA;NA;4122404;Rolândia;41;PR;1;1;1;1;363;548.4;557.2;456.4;1;1;120;120;40;120;80;480
4301058;2024;NA;NA;;NA;;NA;NA;NA;3534401;Osasco;35;SP;1;1;1;1;550.7;553.8;605.9;629.1;0;1;140;200;160;160;80;740
3148322;2024;21150354;2100436;Alto Alegre do Maranhão;21;MA;2;1;1;2111508;São Mateus do Maranhão;21;MA;0;0;0;0;NA;NA;NA;NA;1;NA;NA;NA;NA;NA;NA;NA
1035588;2024;NA;NA;;NA;;NA;NA;NA;2408102;Natal;24;RN;0;0;0;0;NA;NA;NA;NA;0;NA;NA;NA;NA;NA;NA;NA
3587454;2024;15585689;1501402;Belém;15;PA;4;1;1;1501402;Belém;15;PA;1;2;2;1;486.7;NA;NA;525.1;0;NA;NA;NA;NA;NA;NA;NA
140768;2024;NA;NA;;NA;;NA;NA;NA;2408102;Natal;24;RN;1;1;1;1;482.7;531.6;439.2;496.7;1;1;100;80;60;120;0;360
3541867;2024;NA;NA;;NA;;NA;NA;NA;3156700;Sabará;31;MG;0;2;2;0;NA;NA;NA;NA;1;NA;NA;NA;NA;NA;NA;NA
3371353;2024;NA;NA;;NA;;NA;NA;NA;3520509;Indaiatuba;35;SP;1;1;1;1;599.5;640.3;597.6;665.3;0;1;120;200;120;120;200;760
377894;2024;NA;NA;;NA;;NA;NA;NA;2504306;Catolé do Rocha;25;PB;1;1;1;1;362.6;436;460;382.4;1;1;100;100;80;100;80;460
3446319;2024;51191024;5107354;São José do Xingu;51;MT;2;2;1;5103353;Confresa;51;MT;0;0;0;0;NA;NA;NA;NA;0;NA;NA;NA;NA;NA;NA;NA
134650;2024;29088240;2931301;Tapiramutá;29;BA;2;1;1;2921203;Miguel Calmon;29;BA;1;1;1;1;374.6;427;532.7;504;0;1;120;200;140;120;140;720
1620924;2024;NA;NA;;NA;;NA;NA;NA;2910800;Feira de Santana;29;BA;1;1;1;1;402.1;321.4;532.7;506;0;1;100;160;120;120;100;600
588106;2024;15585972;1506302;Salvaterra;15;PA;2;1;1;1506302;Salvaterra;15;PA;1;1;1;1;466.4;420;361.3;400.5;1;1;120;120;60;80;0;380
1399198;2024;NA;NA;;NA;;NA;NA;NA;4202404;Blumenau;42;SC;0;0;0;0;NA;NA;NA;NA;1;NA;NA;NA;NA;NA;NA;NA
941795;2024;NA;NA;;NA;;NA;NA;NA;2800308;Aracaju;28;SE;1;1;1;1;668.1;626.5;610.2;693.6;0;1;160;180;180;160;160;840
1894153;2024;NA;NA;;NA;;NA;NA;NA;2609600;Olinda;26;PE;1;1;1;1;466.6;403.3;508.3;376.6;0;1;80;140;120;120;140;600
2262755;2024;NA;NA;;NA;;NA;NA;NA;2304400;Fortaleza;23;CE;0;0;0;0;NA;NA;NA;NA;1;NA;NA;NA;NA;NA;NA;NA
3575012;2024;NA;NA;;NA;;NA;NA;NA;2108603;Pinheiro;21;MA;1;1;1;1;463.9;502.9;564.6;465.2;0;1;140;160;120;180;140;740
2874620;2024;NA;NA;;NA;;NA;NA;NA;4321451;Teutônia;43;RS;0;1;1;0;NA;383.8;595.8;NA;0;1;120;160;120;140;180;720
239012;2024;NA;NA;;NA;;NA;NA;NA;2507507;João Pessoa;25;PB;0;0;0;0;NA;NA;NA;NA;1;NA;NA;NA;NA;NA;NA;NA
1221621;2024;26068877;2608107;João Alfredo;26;PE;2;1;1;2602209;Bom Jardim;26;PE;1;1;1;1;367.7;394.7;390;391;1;1;100;120;80;100;60;460
1626014;2024;21055823;2112902;Vitória do Mearim;21;MA;2;1;1;2101004;Arari;21;MA;1;1;1;1;455.8;441.8;396.1;429.8;1;1;120;120;80;100;80;500
2983922;2024;15038483;1501402;Belém;15;PA;4;1;1;1500800;Ananindeua;15;PA;1;1;1;1;521.7;544.8;582.3;520.7;0;1;120;140;120;180;200;760
933265;2024;NA;NA;;NA;;NA;NA;NA;4118204;Paranaguá;41;PR;0;0;0;0;NA;NA;NA;NA;0;NA;NA;NA;NA;NA;NA;NA
2879850;2024;NA;NA;;NA;;NA;NA;NA;5105622;Mirassol d'Oeste;51;MT;0;1;1;0;NA;450.8;511.8;NA;0;1;120;120;100;120;60;520
718594;2024;60026482;4318465;São José do Herval;43;RS;2;1;1;4320800;Soledade;43;RS;1;1;1;1;536.7;564.1;573.1;465.7;1;1;160;180;140;180;160;820
3552010;2024;NA;NA;;NA;;NA;NA;NA;1100205;Porto Velho;11;RO;1;1;1;1;468.2;447;560.7;555.6;1;1;140;160;120;120;120;660
4015540;2024;NA;NA;;NA;;NA;NA;NA;3201308;Cariacica;32;ES;1;1;1;1;408.2;500.5;528.3;553;0;3;0;0;0;0;0;0
3076935;2024;NA;NA;;NA;;NA;NA;NA;4314050;Parobé;43;RS;0;0;0;0;NA;NA;NA;NA;1;NA;NA;NA;NA;NA;NA;NA
3429293;2024;15581853;1500800;Ananindeua;15;PA;2;1;1;1500800;Ananindeua;15;PA;1;1;1;1;372;301.7;322.9;483.8;1;1;100;180;120;100;100;600
4041213;2024;NA;NA;;NA;;NA;NA;NA;4307807;Estrela;43;RS;1;1;1;1;388.2;466.4;526.6;590.9;1;4;0;0;0;0;0;0
2908675;2024;NA;NA;;NA;;NA;NA;NA;3304557;Rio de Janeiro;33;RJ;1;1;1;1;453.6;478.9;542.6;618.2;0;1;160;140;140;160;120;720
3464001;2024;NA;NA;;NA;;NA;NA;NA;3517406;Guaíra;35;SP;1;1;1;1;412.2;507.7;475.3;382.4;1;1;100;120;100;80;120;520
2162195;2024;42156378;4202909;Brusque;42;SC;4;1;1;4202909;Brusque;42;SC;0;0;0;0;NA;NA;NA;NA;0;NA;NA;NA;NA;NA;NA;NA
2071877;2024;35150344;3522208;Itapecerica da Serra;35;SP;4;1;1;3522208;Itapecerica da Serra;35;SP;1;1;1;1;447.4;591.2;586.9;538.3;0;1;140;120;100;120;0;480
1461113;2024;13075390;1302603;Manaus;13;AM;2;1;1;1302603;Manaus;13;AM;0;1;1;0;NA;562.9;598.6;NA;0;1;160;200;180;180;180;900
2430195;2024;NA;NA;;NA;;NA;NA;NA;2803005;Itabaianinha;28;SE;0;1;1;0;NA;402.5;421;NA;1;1;100;120;100;120;120;560
668659;2024;35109411;3534401;Osasco;35;SP;4;1;1;3534401;Osasco;35;SP;1;1;1;1;408.1;547.7;518.9;591.4;0;1;180;200;160;160;140;840
3069895;2024;35569409;3552205;Sorocaba;35;SP;4;1;1;3552205;Sorocaba;35;SP;1;1;1;1;592.3;663.2;617.8;786.1;0;1;160;180;160;160;160;820
3466046;2024;51094061;5103403;Cuiabá;51;MT;4;1;1;5103403;Cuiabá;51;MT;1;1;1;1;584.6;566;545;705.1;0;1;140;160;160;160;140;760
1627882;2024;NA;NA;;NA;;NA;NA;NA;1600303;Macapá;16;AP;1;1;1;1;447.4;438;492.8;448.3;1;1;120;120;120;120;20;500
1728891;2024;NA;NA;;NA;;NA;NA;NA;5300108;Brasília;53;DF;1;1;1;1;598.8;564.8;571.4;534;0;1;140;180;160;160;160;800
3174313;2024;NA;NA;;NA;;NA;NA;NA;2207702;Parnaíba;22;PI;1;1;1;1;389.4;461.3;500.8;381.8;1;1;80;120;100;120;100;520
2376940;2024;NA;NA;;NA;;NA;NA;NA;3205200;Vila Velha;32;ES;0;0;0;0;NA;NA;NA;NA;0;NA;NA;NA;NA;NA;NA;NA
1608648;2024;17024951;1718204;Porto Nacional;17;TO;2;1;1;1718204;Porto Nacional;17;TO;0;0;0;0;NA;NA;NA;NA;1;NA;NA;NA;NA;NA;NA;NA
2935044;2024;NA;NA;;NA;;NA;NA;NA;2911709;Guanambi;29;BA;1;1;1;1;536.6;519.9;530.2;458.4;1;1;160;160;160;160;200;840
4192074;2024;NA;NA;;NA;;NA;NA;NA;4316808;Santa Cruz do Sul;43;RS;0;1;1;0;NA;527.4;512.4;NA;0;1;120;120;80;60;100;480
3302220;2024;NA;NA;;NA;;NA;NA;NA;4104006;Campina Grande do Sul;41;PR;1;1;1;1;530.9;537.1;560.9;587.8;0;1;120;160;120;140;180;720
886164;2024;NA;NA;;NA;;NA;NA;NA;2111300;São Luís;21;MA;1;1;1;1;463;522.8;490.7;413.8;1;1;100;120;100;100;120;540
3777034;2024;NA;NA;;NA;;NA;NA;NA;1302603;Manaus;13;AM;1;1;1;1;622.4;612.4;585.1;456.1;1;1;160;180;140;160;80;720
500706;2024;23007648;2307809;Marco;23;CE;2;1;1;2307809;Marco;23;CE;1;1;1;1;497.4;483.3;535.2;514.9;1;1;160;200;160;200;160;880
1481949;2024;35925500;3550308;São Paulo;35;SP;2;1;1;3550308;São Paulo;35;SP;0;0;0;0;NA;NA;NA;NA;1;NA;NA;NA;NA;NA;NA;NA
1847098;2024;NA;NA;;NA;;NA;NA;NA;2302503;Brejo Santo;23;CE;1;1;1;1;630.4;658.4;619.9;495;0;1;140;200;160;140;160;800
2727425;2024;NA;NA;;NA;;NA;NA;NA;3538709;Piracicaba;35;SP;1;1;1;1;519;581;555.9;620.7;0;1;120;140;100;120;160;640
1685096;2024;NA;NA;;NA;;NA;NA;NA;2707701;Rio Largo;27;AL;0;0;0;0;NA;NA;NA;NA;0;NA;NA;NA;NA;NA;NA;NA
3206672;2024;NA;NA;;NA;;NA;NA;NA;3301702;Duque de Caxias;33;RJ;0;0;0;0;NA;NA;NA;NA;0;NA;NA;NA;NA;NA;NA;NA
1100590;2024;15097307;1501956;Cachoeira do Piriá;15;PA;2;1;1;1502202;Capanema;15;PA;1;1;1;1;529;519.6;546.5;417.8;1;1;140;120;160;140;180;740
1785764;2024;NA;NA;;NA;;NA;NA;NA;2611606;Recife;26;PE;0;0;0;0;NA;NA;NA;NA;0;NA;NA;NA;NA;NA;NA;NA
2023802;2024;23277971;2302701;Campos Sales;23;CE;2;2;1;2302701;Campos Sales;23;CE;0;0;0;0;NA;NA;NA;NA;1;NA;NA;NA;NA;NA;NA;NA
193599;2024;NA;NA;;NA;;NA;NA;NA;2611101;Petrolina;26;PE;1;1;1;1;361.9;414;374.3;468;0;1;120;120;80;120;100;540
2556716;2024;NA;NA;;NA;;NA;NA;NA;3302403;Macaé;33;RJ;1;1;1;1;444.6;590.3;535;576.4;0;1;120;160;100;100;140;620
3205006;2024;35033522;3515657;Fernão;35;SP;2;1;1;3516705;Garça;35;SP;1;1;1;1;545.5;542;544.7;451.4;0;1;80;120;120;120;120;560
199746;2024;13059696;1301902;Itacoatiara;13;AM;2;1;1;1301902;Itacoatiara;13;AM;1;1;1;1;446.8;537;431.6;429.7;0;1;120;120;100;120;80;540
3818343;2024;NA;NA;;NA;;NA;NA;NA;5300108;Brasília;53;DF;0;0;0;0;NA;NA;NA;NA;0;NA;NA;NA;NA;NA;NA;NA
448150;2024;NA;NA;;NA;;NA;NA;NA;2202000;Buriti dos Lopes;22;PI;1;1;1;1;409.6;405.6;466.3;432;1;1;120;180;120;120;160;700
1268692;2024;31323748;3162906;São João Nepomuceno;31;MG;4;1;1;3162906;São João Nepomuceno;31;MG;1;1;1;1;601.5;635.6;590.3;777.3;0;1;160;180;200;180;200;920
2697413;2024;NA;NA;;NA;;NA;NA;NA;5300108;Brasília;53;DF;0;0;0;0;NA;NA;NA;NA;0;NA;NA;NA;NA;NA;NA;NA
1111253;2024;32041411;3205309;Vitória;32;ES;4;1;1;3205309;Vitória;32;ES;1;1;1;1;533.5;665.5;617.3;734.4;0;1;160;200;160;200;180;900
1520514;2024;NA;NA;;NA;;NA;NA;NA;3143302;Montes Claros;31;MG;1;1;1;1;586.1;624.6;562.8;614;0;1;160;200;180;200;200;940
2635403;2024;NA;NA;;NA;;NA;NA;NA;2800308;Aracaju;28;SE;1;1;1;1;533.4;513.5;541;495;0;1;100;180;100;120;0;500
1222308;2024;NA;NA;;NA;;NA;NA;NA;3550308;São Paulo;35;SP;1;1;1;1;426.7;560.7;583.5;616.5;1;1;120;160;120;140;120;660
1431694;2024;NA;NA;;NA;;NA;NA;NA;5204508;Caldas Novas;52;GO;0;1;1;0;NA;350.9;444.4;NA;0;1;100;180;120;160;120;680
2134752;2024;29415969;2906501;Candeias;29;BA;2;1;1;2906501;Candeias;29;BA;1;1;1;1;399.4;532.4;544.4;429.6;0;1;120;140;120;120;120;620
1464787;2024;35113724;3538709;Piracicaba;35;SP;4;1;1;3538709;Piracicaba;35;SP;1;1;1;1;624.9;547.5;599.6;699.7;0;1;120;160;140;160;200;780
2373964;2024;NA;NA;;NA;;NA;NA;NA;1501501;Benevides;15;PA;0;0;0;0;NA;NA;NA;NA;1;NA;NA;NA;NA;NA;NA;NA
2792697;2024;25096850;2507507;João Pessoa;25;PB;1;1;1;2507507;João Pessoa;25;PB;1;1;1;1;561;641.1;485.8;636.5;1;1;160;200;180;200;200;940
1661518;2024;23064510;2304285;Eusébio;23;CE;2;1;1;2304285;Eusébio;23;CE;1;1;1;1;450.6;359.6;459.1;543.7;0;1;120;120;100;120;80;540
503343;2024;NA;NA;;NA;;NA;NA;NA;1500800;Ananindeua;15;PA;1;1;1;1;485.4;459.4;490.9;396.4;0;1;140;140;160;160;100;700
1312559;2024;NA;NA;;NA;;NA;NA;NA;3306008;Três Rios;33;RJ;0;1;1;0;NA;535;496.4;NA;0;1;120;120;120;120;100;580
3124907;2024;NA;NA;;NA;;NA;NA;NA;5300108;Brasília;53;DF;1;1;1;1;462.5;555.9;509.6;410.6;1;1;120;120;120;100;80;540
701795;2024;31000311;3106200;Belo Horizonte;31;MG;2;1;1;3106200;Belo Horizonte;31;MG;1;1;1;1;520.1;566.2;577.2;491.7;0;1;180;200;160;180;200;920
262977;2024;NA;NA;;NA;;NA;NA;NA;2611101;Petrolina;26;PE;1;1;1;1;388;483.6;509.9;532.4;0;1;120;160;120;120;160;680
1988485;2024;NA;NA;;NA;;NA;NA;NA;3513009;Cotia;35;SP;1;1;1;1;466.2;468;490.8;430;1;1;100;80;40;100;40;360
1856003;2024;NA;NA;;NA;;NA;NA;NA;3106200;Belo Horizonte;31;MG;0;0;0;0;NA;NA;NA;NA;1;NA;NA;NA;NA;NA;NA;NA
3511454;2024;NA;NA;;NA;;NA;NA;NA;1400159;Bonfim;14;RR;0;0;0;0;NA;NA;NA;NA;1;NA;NA;NA;NA;NA;NA;NA
3525455;2024;NA;NA;;NA;;NA;NA;NA;3550308;São Paulo;35;SP;1;1;1;1;647.4;684.6;636.9;711.7;0;1;120;160;140;160;180;760
2240712;2024;NA;NA;;NA;;NA;NA;NA;2507507;João Pessoa;25;PB;1;1;1;1;402.1;474;480.1;373.2;1;1;60;120;60;80;20;340
3666275;2024;52049884;5217302;Pirenópolis;52;GO;2;1;1;5217302;Pirenópolis;52;GO;0;0;0;0;NA;NA;NA;NA;1;NA;NA;NA;NA;NA;NA;NA
1877706;2024;NA;NA;;NA;;NA;NA;NA;2304251;Cruz;23;CE;1;1;1;1;430.7;488.9;558;522.4;1;1;140;100;80;120;20;460
2987037;2024;NA;NA;;NA;;NA;NA;NA;3143302;Montes Claros;31;MG;1;1;1;1;616;584.7;586.7;464.7;0;1;100;120;100;140;200;660
3252691;2024;NA;NA;;NA;;NA;NA;NA;2111300;São Luís;21;MA;0;0;0;0;NA;NA;NA;NA;1;NA;NA;NA;NA;NA;NA;NA
3473447;2024;NA;NA;;NA;;NA;NA;NA;5300108;Brasília;53;DF;0;0;0;0;NA;NA;NA;NA;0;NA;NA;NA;NA;NA;NA;NA
1640695;2024;23164050;2307106;Jardim;23;CE;2;1;1;2307106;Jardim;23;CE;0;0;0;0;NA;NA;NA;NA;1;NA;NA;NA;NA;NA;NA;NA
2023108;2024;42008174;4217006;São Ludgero;42;SC;2;1;1;4202800;Braço do Norte;42;SC;0;0;0;0;NA;NA;NA;NA;1;NA;NA;NA;NA;NA;NA;NA
2567567;2024;50033212;5005707;Naviraí;50;MS;1;1;1;5005707;Naviraí;50;MS;1;1;1;1;576;623.6;612.5;753.5;0;1;160;200;160;180;200;900
3982282;2024;NA;NA;;NA;;NA;NA;NA;4323002;Viamão;43;RS;1;1;1;1;398.9;450.5;469.7;479.3;1;1;100;40;60;80;20;300
2520224;2024;NA;NA;;NA;;NA;NA;NA;3529005;Marília;35;SP;1;1;1;1;540;650;603.3;645.5;0;1;120;160;120;120;120;640
3719467;2024;NA;NA;;NA;;NA;NA;NA;2304400;Fortaleza;23;CE;0;0;0;0;NA;NA;NA;NA;0;NA;NA;NA;NA;NA;NA;NA
1986428;2024;NA;NA;;NA;;NA;NA;NA;1302603;Manaus;13;AM;1;1;1;1;496.2;408.9;483.2;420;1;3;0;0;0;0;0;0
1857363;2024;31115398;3147907;Passos;31;MG;2;1;1;3147907;Passos;31;MG;1;1;1;1;413.6;494.8;526;391.1;1;1;140;160;140;140;180;760
1440659;2024;NA;NA;;NA;;NA;NA;NA;2503209;Cabedelo;25;PB;1;1;1;1;575.9;589.9;614.6;644.2;0;1;160;180;160;200;200;900
4019282;2024;NA;NA;;NA;;NA;NA;NA;4314902;Porto Alegre;43;RS;0;0;0;0;NA;NA;NA;NA;1;NA;NA;NA;NA;NA;NA;NA
2998603;2024;NA;NA;;NA;;NA;NA;NA;2408102;Natal;24;RN;0;0;0;0;NA;NA;NA;NA;1;NA;NA;NA;NA;NA;NA;NA
1376550;2024;NA;NA;;NA;;NA;NA;NA;2928406;Santa Rita de Cássia;29;BA;1;1;1;1;660.1;579.3;588.5;661;1;1;120;160;120;160;200;760
4000114;2024;NA;NA;;NA;;NA;NA;NA;5103403;Cuiabá;51;MT;1;1;1;1;437.3;391.3;455.3;463.9;1;1;120;120;120;80;100;540
1318822;2024;NA;NA;;NA;;NA;NA;NA;4305108;Caxias do Sul;43;RS;0;0;0;0;NA;NA;NA;NA;0;NA;NA;NA;NA;NA;NA;NA
3691384;2024;NA;NA;;NA;;NA;NA;NA;3170107;Uberaba;31;MG;0;0;0;0;NA;NA;NA;NA;1;NA;NA;NA;NA;NA;NA;NA
1922390;2024;NA;NA;;NA;;NA;NA;NA;3505906;Batatais;35;SP;1;1;1;1;520.5;593.8;565;595.1;0;1;120;120;120;120;200;680
1437531;2024;NA;NA;;NA;;NA;NA;NA;3301900;Itaboraí;33;RJ;0;1;1;0;NA;502.4;553;NA;0;1;80;120;80;80;100;460
2798567;2024;35009573;3548807;São Caetano do Sul;35;SP;2;1;1;3548807;São Caetano do Sul;35;SP;1;1;1;1;452.3;446;546.3;404;0;1;100;140;100;100;20;460
1290257;2024;NA;NA;;NA;;NA;NA;NA;3139409;Manhuaçu;31;MG;1;1;1;1;608.5;632.9;606;693.5;0;1;160;200;200;200;200;960
440103;2024;23165430;2307304;Juazeiro do Norte;23;CE;2;1;1;2307304;Juazeiro do Norte;23;CE;1;1;1;1;490.4;528.3;543.3;562.4;1;1;140;180;120;160;180;780
2321480;2024;43008445;4319901;Sapiranga;43;RS;1;1;1;4319901;Sapiranga;43;RS;1;1;1;1;561.1;580.2;567.3;675.2;0;1;160;180;160;180;200;880
1085870;2024;NA;NA;;NA;;NA;NA;NA;4105805;Colombo;41;PR;0;0;0;0;NA;NA;NA;NA;1;NA;NA;NA;NA;NA;NA;NA
3280298;2024;NA;NA;;NA;;NA;NA;NA;2211001;Teresina;22;PI;1;1;1;1;452.4;578.3;597.3;483.9;0;1;120;120;100;140;100;580
1730472;2024;NA;NA;;NA;;NA;NA;NA;2504009;Campina Grande;25;PB;1;1;1;1;749.6;708.5;670.6;884.8;0;1;160;180;200;200;180;920
3520358;2024;31002348;3106200;Belo Horizonte;31;MG;2;1;1;3106200;Belo Horizonte;31;MG;1;1;1;1;413.7;455.6;467.8;429.1;1;1;100;140;120;120;60;540
756642;2024;NA;NA;;NA;;NA;NA;NA;3106200;Belo Horizonte;31;MG;1;1;1;1;481.7;542;535.8;465;1;1;140;140;140;140;140;700
594640;2024;27035840;2704302;Maceió;27;AL;2;1;1;2704302;Maceió;27;AL;1;1;1;1;417.3;403.4;465.5;398;0;1;120;40;40;100;20;320
4330777;2024;NA;NA;;NA;;NA;NA;NA;4315602;Rio Grande;43;RS;0;0;0;0;NA;NA;NA;NA;1;NA;NA;NA;NA;NA;NA;NA
3074940;2024;NA;NA;;NA;;NA;NA;NA;3151503;Piumhi;31;MG;1;1;1;1;561.9;577.5;577.7;634.6;0;1;100;120;120;100;120;560
4330967;2024;NA;NA;;NA;;NA;NA;NA;4318705;São Leopoldo;43;RS;0;0;0;0;NA;NA;NA;NA;0;NA;NA;NA;NA;NA;NA;NA
3710122;2024;NA;NA;;NA;;NA;NA;NA;2927408;Salvador;29;BA;1;1;1;1;525.4;511.9;572.6;419.9;0;1;160;160;160;200;140;820
2592496;2024;35922511;3524303;Jaboticabal;35;SP;2;1;1;3524303;Jaboticabal;35;SP;1;1;1;1;530.2;584.4;558.3;547;0;1;120;200;160;160;200;840
1027037;2024;21207895;2112209;Timon;21;MA;2;1;1;2112209;Timon;21;MA;1;1;1;1;391.7;431.7;483.6;449.8;1;1;160;200;160;200;200;920
2960078;2024;NA;NA;;NA;;NA;NA;NA;4104006;Campina Grande do Sul;41;PR;0;0;0;0;NA;NA;NA;NA;0;NA;NA;NA;NA;NA;NA;NA
1810124;2024;NA;NA;;NA;;NA;NA;NA;2208403;Piripiri;22;PI;0;0;0;0;NA;NA;NA;NA;1;NA;NA;NA;NA;NA;NA;NA
2114550;2024;NA;NA;;NA;;NA;NA;NA;5200258;Águas Lindas de Goiás;52;GO;1;1;1;1;411;407.9;550.2;516.9;1;1;120;140;120;100;60;540
1239004;2024;NA;NA;;NA;;NA;NA;NA;3106200;Belo Horizonte;31;MG;1;1;1;1;544.3;531.3;586.9;590.9;1;1;120;120;100;100;40;480
2093116;2024;NA;NA;;NA;;NA;NA;NA;4315602;Rio Grande;43;RS;0;0;0;0;NA;NA;NA;NA;1;NA;NA;NA;NA;NA;NA;NA
676136;2024;NA;NA;;NA;;NA;NA;NA;2207702;Parnaíba;22;PI;1;1;1;1;405.1;449.1;546.3;454.2;1;1;120;160;120;140;80;620
3209359;2024;NA;NA;;NA;;NA;NA;NA;3139409;Manhuaçu;31;MG;0;1;1;0;NA;478.4;538.2;NA;1;1;120;160;120;140;140;680
968211;2024;31357081;3131307;Ipatinga;31;MG;4;1;1;3131307;Ipatinga;31;MG;1;1;1;1;554.2;599.2;599.6;561;0;1;120;140;140;180;180;760
1138492;2024;NA;NA;;NA;;NA;NA;NA;4106902;Curitiba;41;PR;1;1;1;1;510.9;535.3;592.8;719.5;0;1;140;120;140;120;100;620
4231252;2024;NA;NA;;NA;;NA;NA;NA;1200401;Rio Branco;12;AC;1;1;1;1;448.5;484.1;460.3;402;0;1;140;120;60;80;20;420
553363;2024;35014308;3508504;Caçapava;35;SP;2;1;1;3508504;Caçapava;35;SP;1;1;1;1;525.9;569.6;553.1;645.1;0;1;160;160;160;160;180;820
3603288;2024;22011145;2208502;Porto;22;PI;2;1;1;2201200;Barras;22;PI;0;0;0;0;NA;NA;NA;NA;1;NA;NA;NA;NA;NA;NA;NA
3995091;2024;NA;NA;;NA;;NA;NA;NA;2408102;Natal;24;RN;1;1;1;1;417.4;350.3;310.4;455.4;0;3;0;0;0;0;0;0
2771498;2024;NA;NA;;NA;;NA;NA;NA;3142908;Monte Azul;31;MG;1;1;1;1;416.6;404.3;382.2;405.4;1;1;120;140;120;120;100;600
3895895;2024;NA;NA;;NA;;NA;NA;NA;2507507;João Pessoa;25;PB;0;0;0;0;NA;NA;NA;NA;0;NA;NA;NA;NA;NA;NA;NA
3690055;2024;NA;NA;;NA;;NA;NA;NA;1302603;Manaus;13;AM;0;0;0;0;NA;NA;NA;NA;0;NA;NA;NA;NA;NA;NA;NA
2665766;2024;NA;NA;;NA;;NA;NA;NA;2611606;Recife;26;PE;0;0;0;0;NA;NA;NA;NA;1;NA;NA;NA;NA;NA;NA;NA
258603;2024;13031040;1302603;Manaus;13;AM;2;1;1;1302603;Manaus;13;AM;1;1;1;1;452.7;507.3;522.7;432.5;0;1;140;160;120;160;120;700
1461997;2024;NA;NA;;NA;;NA;NA;NA;2608909;Limoeiro;26;PE;1;1;1;1;540;467.6;537.2;382.6;0;1;100;120;100;80;60;460
172228;2024;NA;NA;;NA;;NA;NA;NA;3550308;São Paulo;35;SP;1;1;1;1;439.1;615.7;584.4;539.2;0;1;80;180;100;120;140;620
556269;2024;23075864;2304400;Fortaleza;23;CE;2;1;1;2304400;Fortaleza;23;CE;1;1;1;1;423.9;441.7;559.9;612.8;0;1;160;180;180;180;160;860
1105910;2024;NA;NA;;NA;;NA;NA;NA;2800308;Aracaju;28;SE;1;1;1;1;561.5;585.5;580;689.3;0;1;160;160;120;200;200;840
648216;2024;NA;NA;;NA;;NA;NA;NA;3155603;Rio Pardo de Minas;31;MG;0;0;0;0;NA;NA;NA;NA;1;NA;NA;NA;NA;NA;NA;NA
3988566;2024;NA;NA;;NA;;NA;NA;NA;5107065;Querência;51;MT;0;0;0;0;NA;NA;NA;NA;0;NA;NA;NA;NA;NA;NA;NA
1304633;2024;NA;NA;;NA;;NA;NA;NA;2609907;Ouricuri;26;PE;0;0;0;0;NA;NA;NA;NA;0;NA;NA;NA;NA;NA;NA;NA
1388777;2024;NA;NA;;NA;;NA;NA;NA;2918407;Juazeiro;29;BA;0;0;0;0;NA;NA;NA;NA;1;NA;NA;NA;NA;NA;NA;NA
1242905;2024;31172600;3123601;Elói Mendes;31;MG;2;1;1;3170701;Varginha;31;MG;1;1;1;1;424.8;383.3;464.6;424.7;1;1;120;160;120;120;80;600
3608640;2024;NA;NA;;NA;;NA;NA;NA;3538709;Piracicaba;35;SP;1;1;1;1;511.4;532.8;520.1;661;0;1;120;180;120;100;100;620
2822508;2024;NA;NA;;NA;;NA;NA;NA;2109908;Santa Inês;21;MA;1;1;1;1;459.5;396.2;411.9;446.7;1;1;100;100;100;120;60;480
467113;2024;50010026;5008008;Terenos;50;MS;2;1;1;5002704;Campo Grande;50;MS;1;1;1;1;454.4;376.8;463.7;412.2;1;1;120;180;120;180;160;760
3046287;2024;NA;NA;;NA;;NA;NA;NA;2302404;Boa Viagem;23;CE;1;1;1;1;564.4;606.1;618.3;631.9;0;1;140;160;140;120;100;660
3231598;2024;51045150;5102504;Cáceres;51;MT;4;1;1;5102504;Cáceres;51;MT;1;1;1;1;539.5;579.4;568.7;618;0;1;140;180;120;160;200;800
120226;2024;23047860;2302800;Canindé;23;CE;2;1;1;2302800;Canindé;23;CE;1;1;1;1;643.7;738.7;696.5;796.2;0;1;180;200;160;200;200;940
668045;2024;21057338;2102705;Cantanhede;21;MA;2;1;1;2105401;Itapecuru Mirim;21;MA;1;1;1;1;382.2;383.2;355.9;468.8;1;1;120;120;80;120;60;500
2845759;2024;NA;NA;;NA;;NA;NA;NA;2704302;Maceió;27;AL;1;1;1;1;686;693.8;633.6;853.5;0;1;160;200;180;200;200;940
1008420;2024;NA;NA;;NA;;NA;NA;NA;2917706;Jaguarari;29;BA;1;1;1;1;378.6;491.8;427.8;407;0;1;120;180;120;120;120;660
2932163;2024;NA;NA;;NA;;NA;NA;NA;3548500;Santos;35;SP;1;1;1;1;509.2;564.2;568.9;673.9;0;1;140;200;120;180;180;820
1918166;2024;NA;NA;;NA;;NA;NA;NA;2600054;Abreu e Lima;26;PE;0;0;0;0;NA;NA;NA;NA;1;NA;NA;NA;NA;NA;NA;NA
3768734;2024;NA;NA;;NA;;NA;NA;NA;5102504;Cáceres;51;MT;0;0;0;0;NA;NA;NA;NA;1;NA;NA;NA;NA;NA;NA;NA
1799651;2024;NA;NA;;NA;;NA;NA;NA;3136702;Juiz de Fora;31;MG;1;1;1;1;550.3;589.7;597.4;594.7;0;1;120;120;120;120;80;560
2054257;2024;NA;NA;;NA;;NA;NA;NA;3118601;Contagem;31;MG;0;0;0;0;NA;NA;NA;NA;1;NA;NA;NA;NA;NA;NA;NA
1422858;2024;NA;NA;;NA;;NA;NA;NA;2611606;Recife;26;PE;1;1;1;1;467.9;364.3;515.8;403.7;0;1;120;120;120;120;0;480
2901086;2024;NA;NA;;NA;;NA;NA;NA;2512101;Pombal;25;PB;1;1;1;1;539.8;535.4;593.1;431.4;0;1;120;180;120;120;160;700
218063;2024;12004197;1200302;Feijó;12;AC;2;1;1;1200302;Feijó;12;AC;1;1;1;1;398.6;426.3;469.9;412.7;1;1;100;140;120;100;180;640
2453241;2024;52063887;5220603;Silvânia;52;GO;4;1;1;5220603;Silvânia;52;GO;1;1;1;1;482.1;502.3;475.6;575;0;1;120;180;120;160;160;740
845745;2024;NA;NA;;NA;;NA;NA;NA;2600054;Abreu e Lima;26;PE;0;0;0;0;NA;NA;NA;NA;1;NA;NA;NA;NA;NA;NA;NA
3974203;2024;NA;NA;;NA;;NA;NA;NA;2914505;Irará;29;BA;0;0;0;0;NA;NA;NA;NA;0;NA;NA;NA;NA;NA;NA;NA
4078642;2024;NA;NA;;NA;;NA;NA;NA;3525706;José Bonifácio;35;SP;1;1;1;1;501.7;561.7;586.1;413.7;1;1;80;40;40;80;40;280
3982034;2024;NA;NA;;NA;;NA;NA;NA;2801306;Capela;28;SE;0;0;0;0;NA;NA;NA;NA;1;NA;NA;NA;NA;NA;NA;NA
3906683;2024;NA;NA;;NA;;NA;NA;NA;4316907;Santa Maria;43;RS;1;1;1;1;534.7;647;620.7;494;0;1;160;180;140;180;200;860
3892171;2024;NA;NA;;NA;;NA;NA;NA;2910800;Feira de Santana;29;BA;1;1;1;1;454.3;570.3;542.3;384.5;0;1;100;120;120;120;100;560
2566336;2024;NA;NA;;NA;;NA;NA;NA;2111300;São Luís;21;MA;0;0;0;0;NA;NA;NA;NA;0;NA;NA;NA;NA;NA;NA;NA
1543280;2024;52068749;5208707;Goiânia;52;GO;2;1;1;5208707;Goiânia;52;GO;1;1;1;1;594.8;584.9;555.5;615.9;0;1;140;180;120;140;180;760
4217313;2024;NA;NA;;NA;;NA;NA;NA;4307906;Farroupilha;43;RS;0;1;1;0;NA;409;513.8;NA;1;1;100;120;100;100;60;480
149307;2024;NA;NA;;NA;;NA;NA;NA;3301009;Campos dos Goytacazes;33;RJ;0;0;0;0;NA;NA;NA;NA;1;NA;NA;NA;NA;NA;NA;NA
3429201;2024;NA;NA;;NA;;NA;NA;NA;3111200;Campo Belo;31;MG;1;1;1;1;491.5;473.2;492.7;395.2;0;1;120;140;120;120;120;620
4065701;2024;NA;NA;;NA;;NA;NA;NA;4314902;Porto Alegre;43;RS;0;0;0;0;NA;NA;NA;NA;1;NA;NA;NA;NA;NA;NA;NA
1954867;2024;21090262;2105427;Itinga do Maranhão;21;MA;2;1;1;2105427;Itinga do Maranhão;21;MA;1;1;1;1;434.6;333.3;406.8;433.7;0;1;80;40;40;80;0;240
3735451;2024;NA;NA;;NA;;NA;NA;NA;1507201;São Domingos do Capim;15;PA;1;1;1;1;412.8;525.5;572;464;1;1;80;160;120;80;0;440
346942;2024;NA;NA;;NA;;NA;NA;NA;3143302;Montes Claros;31;MG;0;0;0;0;NA;NA;NA;NA;0;NA;NA;NA;NA;NA;NA;NA
1512956;2024;NA;NA;;NA;;NA;NA;NA;3304557;Rio de Janeiro;33;RJ;1;1;1;1;462.2;507.4;511.9;533.2;0;1;100;120;100;120;120;560
2833323;2024;33017000;3300951;Comendador Levy Gasparian;33;RJ;2;1;1;3306008;Três Rios;33;RJ;0;0;0;0;NA;NA;NA;NA;0;NA;NA;NA;NA;NA;NA;NA
1007744;2024;33042519;3305802;Teresópolis;33;RJ;2;1;1;3305802;Teresópolis;33;RJ;0;0;0;0;NA;NA;NA;NA;0;NA;NA;NA;NA;NA;NA;NA
3487159;2024;41024206;4115200;Maringá;41;PR;2;1;1;4115200;Maringá;41;PR;0;0;0;0;NA;NA;NA;NA;1;NA;NA;NA;NA;NA;NA;NA
3325504;2024;NA;NA;;NA;;NA;NA;NA;4106902;Curitiba;41;PR;1;1;1;1;623.2;569.4;566.9;815.8;0;1;160;200;140;140;180;820
927729;2024;29275474;2925006;Planalto;29;BA;2;1;1;2933307;Vitória da Conquista;29;BA;1;1;1;1;417.5;529.3;539.9;433.2;1;1;120;120;120;80;120;560
2304013;2024;NA;NA;;NA;;NA;NA;NA;3306008;Três Rios;33;RJ;1;1;1;1;558.3;458.4;510.8;433.4;0;1;140;180;140;180;160;800
2434966;2024;35462342;3519071;Hortolândia;35;SP;2;1;1;3519071;Hortolândia;35;SP;0;0;0;0;NA;NA;NA;NA;1;NA;NA;NA;NA;NA;NA;NA
257880;2024;35046292;3550308;São Paulo;35;SP;2;1;1;3550308;São Paulo;35;SP;1;1;1;1;460.8;581.3;570.4;494.3;0;1;120;180;120;140;120;680
603;2024;NA;NA;;NA;;NA;NA;NA;2806701;São Cristóvão;28;SE;1;1;1;1;422.5;506.2;543.4;445.6;0;1;140;180;140;140;140;740
1937077;2024;42001080;4205407;Florianópolis;42;SC;2;1;1;4205407;Florianópolis;42;SC;1;1;1;1;586.7;581;608;569.4;0;1;160;180;120;160;120;740
841745;2024;15043789;1501501;Benevides;15;PA;2;1;1;1501501;Benevides;15;PA;1;1;1;1;421.3;349.5;451.5;479.2;0;6;0;0;0;0;0;0
2234903;2024;NA;NA;;NA;;NA;NA;NA;3303609;Paracambi;33;RJ;1;1;1;1;527.1;564.9;573.9;642.1;1;1;120;120;140;140;200;720
347063;2024;NA;NA;;NA;;NA;NA;NA;3518800;Guarulhos;35;SP;0;0;0;0;NA;NA;NA;NA;0;NA;NA;NA;NA;NA;NA;NA
810441;2024;NA;NA;;NA;;NA;NA;NA;4203600;Campos Novos;42;SC;1;1;1;1;572.3;613.8;565.6;548.3;0;1;100;120;120;120;0;460
1671146;2024;NA;NA;;NA;;NA;NA;NA;2929503;São Sebastião do Passé;29;BA;1;1;1;1;404.9;531.8;493.8;386.8;0;1;160;180;160;140;140;780
3931816;2024;NA;NA;;NA;;NA;NA;NA;3137601;Lagoa Santa;31;MG;1;1;1;1;572.8;622.4;616.2;634.3;0;1;160;200;160;200;200;920
3095181;2024;NA;NA;;NA;;NA;NA;NA;2304400;Fortaleza;23;CE;1;1;1;1;414.5;541.8;570.3;406.4;1;1;120;160;120;120;160;680
2482749;2024;NA;NA;;NA;;NA;NA;NA;2607901;Jaboatão dos Guararapes;26;PE;1;1;1;1;573.9;628.7;605.8;675.9;1;1;120;120;120;120;120;600
483852;2024;NA;NA;;NA;;NA;NA;NA;2109908;Santa Inês;21;MA;1;1;1;1;371.7;441.3;523.2;459.6;0;1;100;120;80;80;80;460
611126;2024;NA;NA;;NA;;NA;NA;NA;3507506;Botucatu;35;SP;1;1;1;1;430.8;426;522.9;594.3;0;1;140;160;140;160;140;740
3168934;2024;41033515;4122404;Rolândia;41;PR;4;1;1;4122404;Rolândia;41;PR;1;1;1;1;569.1;567.5;534.4;464.9;1;1;100;120;100;120;160;600
1350174;2024;NA;NA;;NA;;NA;NA;NA;3300100;Angra dos Reis;33;RJ;1;1;1;1;454.1;543.5;543.9;542.6;0;1;120;180;120;120;120;660
3152245;2024;NA;NA;;NA;;NA;NA;NA;2919207;Lauro de Freitas;29;BA;1;1;1;1;570.8;524.3;564.5;565.4;0;1;160;160;140;100;180;740
1659333;2024;15034763;1500800;Ananindeua;15;PA;2;1;1;1500800;Ananindeua;15;PA;1;1;1;1;424.6;531.6;557.8;505.7;1;1;160;160;120;140;120;700
3255343;2024;NA;NA;;NA;;NA;NA;NA;3552205;Sorocaba;35;SP;1;1;1;1;525.3;510.6;519.8;552.2;0;1;140;180;120;160;120;720
3562868;2024;NA;NA;;NA;;NA;NA;NA;3530805;Mogi Mirim;35;SP;1;1;1;1;552.6;534.2;531.8;664.2;0;1;120;160;120;140;160;700
1901278;2024;NA;NA;;NA;;NA;NA;NA;2304400;Fortaleza;23;CE;1;1;1;1;650.3;710.2;639.4;884.4;0;1;160;200;200;200;200;960
3630263;2024;31199214;3148103;Patrocínio;31;MG;2;1;1;3148103;Patrocínio;31;MG;0;0;0;0;NA;NA;NA;NA;1;NA;NA;NA;NA;NA;NA;NA
2927031;2024;NA;NA;;NA;;NA;NA;NA;2602100;Bom Conselho;26;PE;0;0;0;0;NA;NA;NA;NA;0;NA;NA;NA;NA;NA;NA;NA
2890435;2024;NA;NA;;NA;;NA;NA;NA;2111300;São Luís;21;MA;1;1;1;1;455;479.9;492.2;445.9;0;1;160;180;160;200;180;880
3101963;2024;29284104;2919702;Macarani;29;BA;2;1;1;2916401;Itapetinga;29;BA;1;1;1;1;406.4;437.2;503.5;401.2;1;6;0;0;0;0;0;0
1778998;2024;NA;NA;;NA;;NA;NA;NA;4304606;Canoas;43;RS;0;0;0;0;NA;NA;NA;NA;0;NA;NA;NA;NA;NA;NA;NA
632437;2024;15583058;1500602;Altamira;15;PA;2;1;1;1500602;Altamira;15;PA;1;1;1;1;394.5;417;406.3;463;0;1;120;120;100;100;120;560
4217353;2024;NA;NA;;NA;;NA;NA;NA;3143302;Montes Claros;31;MG;0;0;0;0;NA;NA;NA;NA;0;NA;NA;NA;NA;NA;NA;NA
820634;2024;NA;NA;;NA;;NA;NA;NA;2905701;Camaçari;29;BA;1;1;1;1;752.4;719.3;650.3;886.9;0;1;160;200;200;180;200;940
1203103;2024;17026270;1721000;Palmas;17;TO;2;1;1;1721000;Palmas;17;TO;1;1;1;1;464;440.1;464.2;399.3;1;1;80;120;120;120;60;500
905648;2024;NA;NA;;NA;;NA;NA;NA;3106200;Belo Horizonte;31;MG;1;1;1;1;389.6;439.7;489.7;374.9;1;1;100;120;80;100;60;460
1056804;2024;NA;NA;;NA;;NA;NA;NA;2414407;Touros;24;RN;1;1;1;1;372.7;463.7;520.9;378.1;1;1;100;120;80;100;80;480
3113240;2024;29267480;2902906;Barra do Choça;29;BA;2;1;1;2902906;Barra do Choça;29;BA;0;0;0;0;NA;NA;NA;NA;0;NA;NA;NA;NA;NA;NA;NA
3176627;2024;26190494;2609600;Olinda;26;PE;4;1;1;2609600;Olinda;26;PE;1;1;1;1;560.3;641.5;565.1;689.8;0;1;160;200;180;200;200;940
930418;2024;NA;NA;;NA;;NA;NA;NA;2910800;Feira de Santana;29;BA;1;1;1;1;615;667.3;651.5;666;0;1;160;200;180;200;200;940
2975358;2024;NA;NA;;NA;;NA;NA;NA;3305109;São João de Meriti;33;RJ;1;1;1;1;386.6;555.3;561.6;383.6;0;1;120;200;120;120;80;640
2265604;2024;NA;NA;;NA;;NA;NA;NA;2905701;Camaçari;29;BA;1;1;1;1;468.2;550.8;546.4;658.9;0;1;100;160;120;120;60;560
2698758;2024;35035154;3551801;Sete Barras;35;SP;2;1;1;3542602;Registro;35;SP;0;0;0;0;NA;NA;NA;NA;0;NA;NA;NA;NA;NA;NA;NA
1497379;2024;NA;NA;;NA;;NA;NA;NA;2111201;São José de Ribamar;21;MA;1;1;1;1;615.6;647.4;634.8;751.9;0;1;160;200;180;200;180;920
1386313;2024;60014847;3302205;Itaperuna;33;RJ;4;1;1;3302205;Itaperuna;33;RJ;1;1;1;1;431.6;476.9;546.9;406.4;0;1;120;140;120;120;80;580
9560;2024;43125514;4317103;Sant'Ana do Livramento;43;RS;4;1;1;4317103;Sant'Ana do Livramento;43;RS;1;1;1;1;493.2;540.6;595.4;607;1;1;140;160;120;160;200;780
3942874;2024;NA;NA;;NA;;NA;NA;NA;1600303;Macapá;16;AP;0;0;0;0;NA;NA;NA;NA;1;NA;NA;NA;NA;NA;NA;NA
2026009;2024;NA;NA;;NA;;NA;NA;NA;2111300;São Luís;21;MA;1;1;1;1;574.1;633.7;452.5;741.4;1;1;160;200;140;180;200;880
4180623;2024;33038040;3301801;Engenheiro Paulo de Frontin;33;RJ;2;1;1;3306206;Vassouras;33;RJ;0;0;0;0;NA;NA;NA;NA;0;NA;NA;NA;NA;NA;NA;NA
785979;2024;42020395;4209102;Joinville;42;SC;2;1;1;4209102;Joinville;42;SC;1;1;1;1;520.5;463.6;508.3;437.6;1;1;120;160;120;120;100;620
2615508;2024;NA;NA;;NA;;NA;NA;NA;3529401;Mauá;35;SP;0;0;0;0;NA;NA;NA;NA;0;NA;NA;NA;NA;NA;NA;NA
3690500;2024;NA;NA;;NA;;NA;NA;NA;3201308;Cariacica;32;ES;0;0;0;0;NA;NA;NA;NA;1;NA;NA;NA;NA;NA;NA;NA
2019362;2024;NA;NA;;NA;;NA;NA;NA;3304557;Rio de Janeiro;33;RJ;1;1;1;1;552.3;408.5;580.2;598.4;0;1;160;200;180;180;180;900
3451046;2024;NA;NA;;NA;;NA;NA;NA;2906873;Capim Grosso;29;BA;1;1;1;1;375.4;439.6;455.9;429.8;0;1;100;140;120;100;140;600
2124632;2024;11028424;1100098;Espigão D'Oeste;11;RO;2;1;1;1100098;Espigão D'Oeste;11;RO;1;1;1;1;598.7;616.1;588.3;726.2;0;1;160;120;140;140;120;680
4008095;2024;NA;NA;;NA;;NA;NA;NA;2903201;Barreiras;29;BA;1;1;1;1;509.6;578.7;510.8;466.1;1;1;120;120;120;120;80;560
3402105;2024;NA;NA;;NA;;NA;NA;NA;3113404;Caratinga;31;MG;0;1;1;0;NA;623.6;588.8;NA;0;1;120;200;120;140;140;720
1799377;2024;NA;NA;;NA;;NA;NA;NA;1501402;Belém;15;PA;1;1;1;1;688.3;667.8;633.9;817.4;0;1;160;200;180;200;200;940
2408014;2024;52058557;5204508;Caldas Novas;52;GO;2;1;1;5204508;Caldas Novas;52;GO;1;1;1;1;362.7;469.5;474.3;431.6;1;1;60;80;60;80;120;400
1363980;2024;21162611;2112209;Timon;21;MA;2;1;1;2112209;Timon;21;MA;1;1;1;1;544;594.3;598;575.6;1;1;160;200;140;160;200;860
1461693;2024;NA;NA;;NA;;NA;NA;NA;2304103;Crateús;23;CE;1;1;1;1;519;536;497.7;456.4;0;1;120;120;120;120;40;520
188105;2024;NA;NA;;NA;;NA;NA;NA;5003207;Corumbá;50;MS;1;1;1;1;371.7;556.5;458;425;1;1;120;120;100;100;100;540
859643;2024;NA;NA;;NA;;NA;NA;NA;1500800;Ananindeua;15;PA;0;0;0;0;NA;NA;NA;NA;0;NA;NA;NA;NA;NA;NA;NA
4312313;2024;NA;NA;;NA;;NA;NA;NA;4304630;Capão da Canoa;43;RS;0;0;0;0;NA;NA;NA;NA;0;NA;NA;NA;NA;NA;NA;NA
1232792;2024;21165858;2101509;Barão de Grajaú;21;MA;2;1;1;2101509;Barão de Grajaú;21;MA;1;1;1;1;398.9;505.8;535.8;484.5;0;1;100;140;120;160;200;720
4123071;2024;NA;NA;;NA;;NA;NA;NA;2111300;São Luís;21;MA;0;0;0;0;NA;NA;NA;NA;1;NA;NA;NA;NA;NA;NA;NA
2118565;2024;33043736;3300803;Cachoeiras de Macacu;33;RJ;2;1;1;3300803;Cachoeiras de Macacu;33;RJ;0;0;0;0;NA;NA;NA;NA;0;NA;NA;NA;NA;NA;NA;NA
935970;2024;NA;NA;;NA;;NA;NA;NA;1302603;Manaus;13;AM;0;0;0;0;NA;NA;NA;NA;1;NA;NA;NA;NA;NA;NA;NA
4078215;2024;NA;NA;;NA;;NA;NA;NA;3143302;Montes Claros;31;MG;1;1;1;1;525.9;544.4;498.3;441.7;1;1;100;120;120;140;140;620
2980778;2024;31000311;3106200;Belo Horizonte;31;MG;2;1;1;3106200;Belo Horizonte;31;MG;1;1;1;1;455;503.1;529.2;437.2;0;1;120;160;120;160;160;720
2167394;2024;53001192;5300108;Brasília;53;DF;4;1;1;5300108;Brasília;53;DF;1;1;1;1;553.3;581.9;563.2;667;0;1;140;160;120;140;140;700
1326336;2024;NA;NA;;NA;;NA;NA;NA;4314902;Porto Alegre;43;RS;0;0;0;0;NA;NA;NA;NA;1;NA;NA;NA;NA;NA;NA;NA
1130630;2024;NA;NA;;NA;;NA;NA;NA;2900702;Alagoinhas;29;BA;1;1;1;1;394.2;468.5;526.2;458.7;0;1;120;160;120;120;140;660
731652;2024;NA;NA;;NA;;NA;NA;NA;2601904;Bezerros;26;PE;1;1;1;1;426.7;428.9;412.2;434.6;0;1;120;120;120;120;0;480
736650;2024;NA;NA;;NA;;NA;NA;NA;2930501;Serrinha;29;BA;1;1;1;1;440.4;561.3;548.5;395;0;1;100;140;120;140;180;680
3322934;2024;NA;NA;;NA;;NA;NA;NA;3526902;Limeira;35;SP;0;0;0;0;NA;NA;NA;NA;0;NA;NA;NA;NA;NA;NA;NA
445693;2024;26098911;2605202;Escada;26;PE;4;1;1;2605202;Escada;26;PE;1;1;1;1;543.8;530.3;553.1;547.1;0;1;160;180;180;160;140;820
4098150;2024;NA;NA;;NA;;NA;NA;NA;4314407;Pelotas;43;RS;0;0;0;0;NA;NA;NA;NA;1;NA;NA;NA;NA;NA;NA;NA
2010873;2024;NA;NA;;NA;;NA;NA;NA;2408102;Natal;24;RN;1;1;1;1;513.4;533.6;471.9;541.8;1;1;140;180;180;200;200;900
3332498;2024;NA;NA;;NA;;NA;NA;NA;3151503;Piumhi;31;MG;1;1;1;1;453.2;567.1;551.7;416.3;0;1;120;120;120;140;80;580
1529645;2024;NA;NA;;NA;;NA;NA;NA;2408102;Natal;24;RN;0;0;0;0;NA;NA;NA;NA;1;NA;NA;NA;NA;NA;NA;NA
2046417;2024;NA;NA;;NA;;NA;NA;NA;1503804;Jacundá;15;PA;1;1;1;1;477.1;439.4;460.1;432.1;0;1;100;100;80;80;20;380
826435;2024;NA;NA;;NA;;NA;NA;NA;5211800;Jaraguá;52;GO;0;0;0;0;NA;NA;NA;NA;1;NA;NA;NA;NA;NA;NA;NA
142510;2024;NA;NA;;NA;;NA;NA;NA;2504009;Campina Grande;25;PB;0;1;1;0;NA;319.7;444.3;NA;1;1;120;140;120;120;0;500
244438;2024;29279178;2933307;Vitória da Conquista;29;BA;2;1;1;2933307;Vitória da Conquista;29;BA;1;1;1;1;485.8;290.7;468.7;431.3;1;1;120;180;120;140;100;660
1460350;2024;NA;NA;;NA;;NA;NA;NA;2933307;Vitória da Conquista;29;BA;1;1;1;1;527.4;570.2;576.9;607;0;1;140;180;120;120;120;680
2609276;2024;NA;NA;;NA;;NA;NA;NA;3515707;Ferraz de Vasconcelos;35;SP;0;0;0;0;NA;NA;NA;NA;0;NA;NA;NA;NA;NA;NA;NA
3775695;2024;33100608;3305901;Trajano de Moraes;33;RJ;2;1;1;3303401;Nova Friburgo;33;RJ;1;1;1;1;356;413.5;418.2;387.9;1;1;100;140;140;120;100;600
3521999;2024;NA;NA;;NA;;NA;NA;NA;3550308;São Paulo;35;SP;1;1;1;1;539.5;542.7;526.5;608.1;0;1;160;160;160;120;160;760
3722422;2024;NA;NA;;NA;;NA;NA;NA;3510500;Caraguatatuba;35;SP;0;0;0;0;NA;NA;NA;NA;0;NA;NA;NA;NA;NA;NA;NA
2158072;2024;NA;NA;;NA;;NA;NA;NA;3200409;Anchieta;32;ES;1;1;1;1;570.1;585.5;589.2;609;0;1;140;200;180;200;180;900
1070137;2024;25012916;2516904;Uiraúna;25;PB;2;1;1;2516904;Uiraúna;25;PB;1;1;1;1;352.3;423.7;493.7;391.4;1;1;80;80;80;80;0;320
623962;2024;NA;NA;;NA;;NA;NA;NA;2402006;Caicó;24;RN;1;1;1;1;630.2;707.4;655.9;650.3;0;1;160;200;180;200;200;940
3812986;2024;NA;NA;;NA;;NA;NA;NA;2927408;Salvador;29;BA;1;1;1;1;368.8;510.1;453.1;426.1;0;1;80;100;80;80;0;340
1535480;2024;NA;NA;;NA;;NA;NA;NA;3304557;Rio de Janeiro;33;RJ;1;1;1;1;334.4;412.6;531.1;374;1;1;100;140;120;140;120;620
3627573;2024;25069675;2509800;Mulungu;25;PB;2;1;1;2500502;Alagoinha;25;PB;0;0;0;0;NA;NA;NA;NA;1;NA;NA;NA;NA;NA;NA;NA
2060662;2024;52097676;5208707;Goiânia;52;GO;4;1;1;5208707;Goiânia;52;GO;1;1;1;1;648.7;667.4;595.3;750.9;0;1;160;160;160;180;180;840
4145401;2024;NA;NA;;NA;;NA;NA;NA;4106902;Curitiba;41;PR;1;1;1;1;464.2;520;509.2;426.9;0;1;140;180;120;180;120;740
2012549;2024;NA;NA;;NA;;NA;NA;NA;2103604;Coroatá;21;MA;1;1;1;1;422.3;557;558.9;506.7;0;1;120;140;120;120;60;560
1749330;2024;NA;NA;;NA;;NA;NA;NA;4105508;Cianorte;41;PR;1;1;1;1;549.7;616.9;593.1;611.9;1;1;140;200;140;160;200;840
4307581;2024;31103489;3136207;João Monlevade;31;MG;2;1;1;3136207;João Monlevade;31;MG;0;0;0;0;NA;NA;NA;NA;1;NA;NA;NA;NA;NA;NA;NA
349794;2024;31191213;3131307;Ipatinga;31;MG;2;1;1;3131307;Ipatinga;31;MG;1;1;1;1;419.6;423.5;413.6;492.3;0;1;100;140;100;100;40;480
3704900;2024;15525791;1503606;Itaituba;15;PA;2;1;1;1503606;Itaituba;15;PA;1;1;1;1;401.3;402.1;427.7;407.3;1;1;80;120;80;120;100;500
145122;2024;24022144;2400901;Antônio Martins;24;RN;2;1;1;2409308;Patu;24;RN;1;1;1;1;411.7;309.2;486.7;504.8;1;1;140;200;140;160;180;820
385416;2024;NA;NA;;NA;;NA;NA;NA;2800308;Aracaju;28;SE;1;1;1;1;528.6;575.4;545.9;422.1;0;1;120;160;120;120;160;680
1206752;2024;NA;NA;;NA;;NA;NA;NA;3541406;Presidente Prudente;35;SP;1;1;1;1;618.6;625.2;634;683.8;0;1;140;180;140;140;180;780
1983372;2024;51089998;5107768;Santa Rita do Trivelato;51;MT;2;1;1;5106224;Nova Mutum;51;MT;0;0;0;0;NA;NA;NA;NA;0;NA;NA;NA;NA;NA;NA;NA
675457;2024;28026730;2800308;Aracaju;28;SE;2;1;1;2804805;Nossa Senhora do Socorro;28;SE;1;1;1;1;429.6;544.7;523.3;465.6;1;1;160;160;140;140;120;720
3254556;2024;35046085;3503208;Araraquara;35;SP;2;1;1;3503208;Araraquara;35;SP;1;1;1;1;455.6;517.9;473.2;442.8;1;1;140;120;120;120;80;580
2153045;2024;NA;NA;;NA;;NA;NA;NA;2800308;Aracaju;28;SE;1;1;1;1;699.1;599.8;564.6;709;0;1;160;200;180;180;180;900
2764875;2024;NA;NA;;NA;;NA;NA;NA;3201308;Cariacica;32;ES;0;1;1;0;NA;363.4;529;NA;1;1;80;120;100;60;60;420
615738;2024;NA;NA;;NA;;NA;NA;NA;5300108;Brasília;53;DF;1;1;1;1;542;557.2;611.6;522.1;0;1;120;120;120;80;120;560
1046655;2024;15574865;1505809;Portel;15;PA;2;1;1;1505809;Portel;15;PA;1;1;1;1;343.9;400.9;338;396.6;0;1;80;100;60;120;80;440
3011808;2024;NA;NA;;NA;;NA;NA;NA;3534401;Osasco;35;SP;1;1;1;1;480.5;519.8;550.9;427.1;0;1;120;120;60;80;120;500
4255082;2024;NA;NA;;NA;;NA;NA;NA;1200401;Rio Branco;12;AC;1;1;1;1;486;550.4;567.5;512.7;1;1;120;120;120;120;120;600
1129684;2024;23166185;2308401;Missão Velha;23;CE;2;1;1;2307304;Juazeiro do Norte;23;CE;1;1;1;1;350;436.8;380.1;484.3;1;1;80;120;80;120;80;480
261059;2024;35004704;3550308;São Paulo;35;SP;2;1;1;3550308;São Paulo;35;SP;1;1;1;1;575.8;636.1;581.1;703.1;0;1;160;200;160;200;200;920
2885879;2024;NA;NA;;NA;;NA;NA;NA;1505536;Parauapebas;15;PA;1;1;1;1;531.8;506.2;518.7;402.6;1;1;160;200;200;200;180;940
3318621;2024;NA;NA;;NA;;NA;NA;NA;3106200;Belo Horizonte;31;MG;1;1;1;1;602.5;470.8;464.9;548.9;1;1;140;180;160;140;180;800
1235173;2024;33199558;3301009;Campos dos Goytacazes;33;RJ;4;1;1;3301009;Campos dos Goytacazes;33;RJ;1;1;1;1;619.6;617.7;646.4;604.8;0;1;160;200;140;140;140;780
1059397;2024;31108987;3170404;Unaí;31;MG;2;1;1;3170404;Unaí;31;MG;1;1;1;1;554.8;589;604.5;697.5;0;1;120;120;120;120;120;600
1682234;2024;33017522;3303708;Paraíba do Sul;33;RJ;2;1;1;3303708;Paraíba do Sul;33;RJ;1;1;1;1;390.5;292.3;461.3;407.6;1;4;0;0;0;0;0;0
3819776;2024;NA;NA;;NA;;NA;NA;NA;1302603;Manaus;13;AM;1;1;1;1;481.5;561.6;526.9;455.2;1;1;120;120;80;100;60;480
4106443;2024;32043686;3202405;Guarapari;32;ES;2;1;1;3202405;Guarapari;32;ES;0;0;0;0;NA;NA;NA;NA;0;NA;NA;NA;NA;NA;NA;NA
24960;2024;NA;NA;;NA;;NA;NA;NA;1501402;Belém;15;PA;1;1;1;1;571.3;547.4;571.3;447.5;1;1;120;160;140;160;140;720
349459;2024;NA;NA;;NA;;NA;NA;NA;2927408;Salvador;29;BA;1;1;1;1;418.9;407.3;415.2;415.4;1;4;0;0;0;0;0;0
468992;2024;NA;NA;;NA;;NA;NA;NA;3120904;Curvelo;31;MG;1;1;1;1;486.7;520.7;558.5;471.6;1;1;160;180;140;160;160;800
4262922;2024;NA;NA;;NA;;NA;NA;NA;3501608;Americana;35;SP;1;1;1;1;469.3;502.4;507.4;440.7;0;1;140;120;80;100;140;580
2284445;2024;NA;NA;;NA;;NA;NA;NA;3143302;Montes Claros;31;MG;1;1;1;1;590.4;562.7;578.9;558.6;0;1;80;160;120;120;100;580
2110539;2024;51036665;5103403;Cuiabá;51;MT;2;1;1;5103403;Cuiabá;51;MT;1;1;1;1;374.9;472.9;423.6;398.2;1;1;80;120;80;120;0;400
4058636;2024;NA;NA;;NA;;NA;NA;NA;3530607;Mogi das Cruzes;35;SP;1;1;1;1;450.1;437.7;498.5;385.5;0;1;80;120;120;120;80;520
2238370;2024;NA;NA;;NA;;NA;NA;NA;2706901;Pilar;27;AL;1;1;1;1;568.5;576.6;585.8;556.5;0;1;120;140;120;100;160;640
2040790;2024;NA;NA;;NA;;NA;NA;NA;5208707;Goiânia;52;GO;1;1;1;1;463.9;530.5;565.9;421.2;0;1;80;120;80;80;120;480
3129957;2024;NA;NA;;NA;;NA;NA;NA;3168606;Teófilo Otoni;31;MG;1;1;1;1;611.3;657;674.2;666.1;0;1;140;200;160;180;200;880
1600567;2024;NA;NA;;NA;;NA;NA;NA;4216602;São José;42;SC;1;1;1;1;545.2;590.6;552.8;486.8;0;1;160;160;140;120;160;740
1285865;2024;NA;NA;;NA;;NA;NA;NA;1721208;Tocantinópolis;17;TO;0;0;0;0;NA;NA;NA;NA;1;NA;NA;NA;NA;NA;NA;NA
2982404;2024;NA;NA;;NA;;NA;NA;NA;3202405;Guarapari;32;ES;0;0;0;0;NA;NA;NA;NA;0;NA;NA;NA;NA;NA;NA;NA
247646;2024;NA;NA;;NA;;NA;NA;NA;5103403;Cuiabá;51;MT;1;1;1;1;475.4;489.2;508.8;645.9;0;1;120;160;120;160;200;760
4287676;2024;NA;NA;;NA;;NA;NA;NA;5300108;Brasília;53;DF;1;1;1;1;467.9;506.6;527.7;416.1;1;1;120;140;100;120;120;600
3754415;2024;NA;NA;;NA;;NA;NA;NA;2927408;Salvador;29;BA;1;1;1;1;541.7;545.2;580.4;533;1;1;140;160;160;160;160;780
1517664;2024;NA;NA;;NA;;NA;NA;NA;1504703;Moju;15;PA;1;1;1;1;413;468.4;481.4;441.9;1;1;160;180;140;160;100;740
2060792;2024;31146731;3132305;Itaipé;31;MG;2;1;1;3145307;Novo Cruzeiro;31;MG;1;1;1;1;481.2;544;542.5;401;1;1;120;160;140;120;120;660
3375069;2024;NA;NA;;NA;;NA;NA;NA;3205309;Vitória;32;ES;1;1;1;1;680.8;666.7;630.3;941.7;0;1;140;200;180;200;140;860
2674610;2024;NA;NA;;NA;;NA;NA;NA;3300704;Cabo Frio;33;RJ;1;1;1;1;561.6;571.9;572.4;551.1;0;1;160;160;160;200;180;860
2259711;2024;NA;NA;;NA;;NA;NA;NA;5300108;Brasília;53;DF;1;1;1;1;535.7;389.5;482.6;505.9;1;1;160;160;160;160;180;820
2676283;2024;15043568;1501402;Belém;15;PA;2;1;1;1501402;Belém;15;PA;0;0;0;0;NA;NA;NA;NA;0;NA;NA;NA;NA;NA;NA;NA
3939245;2024;NA;NA;;NA;;NA;NA;NA;2702405;Delmiro Gouveia;27;AL;0;0;0;0;NA;NA;NA;NA;0;NA;NA;NA;NA;NA;NA;NA
1800659;2024;NA;NA;;NA;;NA;NA;NA;4321808;Três de Maio;43;RS;0;0;0;0;NA;NA;NA;NA;0;NA;NA;NA;NA;NA;NA;NA
3814999;2024;NA;NA;;NA;;NA;NA;NA;1502103;Cametá;15;PA;1;1;1;1;374.1;327.9;367;394.8;1;1;120;160;140;180;120;720
142777;2024;15125440;1505536;Parauapebas;15;PA;2;1;1;1505536;Parauapebas;15;PA;0;0;0;0;NA;NA;NA;NA;0;NA;NA;NA;NA;NA;NA;NA
508549;2024;NA;NA;;NA;;NA;NA;NA;2704302;Maceió;27;AL;0;1;1;0;NA;398.1;481.6;NA;1;1;120;100;120;120;80;540
2779711;2024;NA;NA;;NA;;NA;NA;NA;1501402;Belém;15;PA;1;1;1;1;585.6;567.4;587.3;633.3;1;1;160;180;140;200;120;800
3573042;2024;NA;NA;;NA;;NA;NA;NA;3550308;São Paulo;35;SP;0;0;0;0;NA;NA;NA;NA;0;NA;NA;NA;NA;NA;NA;NA
3071565;2024;35010789;3534401;Osasco;35;SP;2;1;1;3534401;Osasco;35;SP;1;1;1;1;383.8;489.1;513.5;462.6;0;1;140;200;160;160;100;760
4138581;2024;NA;NA;;NA;;NA;NA;NA;4118204;Paranaguá;41;PR;0;0;0;0;NA;NA;NA;NA;0;NA;NA;NA;NA;NA;NA;NA
1785413;2024;26033089;2605152;Dormentes;26;PE;2;2;1;2600203;Afrânio;26;PE;1;1;1;1;385;398.2;432.2;412.2;1;1;120;160;120;160;80;640
959436;2024;NA;NA;;NA;;NA;NA;NA;4323002;Viamão;43;RS;0;0;0;0;NA;NA;NA;NA;0;NA;NA;NA;NA;NA;NA;NA
4176044;2024;NA;NA;;NA;;NA;NA;NA;3106200;Belo Horizonte;31;MG;1;1;1;1;410.2;420.8;464.8;388.8;0;1;120;160;120;120;120;640
2778597;2024;NA;NA;;NA;;NA;NA;NA;3170206;Uberlândia;31;MG;1;1;1;1;475.7;496.5;518;540.8;0;1;120;100;80;100;100;500
672109;2024;NA;NA;;NA;;NA;NA;NA;2203909;Floriano;22;PI;0;0;0;0;NA;NA;NA;NA;1;NA;NA;NA;NA;NA;NA;NA
831190;2024;NA;NA;;NA;;NA;NA;NA;3138658;Lontra;31;MG;0;0;0;0;NA;NA;NA;NA;0;NA;NA;NA;NA;NA;NA;NA
361832;2024;NA;NA;;NA;;NA;NA;NA;1303403;Parintins;13;AM;1;1;1;1;390.1;426.3;489.1;406.4;1;1;120;120;120;120;80;560
922018;2024;NA;NA;;NA;;NA;NA;NA;3204906;São Mateus;32;ES;0;0;0;0;NA;NA;NA;NA;1;NA;NA;NA;NA;NA;NA;NA
3306158;2024;NA;NA;;NA;;NA;NA;NA;3154606;Ribeirão das Neves;31;MG;0;0;0;0;NA;NA;NA;NA;0;NA;NA;NA;NA;NA;NA;NA
2958880;2024;NA;NA;;NA;;NA;NA;NA;3120904;Curvelo;31;MG;1;1;1;1;353.7;483.7;485.2;411.2;1;1;100;100;80;100;20;400
2342291;2024;41076710;4108304;Foz do Iguaçu;41;PR;2;1;1;4108304;Foz do Iguaçu;41;PR;1;1;1;1;494.5;441.1;486.4;428.3;0;1;120;80;120;120;80;520
2800336;2024;NA;NA;;NA;;NA;NA;NA;3152501;Pouso Alegre;31;MG;0;0;0;0;NA;NA;NA;NA;0;NA;NA;NA;NA;NA;NA;NA
2019556;2024;NA;NA;;NA;;NA;NA;NA;3522208;Itapecerica da Serra;35;SP;1;1;1;1;563;604.6;647.7;614.9;0;1;120;200;160;120;120;720
794781;2024;27040860;2707701;Rio Largo;27;AL;2;2;1;2707701;Rio Largo;27;AL;1;1;1;1;421;412.8;345.9;445.7;1;1;60;80;40;60;40;280
1019524;2024;NA;NA;;NA;;NA;NA;NA;3550308;São Paulo;35;SP;0;0;0;0;NA;NA;NA;NA;1;NA;NA;NA;NA;NA;NA;NA
3524367;2024;NA;NA;;NA;;NA;NA;NA;3106200;Belo Horizonte;31;MG;1;1;1;1;380.4;575.2;585.2;474;0;1;140;200;160;200;200;900
71867;2024;21126577;2112308;Tuntum;21;MA;2;1;1;2112308;Tuntum;21;MA;0;0;0;0;NA;NA;NA;NA;1;NA;NA;NA;NA;NA;NA;NA
4255506;2024;NA;NA;;NA;;NA;NA;NA;3519071;Hortolândia;35;SP;0;0;0;0;NA;NA;NA;NA;1;NA;NA;NA;NA;NA;NA;NA
620858;2024;NA;NA;;NA;;NA;NA;NA;4314407;Pelotas;43;RS;1;1;1;1;493.5;616.1;545.9;472;1;1;160;200;140;140;120;760
2984629;2024;41570936;4118204;Paranaguá;41;PR;1;1;1;4118204;Paranaguá;41;PR;1;1;1;1;582.7;593.8;582;664.4;0;1;120;140;160;140;160;720
4168590;2024;53011031;5300108;Brasília;53;DF;2;1;1;5300108;Brasília;53;DF;1;1;1;1;472.9;482.6;515.5;460.4;1;1;100;120;80;120;100;520
1892235;2024;NA;NA;;NA;;NA;NA;NA;2907103;Carinhanha;29;BA;1;1;1;1;487.8;506.3;524.9;541.8;1;1;140;160;140;160;140;740
2766246;2024;NA;NA;;NA;;NA;NA;NA;3302403;Macaé;33;RJ;1;1;1;1;529.5;474.3;506.9;552.7;0;1;120;160;120;120;60;580
3172509;2024;13032526;1303569;Rio Preto da Eva;13;AM;2;1;1;1303569;Rio Preto da Eva;13;AM;1;1;1;1;457.8;501;537.1;409.3;0;1;100;180;100;160;80;620
3277111;2024;NA;NA;;NA;;NA;NA;NA;5100250;Alta Floresta;51;MT;1;1;1;1;472.7;501.5;507.3;460.4;1;1;100;120;80;60;0;360
399550;2024;15576370;1501303;Barcarena;15;PA;2;1;1;1501303;Barcarena;15;PA;1;1;1;1;409.4;510.6;511.3;410.1;0;1;80;120;80;100;100;480
4034191;2024;NA;NA;;NA;;NA;NA;NA;2913606;Ilhéus;29;BA;0;0;0;0;NA;NA;NA;NA;1;NA;NA;NA;NA;NA;NA;NA
2409032;2024;NA;NA;;NA;;NA;NA;NA;3147006;Paracatu;31;MG;1;1;1;1;535.8;552.5;547.3;643.1;0;1;160;160;120;160;200;800
4017720;2024;NA;NA;;NA;;NA;NA;NA;3548500;Santos;35;SP;1;1;1;1;568.7;579.1;576.1;574.8;0;1;160;180;140;140;160;780
2128777;2024;NA;NA;;NA;;NA;NA;NA;2408003;Mossoró;24;RN;0;0;0;0;NA;NA;NA;NA;1;NA;NA;NA;NA;NA;NA;NA
2100525;2024;52058867;5209101;Goiatuba;52;GO;2;1;1;5209101;Goiatuba;52;GO;1;1;1;1;512.8;613.1;592;474.5;1;1;120;120;100;140;140;620
1060360;2024;23265876;2313401;Tianguá;23;CE;2;1;1;2313401;Tianguá;23;CE;0;0;0;0;NA;NA;NA;NA;0;NA;NA;NA;NA;NA;NA;NA
3625724;2024;NA;NA;;NA;;NA;NA;NA;3205309;Vitória;32;ES;1;1;1;1;532.7;432.9;515.1;441.2;0;1;120;120;120;140;60;560
734413;2024;26042070;2611002;Petrolândia;26;PE;2;1;1;2611002;Petrolândia;26;PE;1;1;1;1;508.4;518.4;481.9;447;0;4;0;0;0;0;0;0
1818151;2024;35011265;3550704;São Sebastião;35;SP;2;1;1;3550704;São Sebastião;35;SP;1;1;1;1;452;390.4;340;404.3;0;1;100;100;100;100;40;440
3823926;2024;NA;NA;;NA;;NA;NA;NA;2403251;Parnamirim;24;RN;1;1;1;1;368.7;563.9;620.3;787.5;0;1;120;140;120;140;80;600
4136505;2024;NA;NA;;NA;;NA;NA;NA;1501402;Belém;15;PA;0;0;0;0;NA;NA;NA;NA;0;NA;NA;NA;NA;NA;NA;NA
2489691;2024;35018247;3509502;Campinas;35;SP;2;1;1;3509502;Campinas;35;SP;0;1;1;0;NA;354;512;NA;1;1;120;140;120;120;100;600
947293;2024;35925421;3534401;Osasco;35;SP;2;1;1;3534401;Osasco;35;SP;1;1;1;1;480.8;511.3;554.9;506.6;0;1;120;200;120;120;80;640
3534666;2024;35906463;3552809;Taboão da Serra;35;SP;2;1;1;3552809;Taboão da Serra;35;SP;1;1;1;1;411.9;458;541.4;571.7;1;1;120;120;120;120;60;540
760284;2024;NA;NA;;NA;;NA;NA;NA;2927408;Salvador;29;BA;1;1;1;1;432.9;479.6;486.4;491.9;1;3;0;0;0;0;0;0
3858942;2024;NA;NA;;NA;;NA;NA;NA;3131307;Ipatinga;31;MG;0;0;0;0;NA;NA;NA;NA;1;NA;NA;NA;NA;NA;NA;NA
2720359;2024;NA;NA;;NA;;NA;NA;NA;3127701;Governador Valadares;31;MG;1;1;1;1;719.8;677.5;603.6;824.2;0;1;160;200;180;140;200;880
91585;2024;NA;NA;;NA;;NA;NA;NA;4305108;Caxias do Sul;43;RS;0;0;0;0;NA;NA;NA;NA;0;NA;NA;NA;NA;NA;NA;NA
2154915;2024;28001699;2804508;Nossa Senhora da Glória;28;SE;2;1;1;2804508;Nossa Senhora da Glória;28;SE;1;1;1;1;608.2;646.9;619.1;645.8;0;1;100;140;100;100;80;520
756722;2024;33041172;3303906;Petrópolis;33;RJ;3;1;1;3303906;Petrópolis;33;RJ;0;0;0;0;NA;NA;NA;NA;0;NA;NA;NA;NA;NA;NA;NA
1774139;2024;NA;NA;;NA;;NA;NA;NA;2708006;Santana do Ipanema;27;AL;0;0;0;0;NA;NA;NA;NA;1;NA;NA;NA;NA;NA;NA;NA
1506199;2024;NA;NA;;NA;;NA;NA;NA;3541406;Presidente Prudente;35;SP;1;1;1;1;554.9;555.4;574.4;745.1;0;1;160;180;160;200;180;880
2767153;2024;25133748;2507507;João Pessoa;25;PB;4;1;1;2507507;João Pessoa;25;PB;1;1;1;1;612.5;608.8;546.7;694;0;1;160;200;200;200;180;940
4027924;2024;NA;NA;;NA;;NA;NA;NA;3301900;Itaboraí;33;RJ;1;1;1;1;475.6;566.7;520.7;476.7;1;1;140;140;140;120;100;640
3763916;2024;NA;NA;;NA;;NA;NA;NA;4209409;Laguna;42;SC;1;1;1;1;484;559.3;551.2;626.6;0;1;120;100;100;120;80;520
2151192;2024;NA;NA;;NA;;NA;NA;NA;3549904;São José dos Campos;35;SP;0;0;0;0;NA;NA;NA;NA;0;NA;NA;NA;NA;NA;NA;NA
3431014;2024;NA;NA;;NA;;NA;NA;NA;1600303;Macapá;16;AP;1;1;1;1;457.5;470.9;477.2;400.7;0;1;140;160;140;140;180;760
3204479;2024;31055751;3140407;Marmelópolis;31;MG;2;1;1;3132404;Itajubá;31;MG;0;0;0;0;NA;NA;NA;NA;1;NA;NA;NA;NA;NA;NA;NA
2482997;2024;NA;NA;;NA;;NA;NA;NA;2114007;Zé Doca;21;MA;1;1;1;1;377.2;437.4;465.3;438.9;0;1;120;140;120;140;80;600
2498112;2024;NA;NA;;NA;;NA;NA;NA;5201405;Aparecida de Goiânia;52;GO;1;1;1;1;613.4;632.3;551.9;625.8;0;1;160;200;160;180;120;820
2197681;2024;35273661;3547304;Santana de Parnaíba;35;SP;3;1;1;3547304;Santana de Parnaíba;35;SP;1;1;1;1;421.6;495.3;469.7;442;1;1;100;120;80;100;0;400
251200;2024;NA;NA;;NA;;NA;NA;NA;3303203;Nilópolis;33;RJ;1;1;1;1;630.3;645.1;608.6;737.4;1;1;180;200;180;200;180;940
2010646;2024;31033821;3133808;Itaúna;31;MG;2;1;1;3133808;Itaúna;31;MG;0;0;0;0;NA;NA;NA;NA;1;NA;NA;NA;NA;NA;NA;NA
796398;2024;41114728;4122008;Rio Azul;41;PR;2;1;1;4110706;Irati;41;PR;0;0;0;0;NA;NA;NA;NA;1;NA;NA;NA;NA;NA;NA;NA
840468;2024;NA;NA;;NA;;NA;NA;NA;2103307;Codó;21;MA;1;1;1;1;436.1;580.3;559.2;516.5;1;1;140;180;140;160;160;780
1286884;2024;NA;NA;;NA;;NA;NA;NA;5106752;Pontes e Lacerda;51;MT;0;0;0;0;NA;NA;NA;NA;1;NA;NA;NA;NA;NA;NA;NA
1235695;2024;NA;NA;;NA;;NA;NA;NA;2608800;Lajedo;26;PE;1;1;1;1;524.8;522.7;579.7;682.5;1;1;160;200;80;180;180;800
4054725;2024;NA;NA;;NA;;NA;NA;NA;3550308;São Paulo;35;SP;0;0;0;0;NA;NA;NA;NA;1;NA;NA;NA;NA;NA;NA;NA
1942520;2024;NA;NA;;NA;;NA;NA;NA;3550308;São Paulo;35;SP;1;1;1;1;457.3;520.5;517.1;396.8;0;1;100;100;80;100;80;460
2924442;2024;53014308;5300108;Brasília;53;DF;2;1;1;5300108;Brasília;53;DF;1;1;1;1;577;574.7;598.6;685.9;1;1;140;160;140;140;140;720
4253401;2024;NA;NA;;NA;;NA;NA;NA;5208707;Goiânia;52;GO;0;0;0;0;NA;NA;NA;NA;0;NA;NA;NA;NA;NA;NA;NA
1024705;2024;NA;NA;;NA;;NA;NA;NA;3514403;Dracena;35;SP;0;1;1;0;NA;410.8;481.4;NA;1;1;120;120;120;120;100;580
3899434;2024;NA;NA;;NA;;NA;NA;NA;5102504;Cáceres;51;MT;0;0;0;0;NA;NA;NA;NA;1;NA;NA;NA;NA;NA;NA;NA
4305449;2024;NA;NA;;NA;;NA;NA;NA;3304557;Rio de Janeiro;33;RJ;0;0;0;0;NA;NA;NA;NA;0;NA;NA;NA;NA;NA;NA;NA
1879182;2024;NA;NA;;NA;;NA;NA;NA;3550308;São Paulo;35;SP;1;1;1;1;426.1;492.3;480.1;391;1;1;80;180;100;120;140;620
3491849;2024;NA;NA;;NA;;NA;NA;NA;5103700;Feliz Natal;51;MT;1;1;1;1;403.8;414.1;371;466.5;0;1;60;120;80;60;60;380
3221574;2024;15127613;1504208;Marabá;15;PA;2;1;1;1504208;Marabá;15;PA;0;0;0;0;NA;NA;NA;NA;1;NA;NA;NA;NA;NA;NA;NA
106702;2024;33089841;3304904;São Gonçalo;33;RJ;2;1;1;3304904;São Gonçalo;33;RJ;1;1;1;1;422.5;444.8;535.3;451.5;1;1;100;120;120;120;120;580
1917474;2024;26008181;2614303;Moreilândia;26;PE;2;1;1;2605301;Exu;26;PE;1;1;1;1;430.4;482.9;465.8;401.3;1;4;0;0;0;0;0;0
3012816;2024;29156211;2910503;Entre Rios;29;BA;2;1;1;2910503;Entre Rios;29;BA;1;1;1;1;446.7;393.5;448.6;390.7;0;1;80;120;80;80;100;460
1886957;2024;NA;NA;;NA;;NA;NA;NA;1505908;Porto de Moz;15;PA;1;1;1;1;460.2;555;565.4;379.4;1;1;140;180;160;160;100;740
225132;2024;29428203;2910727;Eunápolis;29;BA;2;1;1;2910727;Eunápolis;29;BA;1;1;1;1;518.3;411.4;446.6;468.8;1;1;100;120;100;100;80;500
2246335;2024;35324462;3505708;Barueri;35;SP;3;1;1;3505708;Barueri;35;SP;1;1;1;1;462.7;508.7;524.7;551.4;1;1;140;160;120;140;180;740
3090842;2024;NA;NA;;NA;;NA;NA;NA;5208707;Goiânia;52;GO;1;1;1;1;581.6;597.8;619.4;683.2;0;1;140;120;100;120;100;580
660454;2024;51056780;5108402;Várzea Grande;51;MT;2;1;1;5108402;Várzea Grande;51;MT;1;1;1;1;369.6;461;476.5;401.1;1;1;100;120;80;120;100;520
1811512;2024;NA;NA;;NA;;NA;NA;NA;1501402;Belém;15;PA;1;1;1;1;577.8;593.7;567.3;494.8;1;1;100;120;120;120;100;560
252556;2024;60002496;1715754;Palmeirópolis;17;TO;2;1;1;1715754;Palmeirópolis;17;TO;1;1;1;1;533.5;454.1;493.6;560.5;0;1;140;180;100;160;200;780
2814719;2024;41023080;4114203;Mandaguari;41;PR;2;1;1;4112108;Jandaia do Sul;41;PR;0;0;0;0;NA;NA;NA;NA;0;NA;NA;NA;NA;NA;NA;NA
1598398;2024;21095523;2105302;Imperatriz;21;MA;2;1;1;2105302;Imperatriz;21;MA;1;1;1;1;375;309.2;469.8;413.7;1;1;120;140;120;120;120;620
142426;2024;35479585;3547304;Santana de Parnaíba;35;SP;2;1;1;3509205;Cajamar;35;SP;1;1;1;1;527.8;574;604.6;655.5;1;1;120;180;100;120;80;600
3368554;2024;NA;NA;;NA;;NA;NA;NA;2110039;Santa Luzia do Paruá;21;MA;0;0;0;0;NA;NA;NA;NA;0;NA;NA;NA;NA;NA;NA;NA
2602908;2024;35114728;3543402;Ribeirão Preto;35;SP;4;1;1;3543402;Ribeirão Preto;35;SP;1;1;1;1;512.9;562.3;565.3;484.9;0;1;160;180;160;160;160;820
2723922;2024;NA;NA;;NA;;NA;NA;NA;5103205;Colíder;51;MT;1;1;1;1;416.4;479.3;591.3;521.2;0;8;0;0;0;0;0;0
2025594;2024;NA;NA;;NA;;NA;NA;NA;3303302;Niterói;33;RJ;0;0;0;0;NA;NA;NA;NA;1;NA;NA;NA;NA;NA;NA;NA
640122;2024;NA;NA;;NA;;NA;NA;NA;3541406;Presidente Prudente;35;SP;1;0;0;1;521.5;NA;NA;508.4;1;NA;NA;NA;NA;NA;NA;NA
1064692;2024;26058812;2610905;Pesqueira;26;PE;2;1;1;2610905;Pesqueira;26;PE;1;1;1;1;416.3;408;444.9;469.9;1;4;0;0;0;0;0;0
3122170;2024;NA;NA;;NA;;NA;NA;NA;2313005;Solonópole;23;CE;1;1;1;1;450.4;532.9;505.9;542.1;0;1;100;140;100;120;140;600
294707;2024;NA;NA;;NA;;NA;NA;NA;2509107;Mari;25;PB;2;1;1;2;NA;530.8;456.6;NA;1;1;120;160;120;120;120;640
3355482;2024;21027196;2109601;Rosário;21;MA;2;1;1;2109601;Rosário;21;MA;1;1;1;1;408.4;397;392.3;425.4;0;6;0;0;0;0;0;0
227432;2024;NA;NA;;NA;;NA;NA;NA;4208906;Jaraguá do Sul;42;SC;1;1;1;1;439.8;520;565.9;405.9;1;1;120;120;120;120;100;580
621910;2024;NA;NA;;NA;;NA;NA;NA;3549904;São José dos Campos;35;SP;1;1;1;1;533.9;563.6;517.4;520.3;0;1;100;120;80;100;120;520
1399060;2024;NA;NA;;NA;;NA;NA;NA;3123908;Entre Rios de Minas;31;MG;1;1;1;1;552.2;585.4;589.5;571;1;1;100;180;160;120;140;700
2729477;2024;24070211;2401651;Bodó;24;RN;2;1;1;2403103;Currais Novos;24;RN;1;1;1;1;370.1;414.5;387.3;445.5;1;1;80;100;80;80;60;400
2540622;2024;NA;NA;;NA;;NA;NA;NA;3550308;São Paulo;35;SP;1;1;1;1;511.4;586.6;538.1;427.7;1;1;120;140;120;140;140;660
2304965;2024;NA;NA;;NA;;NA;NA;NA;2111300;São Luís;21;MA;0;0;0;0;NA;NA;NA;NA;0;NA;NA;NA;NA;NA;NA;NA
1223156;2024;NA;NA;;NA;;NA;NA;NA;3513801;Diadema;35;SP;0;0;0;0;NA;NA;NA;NA;1;NA;NA;NA;NA;NA;NA;NA
3754826;2024;NA;NA;;NA;;NA;NA;NA;3550308;São Paulo;35;SP;0;0;0;0;NA;NA;NA;NA;0;NA;NA;NA;NA;NA;NA;NA
1784183;2024;NA;NA;;NA;;NA;NA;NA;3147907;Passos;31;MG;1;1;1;1;598.4;679.2;605.2;630.2;0;1;140;120;120;140;100;620
2531902;2024;35905604;3544004;Rio das Pedras;35;SP;2;1;1;3538709;Piracicaba;35;SP;0;0;0;0;NA;NA;NA;NA;0;NA;NA;NA;NA;NA;NA;NA
3559089;2024;NA;NA;;NA;;NA;NA;NA;5300108;Brasília;53;DF;0;0;0;0;NA;NA;NA;NA;0;NA;NA;NA;NA;NA;NA;NA
1670886;2024;NA;NA;;NA;;NA;NA;NA;2211001;Teresina;22;PI;0;0;0;0;NA;NA;NA;NA;0;NA;NA;NA;NA;NA;NA;NA
2795902;2024;15024792;1501808;Breves;15;PA;2;1;1;1501808;Breves;15;PA;1;1;1;1;499.4;579;595.3;532.2;0;1;160;180;160;200;200;900
3726594;2024;NA;NA;;NA;;NA;NA;NA;3550308;São Paulo;35;SP;1;1;1;1;472.9;522.8;446.2;490.8;0;1;120;160;120;160;140;700
400278;2024;NA;NA;;NA;;NA;NA;NA;2111300;São Luís;21;MA;0;0;0;0;NA;NA;NA;NA;1;NA;NA;NA;NA;NA;NA;NA
3275329;2024;NA;NA;;NA;;NA;NA;NA;5208707;Goiânia;52;GO;1;1;1;1;463.5;357;528.3;430.5;0;1;120;140;120;140;100;620
2463491;2024;17017653;1706100;Cristalândia;17;TO;2;1;1;1706100;Cristalândia;17;TO;1;1;1;1;497.2;596.7;556.8;497.5;0;1;140;160;120;120;140;680
120811;2024;NA;NA;;NA;;NA;NA;NA;1500107;Abaetetuba;15;PA;1;1;1;1;563.7;569.8;560.6;547.5;1;1;160;200;160;200;200;920
1168928;2024;52038181;5208707;Goiânia;52;GO;2;1;1;5208707;Goiânia;52;GO;1;1;1;1;564.1;612.6;582.9;568.1;1;1;120;200;120;160;120;720
1363412;2024;NA;NA;;NA;;NA;NA;NA;2613701;São Lourenço da Mata;26;PE;1;1;1;1;599.1;590.9;555.7;533.1;0;1;120;140;120;120;100;600
2734267;2024;NA;NA;;NA;;NA;NA;NA;4313409;Novo Hamburgo;43;RS;1;1;1;1;487.1;532.6;569.8;391.8;0;1;100;140;100;120;160;620
161159;2024;NA;NA;;NA;;NA;NA;NA;2917508;Jacobina;29;BA;1;1;1;1;493.1;531.1;511.9;480.1;0;1;100;120;100;100;120;540
1348272;2024;NA;NA;;NA;;NA;NA;NA;5002704;Campo Grande;50;MS;1;1;1;1;486.7;538.9;565.4;376.9;1;1;100;120;100;120;80;520
4239775;2024;NA;NA;;NA;;NA;NA;NA;3129806;Ibirité;31;MG;1;1;1;1;578.3;551.4;529.1;597;1;1;80;120;80;100;100;480
1781463;2024;NA;NA;;NA;;NA;NA;NA;2312205;Santa Quitéria;23;CE;1;1;1;1;462.7;416.9;500.9;524.7;1;1;140;160;120;140;140;700
2581753;2024;NA;NA;;NA;;NA;NA;NA;3304557;Rio de Janeiro;33;RJ;0;0;0;0;NA;NA;NA;NA;1;NA;NA;NA;NA;NA;NA;NA
3894229;2024;NA;NA;;NA;;NA;NA;NA;3168606;Teófilo Otoni;31;MG;0;0;0;0;NA;NA;NA;NA;0;NA;NA;NA;NA;NA;NA;NA
3317911;2024;41383761;4119400;Piraí do Sul;41;PR;2;2;1;4104907;Castro;41;PR;0;0;0;0;NA;NA;NA;NA;1;NA;NA;NA;NA;NA;NA;NA
1944954;2024;NA;NA;;NA;;NA;NA;NA;3522505;Itapevi;35;SP;1;1;1;1;488.2;594.1;569.5;533.2;0;1;100;140;120;100;140;600
1610464;2024;35015568;3508009;Buri;35;SP;2;1;1;3522406;Itapeva;35;SP;0;0;0;0;NA;NA;NA;NA;0;NA;NA;NA;NA;NA;NA;NA
1423356;2024;NA;NA;;NA;;NA;NA;NA;2103000;Caxias;21;MA;1;1;1;1;533.4;575;550.8;575.2;1;1;140;180;120;160;160;760
200594;2024;52099385;5200258;Águas Lindas de Goiás;52;GO;1;1;1;5200258;Águas Lindas de Goiás;52;GO;0;0;0;0;NA;NA;NA;NA;0;NA;NA;NA;NA;NA;NA;NA
1273277;2024;NA;NA;;NA;;NA;NA;NA;1507607;São Miguel do Guamá;15;PA;0;0;0;0;NA;NA;NA;NA;1;NA;NA;NA;NA;NA;NA;NA
274453;2024;NA;NA;;NA;;NA;NA;NA;2933208;Vera Cruz;29;BA;1;1;1;1;509.5;554.7;557.4;611.2;0;1;120;140;80;120;120;580
3227041;2024;NA;NA;;NA;;NA;NA;NA;4106902;Curitiba;41;PR;1;1;1;1;526.7;463.5;545.3;449;0;1;120;180;140;120;40;600
3184432;2024;NA;NA;;NA;;NA;NA;NA;2304400;Fortaleza;23;CE;0;0;0;0;NA;NA;NA;NA;1;NA;NA;NA;NA;NA;NA;NA
3724333;2024;35908861;3518800;Guarulhos;35;SP;2;1;1;3518800;Guarulhos;35;SP;0;0;0;0;NA;NA;NA;NA;1;NA;NA;NA;NA;NA;NA;NA
445218;2024;26016010;2603900;Carnaíba;26;PE;2;1;1;2603900;Carnaíba;26;PE;1;1;1;1;534.9;397.6;451.6;405.1;1;1;120;120;100;140;80;560
4021787;2024;NA;NA;;NA;;NA;NA;NA;2900702;Alagoinhas;29;BA;0;0;0;0;NA;NA;NA;NA;0;NA;NA;NA;NA;NA;NA;NA
3640891;2024;NA;NA;;NA;;NA;NA;NA;5300108;Brasília;53;DF;0;0;0;0;NA;NA;NA;NA;1;NA;NA;NA;NA;NA;NA;NA
3133667;2024;11048247;1100338;Nova Mamoré;11;RO;2;1;1;1100106;Guajará-Mirim;11;RO;0;0;0;0;NA;NA;NA;NA;1;NA;NA;NA;NA;NA;NA;NA
930397;2024;NA;NA;;NA;;NA;NA;NA;1502103;Cametá;15;PA;1;1;1;1;415.3;510.5;521.4;374;1;1;120;120;100;120;0;460
2518572;2024;21231559;2112852;Vila Nova dos Martírios;21;MA;2;1;1;2105302;Imperatriz;21;MA;0;0;0;0;NA;NA;NA;NA;0;NA;NA;NA;NA;NA;NA;NA
781323;2024;42017670;4207502;Indaial;42;SC;2;1;1;4207502;Indaial;42;SC;0;1;1;0;NA;362.3;462;NA;1;1;120;180;120;120;80;620
781404;2024;NA;NA;;NA;;NA;NA;NA;3101706;Almenara;31;MG;1;1;1;1;454;506.2;532.1;427.1;0;1;80;40;40;80;40;280
529304;2024;NA;NA;;NA;;NA;NA;NA;4304606;Canoas;43;RS;0;0;0;0;NA;NA;NA;NA;1;NA;NA;NA;NA;NA;NA;NA
1585340;2024;NA;NA;;NA;;NA;NA;NA;2414803;Vera Cruz;24;RN;1;1;1;1;437.8;549.1;527.3;479;0;1;80;120;100;100;80;480
390136;2024;NA;NA;;NA;;NA;NA;NA;2918407;Juazeiro;29;BA;1;1;1;1;584.4;609.4;642.4;657.2;0;1;120;180;120;140;120;680
778961;2024;NA;NA;;NA;;NA;NA;NA;2307304;Juazeiro do Norte;23;CE;1;1;1;1;401.3;325.5;511.8;456.2;1;8;0;0;0;0;0;0
3044462;2024;29170877;2928604;Santo Amaro;29;BA;2;1;1;2928604;Santo Amaro;29;BA;0;0;0;0;NA;NA;NA;NA;1;NA;NA;NA;NA;NA;NA;NA
2651195;2024;35031069;3534906;Pacaembu;35;SP;2;1;1;3500105;Adamantina;35;SP;1;1;1;1;453.9;356.2;363.2;460.7;1;1;100;120;60;140;0;420
2581064;2024;29092213;2908903;Coração de Maria;29;BA;2;2;1;2914505;Irará;29;BA;1;1;1;1;433.8;433;513.1;429.5;0;1;120;180;100;120;100;620
2148185;2024;NA;NA;;NA;;NA;NA;NA;3132503;Itamarandiba;31;MG;1;1;1;1;485.3;481.8;456.7;520.5;0;1;40;120;60;40;100;360
807809;2024;29314348;2932309;Ubatã;29;BA;2;1;1;2913903;Ipiaú;29;BA;0;0;0;0;NA;NA;NA;NA;1;NA;NA;NA;NA;NA;NA;NA
785639;2024;29191343;2927408;Salvador;29;BA;2;1;1;2927408;Salvador;29;BA;1;1;1;1;436.3;454.3;438.3;428;1;1;120;100;80;100;0;400
2977952;2024;29255597;2902005;Aracatu;29;BA;2;1;1;2904605;Brumado;29;BA;0;1;1;0;NA;384.1;490.3;NA;0;1;140;140;120;120;80;600
391539;2024;NA;NA;;NA;;NA;NA;NA;2109908;Santa Inês;21;MA;0;0;0;0;NA;NA;NA;NA;1;NA;NA;NA;NA;NA;NA;NA
4130452;2024;NA;NA;;NA;;NA;NA;NA;3550308;São Paulo;35;SP;1;1;1;1;516.4;540.6;491.3;596.9;0;1;80;120;120;120;140;580
1640242;2024;NA;NA;;NA;;NA;NA;NA;2911204;Gandu;29;BA;0;0;0;0;NA;NA;NA;NA;0;NA;NA;NA;NA;NA;NA;NA
116022;2024;NA;NA;;NA;;NA;NA;NA;1302603;Manaus;13;AM;0;0;0;0;NA;NA;NA;NA;0;NA;NA;NA;NA;NA;NA;NA
3938262;2024;41076540;4108304;Foz do Iguaçu;41;PR;2;1;1;4108304;Foz do Iguaçu;41;PR;0;0;0;0;NA;NA;NA;NA;1;NA;NA;NA;NA;NA;NA;NA
1460599;2024;41089464;4124400;Santo Antônio do Sudoeste;41;PR;2;1;1;4101002;Ampére;41;PR;1;1;1;1;360.9;424.9;500.5;415.8;1;1;100;200;120;140;120;680
3725654;2024;NA;NA;;NA;;NA;NA;NA;2312908;Sobral;23;CE;1;1;1;1;398.4;487.3;484;393;0;1;120;160;140;140;120;680
3883473;2024;NA;NA;;NA;;NA;NA;NA;2928703;Santo Antônio de Jesus;29;BA;0;0;0;0;NA;NA;NA;NA;1;NA;NA;NA;NA;NA;NA;NA
1339534;2024;NA;NA;;NA;;NA;NA;NA;3534609;Osvaldo Cruz;35;SP;1;1;1;1;640.7;626.7;600.4;803.2;0;1;160;200;180;200;200;940
2682757;2024;NA;NA;;NA;;NA;NA;NA;5300108;Brasília;53;DF;1;1;1;1;638.1;682.6;616.2;699;0;1;160;180;160;200;200;900
289665;2024;NA;NA;;NA;;NA;NA;NA;3549904;São José dos Campos;35;SP;0;0;0;0;NA;NA;NA;NA;0;NA;NA;NA;NA;NA;NA;NA
1547190;2024;NA;NA;;NA;;NA;NA;NA;2511301;Piancó;25;PB;1;1;1;1;418.6;479.6;474.4;412.8;1;1;120;140;120;120;80;580
505375;2024;NA;NA;;NA;;NA;NA;NA;4205407;Florianópolis;42;SC;0;1;1;0;NA;596.8;588.7;NA;0;1;120;100;100;80;0;400
1506756;2024;NA;NA;;NA;;NA;NA;NA;1100205;Porto Velho;11;RO;0;0;0;0;NA;NA;NA;NA;1;NA;NA;NA;NA;NA;NA;NA
461134;2024;NA;NA;;NA;;NA;NA;NA;4321907;Três Passos;43;RS;0;0;0;0;NA;NA;NA;NA;0;NA;NA;NA;NA;NA;NA;NA
1936599;2024;NA;NA;;NA;;NA;NA;NA;3550308;São Paulo;35;SP;1;1;1;1;442.1;353.3;486.7;499.1;0;1;120;160;120;140;80;620
4323296;2024;43045723;4305355;Charqueadas;43;RS;2;1;1;4305355;Charqueadas;43;RS;1;1;1;1;439.6;454.1;396.2;452.8;1;1;80;80;40;100;60;360
1454669;2024;NA;NA;;NA;;NA;NA;NA;3554102;Taubaté;35;SP;1;1;1;1;509.8;569.7;563.1;456.2;0;1;120;120;80;100;80;500
553727;2024;NA;NA;;NA;;NA;NA;NA;3513405;Cruzeiro;35;SP;1;1;1;1;426.1;576;515.2;597.4;1;1;140;200;160;120;80;700
3139371;2024;NA;NA;;NA;;NA;NA;NA;3106200;Belo Horizonte;31;MG;1;1;1;1;622.1;668.4;629.3;699.9;1;1;140;180;160;180;200;860
3195040;2024;23188510;2304400;Fortaleza;23;CE;2;1;1;2304400;Fortaleza;23;CE;1;1;1;1;581;598.9;650.1;583.8;0;1;160;200;200;160;200;920
2948457;2024;NA;NA;;NA;;NA;NA;NA;4210506;Maravilha;42;SC;1;1;1;1;521.4;507;496.6;552.2;0;1;120;180;120;140;100;660
3901313;2024;NA;NA;;NA;;NA;NA;NA;2906501;Candeias;29;BA;1;1;1;1;448.5;551.5;469;387;0;4;0;0;0;0;0;0
1625154;2024;NA;NA;;NA;;NA;NA;NA;5208707;Goiânia;52;GO;1;1;1;1;463.1;501;448.8;496.9;0;1;120;180;160;140;160;760
3085676;2024;NA;NA;;NA;;NA;NA;NA;2800308;Aracaju;28;SE;1;1;1;1;511.9;542.1;511.4;472.3;1;1;80;120;80;80;80;440
986620;2024;NA;NA;;NA;;NA;NA;NA;4307005;Erechim;43;RS;0;0;0;0;NA;NA;NA;NA;1;NA;NA;NA;NA;NA;NA;NA
1628718;2024;NA;NA;;NA;;NA;NA;NA;3550308;São Paulo;35;SP;1;1;1;1;587.6;672.1;585.8;640.5;0;1;160;200;160;160;120;800
2900614;2024;NA;NA;;NA;;NA;NA;NA;2611101;Petrolina;26;PE;0;0;0;0;NA;NA;NA;NA;0;NA;NA;NA;NA;NA;NA;NA
1417389;2024;NA;NA;;NA;;NA;NA;NA;3504107;Atibaia;35;SP;1;1;1;1;384.1;557;552;419.3;0;1;120;160;120;120;120;640
1785641;2024;NA;NA;;NA;;NA;NA;NA;4314902;Porto Alegre;43;RS;0;0;0;0;NA;NA;NA;NA;1;NA;NA;NA;NA;NA;NA;NA
4196386;2024;29433746;2900801;Alcobaça;29;BA;2;1;1;2925501;Prado;29;BA;1;1;1;1;513.9;465.7;497.3;460.7;1;4;0;0;0;0;0;0
3796153;2024;NA;NA;;NA;;NA;NA;NA;3104007;Araxá;31;MG;1;1;1;1;575.3;633.3;548;728.4;0;1;160;180;140;200;200;880
1646093;2024;15102254;1503754;Jacareacanga;15;PA;2;1;1;1503606;Itaituba;15;PA;0;0;0;0;NA;NA;NA;NA;0;NA;NA;NA;NA;NA;NA;NA
313654;2024;NA;NA;;NA;;NA;NA;NA;5208707;Goiânia;52;GO;1;1;1;1;476;584.6;563.3;547.8;1;1;160;200;160;180;180;880
1339990;2024;26013452;2614006;Serrita;26;PE;2;1;1;2612208;Salgueiro;26;PE;1;1;1;1;541.9;549.5;550.7;702.8;0;1;120;180;100;120;180;700
4125384;2024;NA;NA;;NA;;NA;NA;NA;1502707;Conceição do Araguaia;15;PA;0;0;0;0;NA;NA;NA;NA;1;NA;NA;NA;NA;NA;NA;NA
1493563;2024;NA;NA;;NA;;NA;NA;NA;3101607;Alfenas;31;MG;1;1;1;1;471.5;528;542.8;539;1;1;100;120;120;140;80;560
2716392;2024;NA;NA;;NA;;NA;NA;NA;2910800;Feira de Santana;29;BA;1;1;1;1;513.7;582.6;537;497;0;1;140;120;100;140;80;580
1534196;2024;NA;NA;;NA;;NA;NA;NA;2927408;Salvador;29;BA;1;1;1;1;445.2;432.4;535;439.2;1;1;40;60;20;0;0;120
16400;2024;NA;NA;;NA;;NA;NA;NA;3157807;Santa Luzia;31;MG;1;1;1;1;484.9;523.5;511.2;438.1;0;1;80;140;80;80;140;520
3493817;2024;NA;NA;;NA;;NA;NA;NA;3550308;São Paulo;35;SP;0;0;0;0;NA;NA;NA;NA;0;NA;NA;NA;NA;NA;NA;NA
29481;2024;NA;NA;;NA;;NA;NA;NA;2928109;Santa Maria da Vitória;29;BA;1;1;1;1;406.2;497.6;511.7;380.7;1;1;140;160;120;120;120;660
2139312;2024;NA;NA;;NA;;NA;NA;NA;1721000;Palmas;17;TO;1;1;1;1;753;757.4;624.9;804.1;0;1;160;200;180;200;180;920
4105009;2024;28034759;2802106;Estância;28;SE;4;1;1;2802106;Estância;28;SE;1;1;1;1;487.9;528.6;560.5;414.1;0;1;140;160;120;140;180;740
23330;2024;25072021;2504009;Campina Grande;25;PB;2;1;1;2504009;Campina Grande;25;PB;1;1;1;1;563.2;632.9;604.4;624.2;0;1;140;180;140;160;140;760
4134187;2024;NA;NA;;NA;;NA;NA;NA;2200400;Altos;22;PI;0;0;0;0;NA;NA;NA;NA;1;NA;NA;NA;NA;NA;NA;NA
3248703;2024;33025576;3304524;Rio das Ostras;33;RJ;2;2;1;3304524;Rio das Ostras;33;RJ;1;1;1;1;565.7;587.7;555.2;681;0;1;120;140;120;140;120;640
1560444;2024;NA;NA;;NA;;NA;NA;NA;4216602;São José;42;SC;1;1;1;1;521.4;457.8;526.9;513.9;0;1;100;180;120;120;120;640
2943222;2024;17026270;1721000;Palmas;17;TO;2;1;1;1721000;Palmas;17;TO;0;0;0;0;NA;NA;NA;NA;0;NA;NA;NA;NA;NA;NA;NA
1805075;2024;41065387;4114609;Marechal Cândido Rondon;41;PR;2;1;1;4114609;Marechal Cândido Rondon;41;PR;1;1;1;1;418.4;390.6;495.5;424.3;0;1;120;120;120;120;0;480
1309620;2024;21177376;2104057;Estreito;21;MA;2;1;1;2104057;Estreito;21;MA;1;0;0;1;505.5;NA;NA;389.5;1;NA;NA;NA;NA;NA;NA;NA
527318;2024;41112679;4127007;Teixeira Soares;41;PR;2;1;1;4110706;Irati;41;PR;1;1;1;1;520.2;550.5;574.4;630.1;0;1;140;160;120;160;180;760
2187216;2024;NA;NA;;NA;;NA;NA;NA;3106200;Belo Horizonte;31;MG;0;0;0;0;NA;NA;NA;NA;0;NA;NA;NA;NA;NA;NA;NA
2375104;2024;NA;NA;;NA;;NA;NA;NA;4314902;Porto Alegre;43;RS;1;1;1;1;553.6;575.8;608;438.5;1;1;120;120;120;140;140;640
3143349;2024;NA;NA;;NA;;NA;NA;NA;5002704;Campo Grande;50;MS;1;1;1;1;620.1;678.1;616.8;690.2;0;1;160;200;160;160;200;880
849842;2024;NA;NA;;NA;;NA;NA;NA;3300209;Araruama;33;RJ;0;0;0;0;NA;NA;NA;NA;0;NA;NA;NA;NA;NA;NA;NA
1128832;2024;NA;NA;;NA;;NA;NA;NA;1501402;Belém;15;PA;1;1;1;1;614.1;593.7;563.5;565.4;0;1;120;180;120;120;160;700
1882207;2024;NA;NA;;NA;;NA;NA;NA;5003702;Dourados;50;MS;0;1;1;0;NA;394.3;499.4;NA;1;1;120;120;120;100;100;560
2479285;2024;NA;NA;;NA;;NA;NA;NA;1502905;Curuçá;15;PA;0;0;0;0;NA;NA;NA;NA;1;NA;NA;NA;NA;NA;NA;NA
1676006;2024;NA;NA;;NA;;NA;NA;NA;3548708;São Bernardo do Campo;35;SP;1;1;1;1;598.4;600.4;598.4;721.2;0;1;140;180;140;140;140;740
1408021;2024;NA;NA;;NA;;NA;NA;NA;2411205;Santa Cruz;24;RN;1;1;1;1;599.2;658.9;611.7;624.2;1;1;140;200;160;200;200;900
2296145;2024;35024272;3513108;Cravinhos;35;SP;2;1;1;3543402;Ribeirão Preto;35;SP;1;1;1;1;448;320.2;363.4;396.6;0;1;140;140;120;120;100;620
1917383;2024;NA;NA;;NA;;NA;NA;NA;2910800;Feira de Santana;29;BA;1;1;1;1;633;581.3;554.4;616.3;1;1;120;200;120;120;0;560
2103764;2024;50070800;5002704;Campo Grande;50;MS;4;1;1;5002704;Campo Grande;50;MS;1;1;1;1;494.7;458.2;513.2;424.6;1;1;100;120;80;100;100;500
683413;2024;NA;NA;;NA;;NA;NA;NA;3146107;Ouro Preto;31;MG;1;1;1;1;647.3;640.7;659.9;743.6;0;1;120;160;80;160;160;680
2018589;2024;NA;NA;;NA;;NA;NA;NA;2611606;Recife;26;PE;1;1;1;1;731.1;731.3;641.8;889.8;0;1;160;200;160;180;200;900
1423700;2024;NA;NA;;NA;;NA;NA;NA;1100205;Porto Velho;11;RO;0;0;0;0;NA;NA;NA;NA;1;NA;NA;NA;NA;NA;NA;NA
831215;2024;NA;NA;;NA;;NA;NA;NA;2903904;Bom Jesus da Lapa;29;BA;0;0;0;0;NA;NA;NA;NA;1;NA;NA;NA;NA;NA;NA;NA
1052675;2024;26029243;2609154;Manari;26;PE;2;1;1;2606606;Ibimirim;26;PE;1;1;1;1;405.8;477.2;506.6;484.6;0;1;120;120;100;160;80;580
2794569;2024;33135371;3304557;Rio de Janeiro;33;RJ;4;1;1;3304557;Rio de Janeiro;33;RJ;1;1;1;1;623.4;567.5;572.4;748.9;0;1;160;200;160;180;200;900
1856587;2024;12022004;1200427;Rodrigues Alves;12;AC;2;1;1;1200203;Cruzeiro do Sul;12;AC;0;0;0;0;NA;NA;NA;NA;1;NA;NA;NA;NA;NA;NA;NA
4247723;2024;NA;NA;;NA;;NA;NA;NA;1501402;Belém;15;PA;1;1;1;1;449.5;579;541.6;473.4;0;1;120;120;80;100;60;480
1441459;2024;15136060;1506583;Santa Maria das Barreiras;15;PA;2;2;1;1502707;Conceição do Araguaia;15;PA;1;1;1;1;422.5;555.6;482.7;589.4;1;1;140;180;140;140;120;720
3106247;2024;NA;NA;;NA;;NA;NA;NA;3509502;Campinas;35;SP;1;1;1;1;639;660.5;630.2;711.9;0;1;160;200;180;200;200;940
3319957;2024;NA;NA;;NA;;NA;NA;NA;3518800;Guarulhos;35;SP;1;1;1;1;530.1;438.5;437.2;500.8;1;1;100;140;120;120;0;480
3051739;2024;35906426;3552809;Taboão da Serra;35;SP;2;1;1;3552809;Taboão da Serra;35;SP;0;1;1;0;NA;581.8;580.2;NA;0;1;100;140;100;100;120;560
2817702;2024;NA;NA;;NA;;NA;NA;NA;2602209;Bom Jardim;26;PE;0;0;0;0;NA;NA;NA;NA;0;NA;NA;NA;NA;NA;NA;NA
1912347;2024;NA;NA;;NA;;NA;NA;NA;3118601;Contagem;31;MG;0;0;0;0;NA;NA;NA;NA;0;NA;NA;NA;NA;NA;NA;NA
3888903;2024;NA;NA;;NA;;NA;NA;NA;2605707;Floresta;26;PE;1;1;1;1;391.3;430.1;460.7;486.7;1;1;160;200;120;160;160;800
469033;2024;NA;NA;;NA;;NA;NA;NA;2303709;Caucaia;23;CE;1;1;1;1;518.9;524.5;530;426.8;0;1;80;180;120;120;40;540
2504780;2024;NA;NA;;NA;;NA;NA;NA;5101803;Barra do Garças;51;MT;0;0;0;0;NA;NA;NA;NA;1;NA;NA;NA;NA;NA;NA;NA
1372463;2024;NA;NA;;NA;;NA;NA;NA;3550308;São Paulo;35;SP;1;1;1;1;751;713.2;624.6;803.4;0;1;160;180;180;180;200;900
2402988;2024;NA;NA;;NA;;NA;NA;NA;2927408;Salvador;29;BA;1;1;1;1;435.7;408.4;373.2;408.3;1;1;100;180;120;120;80;600
2956048;2024;NA;NA;;NA;;NA;NA;NA;2606804;Igarassu;26;PE;0;0;0;0;NA;NA;NA;NA;1;NA;NA;NA;NA;NA;NA;NA
2244014;2024;41056957;4127502;Tibagi;41;PR;2;1;1;4127106;Telêmaco Borba;41;PR;1;1;1;1;497.5;534.7;492.9;385;1;1;100;140;80;80;100;500
2281902;2024;NA;NA;;NA;;NA;NA;NA;3201209;Cachoeiro de Itapemirim;32;ES;1;1;1;1;469.9;620.8;519.8;403.6;1;1;100;120;80;120;60;480
3421576;2024;NA;NA;;NA;;NA;NA;NA;5210406;Itaberaí;52;GO;0;0;0;0;NA;NA;NA;NA;0;NA;NA;NA;NA;NA;NA;NA
897277;2024;35019012;3530508;Mococa;35;SP;2;1;1;3530508;Mococa;35;SP;0;0;0;0;NA;NA;NA;NA;0;NA;NA;NA;NA;NA;NA;NA
3167481;2024;43013856;4300604;Alvorada;43;RS;2;1;1;4300604;Alvorada;43;RS;1;1;1;1;462;346.6;451.4;398.8;1;1;80;120;100;140;0;440
1691817;2024;NA;NA;;NA;;NA;NA;NA;2300754;Amontada;23;CE;1;1;1;1;357.9;487.9;510.6;589.9;1;1;120;200;120;140;140;720
742311;2024;NA;NA;;NA;;NA;NA;NA;3301702;Duque de Caxias;33;RJ;1;1;1;1;523.5;353.6;481.9;417.3;1;1;120;140;100;120;120;600
2283309;2024;NA;NA;;NA;;NA;NA;NA;1501402;Belém;15;PA;1;1;1;1;476.4;346.5;392.1;488.6;1;4;0;0;0;0;0;0
1420912;2024;28020456;2804805;Nossa Senhora do Socorro;28;SE;2;1;1;2804805;Nossa Senhora do Socorro;28;SE;1;1;1;1;530;348;496.9;432.1;0;1;120;160;120;160;120;680
300018;2024;13026470;1302603;Manaus;13;AM;2;1;1;1302603;Manaus;13;AM;1;1;1;1;583.6;596.8;587;583.2;0;1;120;140;120;140;80;600
2188393;2024;NA;NA;;NA;;NA;NA;NA;4317301;Santa Vitória do Palmar;43;RS;1;1;1;1;467.5;565.5;528.9;398.3;1;1;100;80;100;80;60;420
3255857;2024;35103861;3550308;São Paulo;35;SP;4;1;1;3550308;São Paulo;35;SP;1;1;1;1;529.9;524.5;498.3;391.9;1;1;140;200;140;140;140;760
1671138;2024;NA;NA;;NA;;NA;NA;NA;2309458;Ocara;23;CE;1;1;1;1;503.3;503.6;502.7;440.1;1;1;100;160;120;140;120;640
2473858;2024;NA;NA;;NA;;NA;NA;NA;1501402;Belém;15;PA;1;1;1;1;537.6;586.6;590.6;420.3;0;1;160;180;140;160;200;840
414542;2024;NA;NA;;NA;;NA;NA;NA;2511301;Piancó;25;PB;0;1;1;0;NA;354.2;435.3;NA;0;4;0;0;0;0;0;0
4063194;2024;NA;NA;;NA;;NA;NA;NA;2302206;Beberibe;23;CE;0;0;0;0;NA;NA;NA;NA;1;NA;NA;NA;NA;NA;NA;NA
3807505;2024;NA;NA;;NA;;NA;NA;NA;3548500;Santos;35;SP;0;1;1;0;NA;499.6;530.2;NA;1;1;80;100;80;80;60;400
2592284;2024;31033952;3133808;Itaúna;31;MG;2;1;1;3133808;Itaúna;31;MG;1;1;1;1;430;533.4;560.1;421.4;0;1;120;120;120;120;120;600
1651243;2024;41141695;4104105;Campo do Tenente;41;PR;2;1;1;4122305;Rio Negro;41;PR;0;1;1;0;NA;447.3;439.7;NA;1;4;0;0;0;0;0;0
3218316;2024;NA;NA;;NA;;NA;NA;NA;2704302;Maceió;27;AL;0;0;0;0;NA;NA;NA;NA;1;NA;NA;NA;NA;NA;NA;NA
1239747;2024;41067738;4125753;São Pedro do Iguaçu;41;PR;2;1;1;4127700;Toledo;41;PR;1;1;1;1;455.8;535.2;539.7;435.3;1;1;120;180;120;120;140;680
3161295;2024;NA;NA;;NA;;NA;NA;NA;4322400;Uruguaiana;43;RS;1;1;1;1;631.6;692.8;600.8;836.3;0;1;160;200;160;180;180;880
154597;2024;23045230;2310704;Pentecoste;23;CE;2;1;1;2310704;Pentecoste;23;CE;1;1;1;1;437.5;447.5;483.1;418.1;1;1;100;140;120;120;100;580
1955517;2024;35160477;3551009;São Vicente;35;SP;4;1;1;3551009;São Vicente;35;SP;1;1;1;1;656.6;591.6;593.5;702.4;0;1;140;200;180;200;180;900
3666579;2024;NA;NA;;NA;;NA;NA;NA;2111300;São Luís;21;MA;0;1;1;0;NA;517.6;509.9;NA;1;4;0;0;0;0;0;0
4286422;2024;NA;NA;;NA;;NA;NA;NA;4321303;Taquari;43;RS;1;1;1;1;545.5;429.1;490.3;442.8;1;1;80;60;60;80;0;280
838298;2024;NA;NA;;NA;;NA;NA;NA;3525904;Jundiaí;35;SP;1;1;1;1;504.2;345.4;509.4;550.4;0;1;140;180;120;120;0;560
531033;2024;23244739;2304202;Crato;23;CE;2;1;1;2304202;Crato;23;CE;1;1;1;1;383.5;469.6;486.1;491.9;1;1;120;180;120;140;160;720
3227434;2024;NA;NA;;NA;;NA;NA;NA;2908903;Coração de Maria;29;BA;0;1;1;0;NA;435.2;436.9;NA;0;1;80;80;80;60;80;380
1533170;2024;NA;NA;;NA;;NA;NA;NA;3549904;São José dos Campos;35;SP;0;0;0;0;NA;NA;NA;NA;1;NA;NA;NA;NA;NA;NA;NA
157380;2024;NA;NA;;NA;;NA;NA;NA;2607208;Ipojuca;26;PE;1;1;1;1;512.4;644.2;617.8;633;0;1;160;180;160;180;160;840
1681130;2024;21152950;2103406;Coelho Neto;21;MA;2;1;1;2103406;Coelho Neto;21;MA;0;0;0;0;NA;NA;NA;NA;1;NA;NA;NA;NA;NA;NA;NA
3881569;2024;NA;NA;;NA;;NA;NA;NA;3111606;Campos Gerais;31;MG;0;1;1;0;NA;322.9;486.4;NA;0;4;0;0;0;0;0;0
2839264;2024;29411947;2921500;Monte Santo;29;BA;2;1;1;2921500;Monte Santo;29;BA;1;1;1;1;438.1;318.4;383.7;449.2;0;3;0;0;0;0;0;0
3572544;2024;NA;NA;;NA;;NA;NA;NA;2208403;Piripiri;22;PI;1;1;1;1;563.9;643.8;577.3;675.2;1;1;120;180;160;140;140;740
2414904;2024;NA;NA;;NA;;NA;NA;NA;5200258;Águas Lindas de Goiás;52;GO;1;1;1;1;485.6;373.2;478.4;377.2;1;1;80;120;100;80;100;480
3837193;2024;NA;NA;;NA;;NA;NA;NA;3106200;Belo Horizonte;31;MG;0;0;0;0;NA;NA;NA;NA;0;NA;NA;NA;NA;NA;NA;NA
1783461;2024;NA;NA;;NA;;NA;NA;NA;2512507;Queimadas;25;PB;1;1;1;1;514.3;483.7;484.1;392.8;1;1;120;160;120;160;100;660
3761565;2024;NA;NA;;NA;;NA;NA;NA;5002704;Campo Grande;50;MS;1;1;1;1;536.4;585.9;565.4;658.3;0;1;160;180;180;180;200;900
2605194;2024;NA;NA;;NA;;NA;NA;NA;3200409;Anchieta;32;ES;1;1;1;1;550.3;621.1;576.3;557.6;1;1;120;120;80;120;120;560
3603899;2024;15067564;1501204;Baião;15;PA;2;1;1;1501204;Baião;15;PA;1;1;1;1;457.7;376.7;446;434.1;0;1;80;120;80;100;80;460
1298417;2024;NA;NA;;NA;;NA;NA;NA;1500602;Altamira;15;PA;1;1;1;1;392.9;447;444.6;401.8;0;1;120;120;120;120;100;580
3376497;2024;15017893;1505908;Porto de Moz;15;PA;2;1;1;1505908;Porto de Moz;15;PA;1;1;1;1;505.7;522.4;441.5;549.2;1;1;140;140;120;160;140;700
1888001;2024;31158224;3104007;Araxá;31;MG;2;1;1;3104007;Araxá;31;MG;1;1;1;1;482;521.5;518.7;415;1;1;120;120;120;120;80;560
1115300;2024;12010936;1200401;Rio Branco;12;AC;4;1;1;1200401;Rio Branco;12;AC;1;1;1;1;536.2;647.4;590.2;756.2;0;1;160;200;160;160;200;880
734824;2024;NA;NA;;NA;;NA;NA;NA;2603454;Camaragibe;26;PE;1;1;1;1;389.1;540.3;556;417.8;1;4;0;0;0;0;0;0
859930;2024;NA;NA;;NA;;NA;NA;NA;5208707;Goiânia;52;GO;1;1;1;1;375.7;486.6;494.3;465.3;0;1;120;180;100;120;120;640
256256;2024;NA;NA;;NA;;NA;NA;NA;3551009;São Vicente;35;SP;0;0;0;0;NA;NA;NA;NA;0;NA;NA;NA;NA;NA;NA;NA
288095;2024;42003520;4216602;São José;42;SC;2;1;1;4216602;São José;42;SC;1;1;1;1;520;490.2;515.7;485.6;0;1;100;120;120;120;80;540
1197538;2024;NA;NA;;NA;;NA;NA;NA;2512507;Queimadas;25;PB;1;1;1;1;353.1;463.8;419.5;402.7;0;1;120;200;120;120;120;680
2263519;2024;NA;NA;;NA;;NA;NA;NA;4311403;Lajeado;43;RS;0;0;0;0;NA;NA;NA;NA;0;NA;NA;NA;NA;NA;NA;NA
3338773;2024;NA;NA;;NA;;NA;NA;NA;5103502;Diamantino;51;MT;0;1;1;0;NA;393;366.7;NA;0;1;120;160;120;100;60;560
3835138;2024;NA;NA;;NA;;NA;NA;NA;2907301;Castro Alves;29;BA;0;0;0;0;NA;NA;NA;NA;1;NA;NA;NA;NA;NA;NA;NA
1670788;2024;35923795;3550308;São Paulo;35;SP;2;1;1;3550308;São Paulo;35;SP;1;1;1;1;574.4;377.7;482.1;491.4;1;1;80;100;80;80;80;420
2757201;2024;33093601;3306206;Vassouras;33;RJ;2;1;1;3306206;Vassouras;33;RJ;0;0;0;0;NA;NA;NA;NA;0;NA;NA;NA;NA;NA;NA;NA
3382248;2024;NA;NA;;NA;;NA;NA;NA;2613503;São José do Belmonte;26;PE;0;0;0;0;NA;NA;NA;NA;1;NA;NA;NA;NA;NA;NA;NA
570997;2024;NA;NA;;NA;;NA;NA;NA;2503704;Cajazeiras;25;PB;1;1;1;1;434.1;581;550.3;417.6;1;1;120;160;140;160;100;680
1938083;2024;NA;NA;;NA;;NA;NA;NA;1501402;Belém;15;PA;0;0;0;0;NA;NA;NA;NA;0;NA;NA;NA;NA;NA;NA;NA
69547;2024;NA;NA;;NA;;NA;NA;NA;2709400;Viçosa;27;AL;1;1;1;1;480.4;426;421.4;410;0;1;80;100;100;100;60;440
3017670;2024;NA;NA;;NA;;NA;NA;NA;4316808;Santa Cruz do Sul;43;RS;0;0;0;0;NA;NA;NA;NA;1;NA;NA;NA;NA;NA;NA;NA
961668;2024;52097676;5208707;Goiânia;52;GO;4;1;1;5208707;Goiânia;52;GO;1;1;1;1;671;669.5;765.3;766.7;0;1;160;200;180;180;200;920
1356850;2024;13078259;1301407;Eirunepé;13;AM;2;1;1;1301407;Eirunepé;13;AM;1;1;1;1;423.5;511.1;497.6;411.4;1;1;120;120;120;140;120;620
1931810;2024;NA;NA;;NA;;NA;NA;NA;2408102;Natal;24;RN;1;1;1;1;697.2;695.8;645.1;842;0;1;160;200;200;200;200;960
3469092;2024;NA;NA;;NA;;NA;NA;NA;4309605;Horizontina;43;RS;1;1;1;1;600.7;595.8;586.6;599.7;0;1;160;180;180;160;160;840
615054;2024;NA;NA;;NA;;NA;NA;NA;3306107;Valença;33;RJ;0;0;0;0;NA;NA;NA;NA;1;NA;NA;NA;NA;NA;NA;NA
817960;2024;NA;NA;;NA;;NA;NA;NA;2300200;Acaraú;23;CE;1;1;1;1;502.7;546.2;506.1;458.8;0;1;120;120;120;120;100;580
1460884;2024;15164543;1500800;Ananindeua;15;PA;4;1;1;1500800;Ananindeua;15;PA;1;1;1;1;504.3;503.1;531.5;389.8;1;1;120;140;120;200;180;760
4212808;2024;NA;NA;;NA;;NA;NA;NA;4323002;Viamão;43;RS;0;0;0;0;NA;NA;NA;NA;0;NA;NA;NA;NA;NA;NA;NA
4142892;2024;32038500;3205200;Vila Velha;32;ES;2;1;1;3205200;Vila Velha;32;ES;1;1;1;1;527.1;477.6;487.1;459;0;1;120;160;120;120;120;640
2977174;2024;NA;NA;;NA;;NA;NA;NA;4312401;Montenegro;43;RS;0;0;0;0;NA;NA;NA;NA;0;NA;NA;NA;NA;NA;NA;NA
4059666;2024;NA;NA;;NA;;NA;NA;NA;3304557;Rio de Janeiro;33;RJ;1;1;1;1;481.2;625.5;593.9;605.1;0;1;160;200;180;180;200;920
1560523;2024;35583443;3515004;Embu das Artes;35;SP;4;1;1;3515004;Embu das Artes;35;SP;0;1;1;0;NA;462;456.1;NA;1;1;100;120;120;120;80;540
2716073;2024;NA;NA;;NA;;NA;NA;NA;5103254;Colniza;51;MT;0;1;1;0;NA;606.8;596.6;NA;0;1;120;120;120;120;40;520
4065912;2024;NA;NA;;NA;;NA;NA;NA;2504009;Campina Grande;25;PB;1;1;1;1;443.3;331;413.1;436.8;1;1;120;160;120;120;80;600
2602416;2024;NA;NA;;NA;;NA;NA;NA;5002704;Campo Grande;50;MS;1;1;1;1;531.2;534.4;560.8;650.2;0;1;100;120;100;80;60;460
3138338;2024;NA;NA;;NA;;NA;NA;NA;3304557;Rio de Janeiro;33;RJ;0;0;0;0;NA;NA;NA;NA;0;NA;NA;NA;NA;NA;NA;NA
3003712;2024;35012245;3551009;São Vicente;35;SP;2;1;1;3551009;São Vicente;35;SP;1;1;1;1;483.8;475.1;406.9;467.2;0;1;80;120;80;120;120;520
3570674;2024;35027248;3555802;Urânia;35;SP;2;1;1;3524808;Jales;35;SP;1;1;1;1;493.9;538.3;535;505.4;0;1;80;120;100;80;60;440
3255680;2024;21025673;2102374;Cachoeira Grande;21;MA;2;1;1;2109601;Rosário;21;MA;1;1;1;1;455.2;358.6;441.7;451.6;0;1;80;120;60;80;80;420
3021292;2024;27035948;2704302;Maceió;27;AL;2;1;1;2704302;Maceió;27;AL;0;0;0;0;NA;NA;NA;NA;0;NA;NA;NA;NA;NA;NA;NA
961651;2024;NA;NA;;NA;;NA;NA;NA;3552502;Suzano;35;SP;1;1;1;1;469.3;520.4;538.1;456.2;0;1;80;100;80;60;40;360
930790;2024;NA;NA;;NA;;NA;NA;NA;2108603;Pinheiro;21;MA;1;1;1;1;565;592.3;574;538.2;1;1;120;120;120;120;160;640
533797;2024;42295262;4209102;Joinville;42;SC;4;1;1;4209102;Joinville;42;SC;1;1;1;1;462.6;548.6;540.2;453;1;1;120;160;120;120;120;640
2116570;2024;NA;NA;;NA;;NA;NA;NA;1100288;Rolim de Moura;11;RO;1;1;1;1;407.1;477.7;530;531.7;0;1;140;180;140;160;120;740
94617;2024;NA;NA;;NA;;NA;NA;NA;2105302;Imperatriz;21;MA;1;1;1;1;488.4;584.7;563.1;648.4;0;1;160;200;160;180;200;900
2357314;2024;NA;NA;;NA;;NA;NA;NA;3139409;Manhuaçu;31;MG;0;0;0;0;NA;NA;NA;NA;0;NA;NA;NA;NA;NA;NA;NA
1555399;2024;24083054;2412005;São Gonçalo do Amarante;24;RN;1;1;1;2412005;São Gonçalo do Amarante;24;RN;1;1;1;1;428.7;494.5;530.5;572.2;1;1;100;160;120;80;140;600
2656325;2024;NA;NA;;NA;;NA;NA;NA;2304400;Fortaleza;23;CE;1;1;1;1;570.9;526.3;573.4;581.2;0;1;120;120;100;100;80;520
1260996;2024;NA;NA;;NA;;NA;NA;NA;3136702;Juiz de Fora;31;MG;0;0;0;0;NA;NA;NA;NA;0;NA;NA;NA;NA;NA;NA;NA
1209236;2024;NA;NA;;NA;;NA;NA;NA;2103208;Chapadinha;21;MA;1;1;1;1;436.9;431.6;459.5;391.6;1;1;80;120;100;140;120;560
4188921;2024;NA;NA;;NA;;NA;NA;NA;2303709;Caucaia;23;CE;0;0;0;0;NA;NA;NA;NA;1;NA;NA;NA;NA;NA;NA;NA
1700743;2024;NA;NA;;NA;;NA;NA;NA;4303103;Cachoeirinha;43;RS;0;0;0;0;NA;NA;NA;NA;0;NA;NA;NA;NA;NA;NA;NA
1827633;2024;29448743;2929909;Seabra;29;BA;1;1;1;2929909;Seabra;29;BA;1;1;1;1;501.6;562.2;552.7;473;0;1;140;200;160;160;200;860
1614164;2024;NA;NA;;NA;;NA;NA;NA;2927408;Salvador;29;BA;1;1;1;1;414.3;425.1;494.2;573.1;1;1;120;100;80;100;100;500
2075285;2024;NA;NA;;NA;;NA;NA;NA;2109908;Santa Inês;21;MA;1;1;1;1;376.7;376.5;402.9;440.8;0;1;120;80;100;100;0;400
2522543;2024;35015362;3522802;Itaporanga;35;SP;2;1;1;3523206;Itararé;35;SP;1;1;1;1;561;460.6;570;461;0;1;100;160;80;80;60;480
1663582;2024;42000696;4205407;Florianópolis;42;SC;2;1;1;4205407;Florianópolis;42;SC;1;1;1;1;638.7;647.4;618.9;728.9;0;1;160;200;160;180;200;900
938974;2024;35043953;3550308;São Paulo;35;SP;2;1;1;3550308;São Paulo;35;SP;1;1;1;1;507.5;553.6;563.3;595;1;1;120;160;120;120;100;620
4310038;2024;NA;NA;;NA;;NA;NA;NA;4309209;Gravataí;43;RS;0;0;0;0;NA;NA;NA;NA;1;NA;NA;NA;NA;NA;NA;NA
3895671;2024;NA;NA;;NA;;NA;NA;NA;5211503;Itumbiara;52;GO;1;1;1;1;389;413.4;497.5;386.5;1;1;100;100;120;120;120;560
3064423;2024;NA;NA;;NA;;NA;NA;NA;3550308;São Paulo;35;SP;1;1;1;1;454.7;407.9;495.5;480.7;0;1;140;180;120;140;120;700
1107586;2024;NA;NA;;NA;;NA;NA;NA;2202604;Castelo do Piauí;22;PI;1;1;1;1;484.2;559.8;518.9;391.3;1;1;140;200;160;180;160;840
3958243;2024;NA;NA;;NA;;NA;NA;NA;4314407;Pelotas;43;RS;0;0;0;0;NA;NA;NA;NA;0;NA;NA;NA;NA;NA;NA;NA
4085791;2024;NA;NA;;NA;;NA;NA;NA;2211001;Teresina;22;PI;0;1;1;0;NA;443.3;532.6;NA;0;1;100;100;60;80;60;400
1851096;2024;33008221;3301009;Campos dos Goytacazes;33;RJ;4;1;1;3301009;Campos dos Goytacazes;33;RJ;1;1;1;1;742.7;581.8;582;830.7;0;1;160;200;200;200;200;960
1003400;2024;28001699;2804508;Nossa Senhora da Glória;28;SE;2;1;1;2804508;Nossa Senhora da Glória;28;SE;1;1;1;1;354.5;430.1;425;463.2;0;1;100;120;100;120;180;620
2643431;2024;35903073;3518701;Guarujá;35;SP;2;1;1;3518701;Guarujá;35;SP;0;0;0;0;NA;NA;NA;NA;1;NA;NA;NA;NA;NA;NA;NA
3682775;2024;NA;NA;;NA;;NA;NA;NA;1302603;Manaus;13;AM;1;1;1;1;389;566.1;531.2;494.3;0;1;120;160;120;120;140;660
3145399;2024;33030456;3302254;Itatiaia;33;RJ;2;1;1;3304201;Resende;33;RJ;0;0;0;0;NA;NA;NA;NA;1;NA;NA;NA;NA;NA;NA;NA
3651683;2024;29169615;2922508;Nazaré;29;BA;2;1;1;2922508;Nazaré;29;BA;1;1;1;1;456.3;488;474;471.2;0;1;120;200;120;140;120;700
1240445;2024;15587282;1500404;Alenquer;15;PA;2;1;1;1500404;Alenquer;15;PA;1;1;1;1;484.2;379.9;416.2;373.9;1;1;100;100;80;100;0;380
8653;2024;35441259;3551702;Sertãozinho;35;SP;4;1;1;3551702;Sertãozinho;35;SP;1;1;1;1;633.4;682.9;646.3;765.8;0;1;160;200;160;160;180;860
1472658;2024;35007094;3554003;Tatuí;35;SP;4;1;1;3554003;Tatuí;35;SP;1;1;1;1;466.1;503.9;557.3;526.7;0;1;120;160;160;140;160;740
438184;2024;23072750;2304400;Fortaleza;23;CE;2;1;1;2304400;Fortaleza;23;CE;1;1;1;1;559.9;585.9;548.2;651.9;0;1;140;180;140;120;140;720
3321660;2024;NA;NA;;NA;;NA;NA;NA;1600303;Macapá;16;AP;1;1;1;1;498;455.7;529.9;387.4;1;1;120;120;80;120;100;540
4295375;2024;NA;NA;;NA;;NA;NA;NA;2927408;Salvador;29;BA;1;1;1;1;468.6;490.2;489.3;685.8;0;1;120;120;120;120;160;640
2813488;2024;29461332;2904605;Brumado;29;BA;1;1;1;2904605;Brumado;29;BA;0;0;0;0;NA;NA;NA;NA;0;NA;NA;NA;NA;NA;NA;NA
2656478;2024;NA;NA;;NA;;NA;NA;NA;2804607;Nossa Senhora das Dores;28;SE;1;1;1;1;526.7;538.9;481.8;410.8;1;1;80;120;120;100;120;540
3502194;2024;31082660;3162401;São João da Ponte;31;MG;2;1;1;3138658;Lontra;31;MG;0;0;0;0;NA;NA;NA;NA;1;NA;NA;NA;NA;NA;NA;NA
2999683;2024;31007561;3106200;Belo Horizonte;31;MG;4;1;1;3106200;Belo Horizonte;31;MG;1;1;1;1;425.9;493.3;521.3;502.9;0;1;160;160;160;180;200;860
3560723;2024;NA;NA;;NA;;NA;NA;NA;1302603;Manaus;13;AM;1;1;1;1;350.8;342.1;374.9;372.9;0;1;60;40;20;40;0;160
425918;2024;NA;NA;;NA;;NA;NA;NA;3105608;Barbacena;31;MG;1;1;1;1;722.5;722.8;650;874.9;0;1;160;180;180;200;200;920
349580;2024;52010368;5218003;Porangatu;52;GO;2;1;1;5218003;Porangatu;52;GO;1;1;1;1;381.5;533.7;483;632.5;0;1;160;200;180;200;200;940
1628971;2024;23038861;2313500;Trairi;23;CE;2;1;1;2313500;Trairi;23;CE;1;1;1;1;387.1;400.2;384.7;448.9;0;1;80;120;100;100;40;440
45348;2024;NA;NA;;NA;;NA;NA;NA;2211308;Valença do Piauí;22;PI;1;1;1;1;421.6;501;504.2;374.3;1;1;120;120;100;100;100;540
1775345;2024;NA;NA;;NA;;NA;NA;NA;3507506;Botucatu;35;SP;1;1;1;1;538.8;494.8;528;712.5;0;1;80;120;120;100;0;420
2305420;2024;NA;NA;;NA;;NA;NA;NA;3201506;Colatina;32;ES;1;1;1;1;568.9;479.2;493.8;586.5;0;1;140;120;120;140;40;560
4283740;2024;NA;NA;;NA;;NA;NA;NA;3547809;Santo André;35;SP;1;1;1;1;572.5;597.3;568.8;588.7;0;1;140;180;140;160;200;820
3834002;2024;35923060;3530607;Mogi das Cruzes;35;SP;2;1;1;3530607;Mogi das Cruzes;35;SP;1;1;1;1;507.6;392;498.2;385.7;1;1;120;80;60;120;20;400
2845831;2024;31200247;3148103;Patrocínio;31;MG;4;1;1;3148103;Patrocínio;31;MG;1;1;1;1;587.8;594.6;582.9;783;0;1;160;200;200;200;200;960
4018883;2024;NA;NA;;NA;;NA;NA;NA;3304557;Rio de Janeiro;33;RJ;1;1;1;1;586.6;653.7;602.9;511.2;0;1;80;120;40;80;80;400
1613343;2024;26128721;2611606;Recife;26;PE;2;1;1;2611606;Recife;26;PE;1;1;1;1;366.8;391;433;412.6;0;1;60;120;80;60;0;320
541795;2024;32059850;3203320;Marataízes;32;ES;2;1;1;3203320;Marataízes;32;ES;1;1;1;1;425.4;490.2;390.9;426;0;1;120;160;100;120;0;500
2108239;2024;21162484;2107803;Parnarama;21;MA;2;1;1;2107803;Parnarama;21;MA;1;1;1;1;524.1;493.4;511.8;495.2;1;1;100;120;100;80;20;420
1401204;2024;21013837;2111300;São Luís;21;MA;4;1;1;2111300;São Luís;21;MA;1;1;1;1;603;546.4;556.1;460;0;1;160;160;160;160;160;800
1254315;2024;35007022;3538709;Piracicaba;35;SP;4;1;1;3538709;Piracicaba;35;SP;1;1;1;1;594;580.1;572.8;647.4;0;1;160;200;180;180;200;920
3919306;2024;NA;NA;;NA;;NA;NA;NA;3203205;Linhares;32;ES;1;1;1;1;568.6;558;582.1;681.9;0;1;120;180;120;140;160;720
3261619;2024;41009223;4105508;Cianorte;41;PR;2;1;1;4105508;Cianorte;41;PR;1;1;1;1;426.3;543.9;506;487.8;1;1;140;200;180;160;160;840
1383631;2024;22118977;2207702;Parnaíba;22;PI;4;1;1;2207702;Parnaíba;22;PI;1;1;1;1;382.2;438.6;511.7;579.9;1;1;160;200;160;200;200;920
2112484;2024;NA;NA;;NA;;NA;NA;NA;2507507;João Pessoa;25;PB;1;1;1;1;576.5;634.6;565.8;612.2;1;1;160;200;180;160;160;860
3347182;2024;NA;NA;;NA;;NA;NA;NA;3135209;Januária;31;MG;1;1;1;1;432.8;475;482.5;416.4;0;1;80;120;60;120;120;500
1325575;2024;NA;NA;;NA;;NA;NA;NA;4106902;Curitiba;41;PR;1;1;1;1;511.9;560.2;525;551.4;0;1;120;120;120;120;20;500
3208728;2024;NA;NA;;NA;;NA;NA;NA;2102325;Buriticupu;21;MA;1;1;1;1;396.5;487.4;531.4;460.1;1;1;120;120;120;140;140;640
302733;2024;NA;NA;;NA;;NA;NA;NA;3300704;Cabo Frio;33;RJ;1;1;1;1;582.3;562.2;585.2;664.5;1;1;140;200;160;180;200;880
3608038;2024;NA;NA;;NA;;NA;NA;NA;3525706;José Bonifácio;35;SP;1;1;1;1;482.3;388.8;417.6;489.3;0;1;120;120;80;100;0;420
1329931;2024;NA;NA;;NA;;NA;NA;NA;2110609;São Bernardo;21;MA;1;1;1;1;386;439.1;434.2;507.1;1;1;100;140;120;120;60;540
379232;2024;42007984;4211702;Orleans;42;SC;2;1;1;4211702;Orleans;42;SC;0;0;0;0;NA;NA;NA;NA;0;NA;NA;NA;NA;NA;NA;NA
4243384;2024;NA;NA;;NA;;NA;NA;NA;4205407;Florianópolis;42;SC;1;1;1;1;475.1;547.6;567.6;379.4;1;1;120;160;100;120;180;680
192126;2024;NA;NA;;NA;;NA;NA;NA;2501302;Aroeiras;25;PB;1;1;1;1;428.4;536.9;519.9;662.7;0;1;120;200;120;120;80;640
750401;2024;NA;NA;;NA;;NA;NA;NA;2408003;Mossoró;24;RN;1;1;1;1;440.5;399.9;523.2;398.4;0;1;140;160;160;140;80;680
3472790;2024;NA;NA;;NA;;NA;NA;NA;2607901;Jaboatão dos Guararapes;26;PE;1;1;1;1;492.4;584.6;541;636.6;0;1;160;180;140;180;180;840
3122740;2024;NA;NA;;NA;;NA;NA;NA;2504306;Catolé do Rocha;25;PB;1;1;1;1;429.1;401.5;476.1;471.2;1;4;0;0;0;0;0;0
2692843;2024;35148970;3538709;Piracicaba;35;SP;4;1;1;3538709;Piracicaba;35;SP;1;1;1;1;455.1;489.1;494.2;432.5;0;1;120;80;80;100;80;460
2463552;2024;NA;NA;;NA;;NA;NA;NA;3144805;Nova Lima;31;MG;0;0;0;0;NA;NA;NA;NA;0;NA;NA;NA;NA;NA;NA;NA
1070143;2024;NA;NA;;NA;;NA;NA;NA;2704302;Maceió;27;AL;1;1;1;1;468.3;548.6;548.8;387.5;1;1;120;140;120;140;160;680
2604178;2024;26075440;2606002;Garanhuns;26;PE;4;1;1;2606002;Garanhuns;26;PE;1;1;1;1;592.8;512.7;545.6;647.2;0;1;160;180;180;160;200;880
2102243;2024;29409535;2906899;Caraíbas;29;BA;2;1;1;2933307;Vitória da Conquista;29;BA;1;1;1;1;529.2;554;570.7;575.4;0;1;100;100;120;120;140;580
435030;2024;22122567;2201929;Bonfim do Piauí;22;PI;2;1;1;2210607;São Raimundo Nonato;22;PI;1;1;1;1;397.5;404.4;470.8;423;1;1;100;120;100;120;40;480
467739;2024;35046085;3503208;Araraquara;35;SP;2;1;1;3503208;Araraquara;35;SP;1;1;1;1;436.3;510.1;513.4;387;0;1;100;120;120;120;160;620
2443641;2024;NA;NA;;NA;;NA;NA;NA;3105400;Barão de Cocais;31;MG;2;1;1;2;NA;394.3;453.5;NA;0;1;100;120;100;120;40;480
302275;2024;29300762;2912905;Ibirataia;29;BA;2;1;1;2913903;Ipiaú;29;BA;1;1;1;1;504.8;468.7;522.9;498.1;0;1;120;160;140;120;120;660
3495683;2024;50082817;5001102;Aquidauana;50;MS;1;1;1;5001102;Aquidauana;50;MS;1;1;1;1;428.6;401.3;470.9;580.5;1;1;160;200;120;140;120;740
3467708;2024;NA;NA;;NA;;NA;NA;NA;3304557;Rio de Janeiro;33;RJ;0;0;0;0;NA;NA;NA;NA;0;NA;NA;NA;NA;NA;NA;NA
191492;2024;12000914;1200203;Cruzeiro do Sul;12;AC;2;1;1;1200203;Cruzeiro do Sul;12;AC;1;1;1;1;489.2;404.5;356.7;372.9;1;1;140;160;140;140;160;740
1735152;2024;NA;NA;;NA;;NA;NA;NA;1100205;Porto Velho;11;RO;1;1;1;1;534.8;586.2;563.4;541.4;0;1;160;200;200;180;200;940
1402002;2024;43096883;4313409;Novo Hamburgo;43;RS;4;1;1;4315602;Rio Grande;43;RS;1;1;1;1;387.9;431.3;499;505;0;1;120;160;120;160;120;680
360959;2024;NA;NA;;NA;;NA;NA;NA;2927408;Salvador;29;BA;1;1;1;1;426.4;559.9;561.8;445.7;1;1;120;120;120;120;100;580
714475;2024;21011133;2111300;São Luís;21;MA;2;1;1;2111300;São Luís;21;MA;1;1;1;1;416.8;529.4;501;431.9;0;1;180;160;160;200;140;840
846223;2024;52075583;5200258;Águas Lindas de Goiás;52;GO;2;1;1;5200258;Águas Lindas de Goiás;52;GO;1;1;1;1;524.7;517;555.3;528;0;1;140;200;180;160;180;860
2577439;2024;35100419;3506508;Birigui;35;SP;4;1;1;3502804;Araçatuba;35;SP;1;1;1;1;526.9;589.1;601.2;684.4;0;1;120;120;120;180;140;680
1865110;2024;NA;NA;;NA;;NA;NA;NA;2611002;Petrolândia;26;PE;0;0;0;0;NA;NA;NA;NA;1;NA;NA;NA;NA;NA;NA;NA
771123;2024;NA;NA;;NA;;NA;NA;NA;2704302;Maceió;27;AL;1;1;1;1;547.3;573.6;537.5;623.6;0;1;140;200;160;120;120;740
2134841;2024;NA;NA;;NA;;NA;NA;NA;3304557;Rio de Janeiro;33;RJ;1;1;1;1;582.9;639.9;636.7;745.6;0;1;160;200;200;200;200;960
3673517;2024;41066359;4117453;Ouro Verde do Oeste;41;PR;2;1;1;4127700;Toledo;41;PR;0;1;1;0;NA;384.7;445.2;NA;1;1;80;120;80;80;120;480
2548857;2024;NA;NA;;NA;;NA;NA;NA;4314902;Porto Alegre;43;RS;0;0;0;0;NA;NA;NA;NA;1;NA;NA;NA;NA;NA;NA;NA
1788774;2024;NA;NA;;NA;;NA;NA;NA;3537107;Pedreira;35;SP;0;0;0;0;NA;NA;NA;NA;1;NA;NA;NA;NA;NA;NA;NA
990012;2024;31174190;3163706;São Lourenço;31;MG;2;1;1;3163706;São Lourenço;31;MG;0;0;0;0;NA;NA;NA;NA;0;NA;NA;NA;NA;NA;NA;NA
3133253;2024;NA;NA;;NA;;NA;NA;NA;2108603;Pinheiro;21;MA;1;1;1;1;537.5;541;541.5;659.8;1;1;160;180;140;160;200;840
893301;2024;NA;NA;;NA;;NA;NA;NA;3304557;Rio de Janeiro;33;RJ;1;1;1;1;586.6;568.5;605.9;663;1;1;120;140;120;100;120;600
4154146;2024;NA;NA;;NA;;NA;NA;NA;2927408;Salvador;29;BA;1;1;1;1;395.6;540.6;464.2;391.8;0;1;80;140;80;100;40;440
4203739;2024;31202401;3111903;Cana Verde;31;MG;2;1;1;3111200;Campo Belo;31;MG;0;0;0;0;NA;NA;NA;NA;1;NA;NA;NA;NA;NA;NA;NA
4060544;2024;50003542;5003306;Coxim;50;MS;2;1;1;5003306;Coxim;50;MS;0;0;0;0;NA;NA;NA;NA;1;NA;NA;NA;NA;NA;NA;NA
3949498;2024;NA;NA;;NA;;NA;NA;NA;3143302;Montes Claros;31;MG;1;1;1;1;372.4;466.2;496.4;416.3;1;1;100;140;80;120;80;520
3225716;2024;NA;NA;;NA;;NA;NA;NA;4125704;São Miguel do Iguaçu;41;PR;1;1;1;1;440.2;471.8;468.5;497.9;1;1;80;120;80;80;0;360
2759112;2024;NA;NA;;NA;;NA;NA;NA;2302008;Barro;23;CE;0;0;0;0;NA;NA;NA;NA;1;NA;NA;NA;NA;NA;NA;NA
2479567;2024;NA;NA;;NA;;NA;NA;NA;2933307;Vitória da Conquista;29;BA;1;1;1;1;572.5;541.9;578.6;652.7;0;1;120;140;120;140;180;700
2259706;2024;NA;NA;;NA;;NA;NA;NA;1302603;Manaus;13;AM;0;1;1;0;NA;419.7;493;NA;1;1;140;120;120;140;80;600
4292911;2024;NA;NA;;NA;;NA;NA;NA;1600303;Macapá;16;AP;0;0;0;0;NA;NA;NA;NA;1;NA;NA;NA;NA;NA;NA;NA
1427836;2024;NA;NA;;NA;;NA;NA;NA;1506807;Santarém;15;PA;0;0;0;0;NA;NA;NA;NA;0;NA;NA;NA;NA;NA;NA;NA
521960;2024;NA;NA;;NA;;NA;NA;NA;2111300;São Luís;21;MA;0;1;1;0;NA;518.3;531.1;NA;1;8;0;0;0;0;0;0
3173320;2024;35102088;3550308;São Paulo;35;SP;4;1;1;3550308;São Paulo;35;SP;1;1;1;1;380.9;480.4;509;478.5;0;1;120;120;120;120;120;600
420128;2024;NA;NA;;NA;;NA;NA;NA;2908002;Coaraci;29;BA;1;1;1;1;405.5;335;456.8;403.9;1;1;120;120;40;120;20;420
1293058;2024;23050055;2306603;Itatira;23;CE;2;1;1;2306603;Itatira;23;CE;1;1;1;1;439;516.3;506;533.5;1;1;140;200;160;180;200;880
2406244;2024;NA;NA;;NA;;NA;NA;NA;2927408;Salvador;29;BA;1;1;1;1;405.9;410.2;340.4;378.3;0;1;120;120;120;120;60;540
3144139;2024;NA;NA;;NA;;NA;NA;NA;1200401;Rio Branco;12;AC;1;1;1;1;383;524;481.2;390;1;1;120;120;140;120;0;500
3484861;2024;NA;NA;;NA;;NA;NA;NA;3301702;Duque de Caxias;33;RJ;0;0;0;0;NA;NA;NA;NA;0;NA;NA;NA;NA;NA;NA;NA
1107935;2024;23082160;2307700;Maranguape;23;CE;2;1;1;2307700;Maranguape;23;CE;1;1;1;1;479.5;444.6;541.4;552;0;1;120;160;120;180;120;700
2880417;2024;31014087;3118601;Contagem;31;MG;4;1;1;3118601;Contagem;31;MG;1;1;1;1;586.5;629.5;651.6;707.8;0;1;180;200;180;200;200;960
592046;2024;NA;NA;;NA;;NA;NA;NA;5103700;Feliz Natal;51;MT;1;1;1;1;416.8;427.8;475.5;415;1;1;120;80;80;100;60;440
1382173;2024;NA;NA;;NA;;NA;NA;NA;2304400;Fortaleza;23;CE;1;1;1;1;524;541.9;512.7;444.6;1;1;100;100;120;120;120;560
2674190;2024;33143676;3303302;Niterói;33;RJ;4;1;1;3303302;Niterói;33;RJ;1;1;1;1;572.4;598.9;591.2;690.8;0;1;160;180;160;180;200;880
842483;2024;NA;NA;;NA;;NA;NA;NA;1506138;Redenção;15;PA;1;1;1;1;585.2;638.7;574.4;703.5;0;1;160;200;180;180;160;880
1961516;2024;NA;NA;;NA;;NA;NA;NA;3550308;São Paulo;35;SP;0;0;0;0;NA;NA;NA;NA;1;NA;NA;NA;NA;NA;NA;NA
1640866;2024;NA;NA;;NA;;NA;NA;NA;2304400;Fortaleza;23;CE;1;1;1;1;473.2;500.2;539.6;596.9;0;1;120;180;120;200;60;680
1489658;2024;41147022;4110706;Irati;41;PR;1;1;1;4110706;Irati;41;PR;1;1;1;1;629.1;591.2;575.2;589.8;0;1;160;200;140;180;140;820
349304;2024;NA;NA;;NA;;NA;NA;NA;4314902;Porto Alegre;43;RS;1;1;1;1;644.5;633.4;578.6;686.8;0;1;160;200;160;180;200;900
965328;2024;42067898;4206405;Guaraciaba;42;SC;2;1;1;4205001;Dionísio Cerqueira;42;SC;1;1;1;1;448.3;441.2;464.7;448.3;0;1;120;200;140;140;140;740
2745361;2024;NA;NA;;NA;;NA;NA;NA;4106902;Curitiba;41;PR;1;1;1;1;566.9;580.5;578.8;618;0;1;160;140;120;140;120;680
882988;2024;NA;NA;;NA;;NA;NA;NA;1302603;Manaus;13;AM;1;1;1;1;372.6;362.7;411.9;462;1;1;120;80;120;120;40;480
1549244;2024;23274565;2304350;Forquilha;23;CE;2;1;1;2304350;Forquilha;23;CE;1;1;1;1;413.7;347.1;456;435.8;1;8;0;0;0;0;0;0
2391881;2024;23265000;2303501;Cascavel;23;CE;2;1;1;2303501;Cascavel;23;CE;1;1;1;1;538.2;510.6;513.9;657.4;0;1;80;180;140;140;180;720
3172838;2024;NA;NA;;NA;;NA;NA;NA;2201200;Barras;22;PI;1;1;1;1;439.6;434;503;422.9;0;1;100;140;120;120;60;540
3907710;2024;NA;NA;;NA;;NA;NA;NA;3523107;Itaquaquecetuba;35;SP;0;0;0;0;NA;NA;NA;NA;0;NA;NA;NA;NA;NA;NA;NA
1800988;2024;35405224;3551009;São Vicente;35;SP;2;1;1;3551009;São Vicente;35;SP;1;1;1;1;466.7;543.3;561.7;732.7;0;1;160;180;140;140;160;780
4091320;2024;31008559;3118601;Contagem;31;MG;2;1;1;3118601;Contagem;31;MG;1;1;1;1;418.6;453.8;483.9;388.2;0;1;100;120;120;100;100;540
742444;2024;NA;NA;;NA;;NA;NA;NA;3502804;Araçatuba;35;SP;0;0;0;0;NA;NA;NA;NA;1;NA;NA;NA;NA;NA;NA;NA
2881145;2024;NA;NA;;NA;;NA;NA;NA;1502103;Cametá;15;PA;1;1;1;1;513.4;513.9;519.5;397.7;1;1;120;160;160;140;140;720
3732222;2024;24086479;2408904;Parelhas;24;RN;1;1;1;2408904;Parelhas;24;RN;1;1;1;1;450.2;415.1;462.7;380.7;0;1;120;120;100;100;120;560
1229200;2024;31000434;3106200;Belo Horizonte;31;MG;2;1;1;3106200;Belo Horizonte;31;MG;0;0;0;0;NA;NA;NA;NA;1;NA;NA;NA;NA;NA;NA;NA
3022287;2024;NA;NA;;NA;;NA;NA;NA;3550308;São Paulo;35;SP;1;2;2;1;476.6;NA;NA;519.5;0;NA;NA;NA;NA;NA;NA;NA
23946;2024;NA;NA;;NA;;NA;NA;NA;2914406;Iraquara;29;BA;1;1;1;1;477.4;415.6;445.9;408.5;0;1;80;160;100;120;100;560
1845744;2024;NA;NA;;NA;;NA;NA;NA;3108602;Brasília de Minas;31;MG;0;0;0;0;NA;NA;NA;NA;1;NA;NA;NA;NA;NA;NA;NA
1145750;2024;15149510;1503606;Itaituba;15;PA;2;1;1;1503606;Itaituba;15;PA;1;1;1;1;431.8;466.4;450.6;464.1;1;1;100;80;80;120;80;460
898920;2024;NA;NA;;NA;;NA;NA;NA;3538709;Piracicaba;35;SP;1;1;1;1;587.2;597.4;638.3;708.5;0;1;120;180;160;160;180;800
4090535;2024;NA;NA;;NA;;NA;NA;NA;2507507;João Pessoa;25;PB;1;1;1;1;638.4;728.5;666.5;888.8;0;1;160;200;180;200;200;940
2228801;2024;NA;NA;;NA;;NA;NA;NA;3304557;Rio de Janeiro;33;RJ;1;1;1;1;440.5;582;551.3;469.6;0;1;120;120;100;120;100;560
354564;2024;NA;NA;;NA;;NA;NA;NA;3304557;Rio de Janeiro;33;RJ;1;1;1;1;538.8;550.2;594.6;571.1;1;1;140;160;140;160;180;780
1060375;2024;23071087;2304400;Fortaleza;23;CE;2;1;1;2304400;Fortaleza;23;CE;1;1;1;1;472.1;0;0;392.7;1;4;0;0;0;0;0;0
337666;2024;NA;NA;;NA;;NA;NA;NA;2112605;Urbano Santos;21;MA;1;1;1;1;529.6;397.3;512;455.2;1;1;100;100;120;80;60;460
2441549;2024;33055874;3303302;Niterói;33;RJ;4;1;1;3303302;Niterói;33;RJ;1;0;0;1;413;NA;NA;444.4;1;NA;NA;NA;NA;NA;NA;NA
346542;2024;NA;NA;;NA;;NA;NA;NA;2412203;São José de Mipibu;24;RN;1;1;1;1;444;521.4;517.4;393;0;1;120;140;120;120;100;600
1515590;2024;15034640;1500800;Ananindeua;15;PA;2;1;1;1500800;Ananindeua;15;PA;1;1;1;1;585.6;543.5;562.1;500.9;1;1;140;160;160;140;80;680
2949244;2024;NA;NA;;NA;;NA;NA;NA;3304557;Rio de Janeiro;33;RJ;1;1;1;1;474;505.8;527.6;511.4;0;1;140;140;120;120;80;600
4005926;2024;NA;NA;;NA;;NA;NA;NA;3525706;José Bonifácio;35;SP;0;0;0;0;NA;NA;NA;NA;0;NA;NA;NA;NA;NA;NA;NA
2033222;2024;NA;NA;;NA;;NA;NA;NA;5300108;Brasília;53;DF;0;1;1;0;NA;495.2;480.8;NA;1;1;120;160;120;140;80;620
3004203;2024;NA;NA;;NA;;NA;NA;NA;1100098;Espigão D'Oeste;11;RO;1;1;1;1;451.5;501;551.4;494.8;1;1;160;180;120;140;160;760
1805708;2024;NA;NA;;NA;;NA;NA;NA;5208707;Goiânia;52;GO;0;0;0;0;NA;NA;NA;NA;0;NA;NA;NA;NA;NA;NA;NA
3521799;2024;NA;NA;;NA;;NA;NA;NA;1506807;Santarém;15;PA;1;1;1;1;472.8;502.7;544.3;381.5;1;4;0;0;0;0;0;0
2155993;2024;NA;NA;;NA;;NA;NA;NA;4106902;Curitiba;41;PR;0;0;0;0;NA;NA;NA;NA;0;NA;NA;NA;NA;NA;NA;NA
2123689;2024;NA;NA;;NA;;NA;NA;NA;4106902;Curitiba;41;PR;0;0;0;0;NA;NA;NA;NA;1;NA;NA;NA;NA;NA;NA;NA
2379975;2024;42015693;4202404;Blumenau;42;SC;2;1;1;4202404;Blumenau;42;SC;1;1;1;1;439.4;504.6;540.6;453.4;0;1;120;120;120;120;60;540
1849970;2024;41162048;4108304;Foz do Iguaçu;41;PR;2;1;1;4108304;Foz do Iguaçu;41;PR;1;1;1;1;610.9;510.4;597.3;663.6;0;1;120;140;120;120;80;580
3560606;2024;NA;NA;;NA;;NA;NA;NA;3306206;Vassouras;33;RJ;0;0;0;0;NA;NA;NA;NA;1;NA;NA;NA;NA;NA;NA;NA
3216927;2024;25061739;2506004;Esperança;25;PB;2;1;1;2506004;Esperança;25;PB;0;0;0;0;NA;NA;NA;NA;1;NA;NA;NA;NA;NA;NA;NA
2454511;2024;29294100;2903409;Belmonte;29;BA;2;1;1;2925303;Porto Seguro;29;BA;1;1;1;1;464.6;419.5;417;407.7;0;1;100;120;120;120;120;580
2249447;2024;NA;NA;;NA;;NA;NA;NA;4314902;Porto Alegre;43;RS;0;0;0;0;NA;NA;NA;NA;0;NA;NA;NA;NA;NA;NA;NA
2481321;2024;15583430;1501808;Breves;15;PA;2;1;1;1501808;Breves;15;PA;1;1;1;1;487.9;455.1;513.6;432.8;1;1;140;120;140;120;100;620
2616438;2024;NA;NA;;NA;;NA;NA;NA;3171303;Viçosa;31;MG;0;0;0;0;NA;NA;NA;NA;1;NA;NA;NA;NA;NA;NA;NA
1411853;2024;NA;NA;;NA;;NA;NA;NA;5300108;Brasília;53;DF;1;1;1;1;582.2;573.3;571.1;665.7;0;1;160;200;180;180;200;920
2254285;2024;NA;NA;;NA;;NA;NA;NA;3550308;São Paulo;35;SP;1;1;1;1;419;489.1;575.3;492.5;1;1;120;120;120;120;60;540
2659724;2024;53019806;5300108;Brasília;53;DF;2;1;1;5300108;Brasília;53;DF;1;1;1;1;364;480;548.5;442;1;1;100;140;80;80;100;500
4034861;2024;NA;NA;;NA;;NA;NA;NA;1504208;Marabá;15;PA;1;1;1;1;478.1;418.6;469.1;445.4;1;1;100;140;60;120;20;440
3039893;2024;NA;NA;;NA;;NA;NA;NA;1100205;Porto Velho;11;RO;1;1;1;1;481.6;500.8;454.7;525.1;0;1;120;180;160;140;180;780
1983279;2024;NA;NA;;NA;;NA;NA;NA;3550308;São Paulo;35;SP;1;1;1;1;408.3;465.3;504.7;465.6;0;6;0;0;0;0;0;0
856179;2024;28018516;2800308;Aracaju;28;SE;2;1;1;2804805;Nossa Senhora do Socorro;28;SE;1;1;1;1;441;335.5;347;514;1;1;140;100;80;100;0;420
227251;2024;NA;NA;;NA;;NA;NA;NA;2408102;Natal;24;RN;0;0;0;0;NA;NA;NA;NA;0;NA;NA;NA;NA;NA;NA;NA
3239230;2024;NA;NA;;NA;;NA;NA;NA;1501402;Belém;15;PA;1;1;1;1;553.1;520.8;532.5;506.1;0;1;100;120;120;120;120;580
1582290;2024;NA;NA;;NA;;NA;NA;NA;2918407;Juazeiro;29;BA;1;1;1;1;416.8;474.9;501.9;392.9;1;1;160;160;140;140;120;720
1779393;2024;NA;NA;;NA;;NA;NA;NA;3547809;Santo André;35;SP;1;1;1;1;526;588.1;555.9;598.8;0;1;140;120;100;120;160;640
3968956;2024;NA;NA;;NA;;NA;NA;NA;3118601;Contagem;31;MG;0;0;0;0;NA;NA;NA;NA;1;NA;NA;NA;NA;NA;NA;NA
986182;2024;NA;NA;;NA;;NA;NA;NA;2403251;Parnamirim;24;RN;1;1;1;1;406;519.9;507.7;430.1;0;1;100;120;100;100;140;560
3051163;2024;35010297;3552809;Taboão da Serra;35;SP;2;1;1;3552809;Taboão da Serra;35;SP;1;1;1;1;479.9;520.9;562.5;504.2;0;1;160;180;140;160;120;760
382371;2024;NA;NA;;NA;;NA;NA;NA;4309209;Gravataí;43;RS;0;0;0;0;NA;NA;NA;NA;0;NA;NA;NA;NA;NA;NA;NA
2877891;2024;42045533;4211058;Monte Carlo;42;SC;2;1;1;4219309;Videira;42;SC;0;0;0;0;NA;NA;NA;NA;0;NA;NA;NA;NA;NA;NA;NA
804479;2024;NA;NA;;NA;;NA;NA;NA;4118402;Paranavaí;41;PR;1;1;1;1;650.5;639.8;586.7;673.6;0;1;140;180;160;180;200;860
1580214;2024;NA;NA;;NA;;NA;NA;NA;2105401;Itapecuru Mirim;21;MA;0;0;0;0;NA;NA;NA;NA;1;NA;NA;NA;NA;NA;NA;NA
3607833;2024;NA;NA;;NA;;NA;NA;NA;5107008;Poxoréu;51;MT;0;0;0;0;NA;NA;NA;NA;1;NA;NA;NA;NA;NA;NA;NA
3128127;2024;NA;NA;;NA;;NA;NA;NA;2616407;Vitória de Santo Antão;26;PE;1;1;1;1;549.4;573.8;538.2;402.8;0;1;120;120;160;120;120;640
2935053;2024;NA;NA;;NA;;NA;NA;NA;2304400;Fortaleza;23;CE;0;0;0;0;NA;NA;NA;NA;0;NA;NA;NA;NA;NA;NA;NA
1856222;2024;NA;NA;;NA;;NA;NA;NA;3167202;Sete Lagoas;31;MG;1;1;1;1;654.3;626.6;607.6;709.2;0;1;160;180;160;160;180;840
3658869;2024;35288779;3509700;Campos do Jordão;35;SP;4;1;1;3509700;Campos do Jordão;35;SP;1;1;1;1;516.9;398;472.5;452.5;0;1;120;120;120;120;120;600
528517;2024;35579403;3509502;Campinas;35;SP;4;1;1;3509502;Campinas;35;SP;1;1;1;1;690.8;770.3;679.7;834.4;0;1;160;200;160;200;180;900
1421992;2024;NA;NA;;NA;;NA;NA;NA;1501402;Belém;15;PA;1;1;1;1;403.2;458.7;474.6;424.6;1;1;100;120;100;140;100;560
2600185;2024;52071979;5213806;Morrinhos;52;GO;1;2;1;5213806;Morrinhos;52;GO;1;1;1;1;605.2;634.1;572;719.4;0;1;120;180;120;160;180;760
2796375;2024;NA;NA;;NA;;NA;NA;NA;5107909;Sinop;51;MT;0;0;0;0;NA;NA;NA;NA;0;NA;NA;NA;NA;NA;NA;NA
4030487;2024;NA;NA;;NA;;NA;NA;NA;1100205;Porto Velho;11;RO;1;1;1;1;575;504.7;506.6;547.3;1;1;120;160;120;120;120;640
2847566;2024;NA;NA;;NA;;NA;NA;NA;2920502;Maracás;29;BA;1;1;1;1;486.7;353.3;385.1;432.5;1;1;80;120;100;120;80;500
3713058;2024;28028317;2803203;Itaporanga d'Ajuda;28;SE;2;1;1;2803203;Itaporanga d'Ajuda;28;SE;0;0;0;0;NA;NA;NA;NA;1;NA;NA;NA;NA;NA;NA;NA
1361956;2024;13030809;1302603;Manaus;13;AM;2;1;1;1302603;Manaus;13;AM;1;1;1;1;437.1;530.3;569.3;427.7;0;1;120;120;120;120;100;580
4199356;2024;NA;NA;;NA;;NA;NA;NA;3106200;Belo Horizonte;31;MG;0;0;0;0;NA;NA;NA;NA;1;NA;NA;NA;NA;NA;NA;NA
2785369;2024;NA;NA;;NA;;NA;NA;NA;2400802;Angicos;24;RN;1;1;1;1;534.5;594.9;529.7;507.7;1;1;80;120;120;120;160;600
2637558;2024;NA;NA;;NA;;NA;NA;NA;4207007;Içara;42;SC;1;1;1;1;637.7;555.2;590.2;740.2;0;1;140;120;140;140;160;700
741586;2024;21199090;2111300;São Luís;21;MA;4;1;1;2111300;São Luís;21;MA;1;1;1;1;575;656.9;508.3;660.7;0;1;160;200;180;180;180;900
2172876;2024;29406080;2928703;Santo Antônio de Jesus;29;BA;4;1;1;2928703;Santo Antônio de Jesus;29;BA;1;1;1;1;681.8;656.9;592.1;813.9;0;1;140;180;160;180;200;860
22700;2024;NA;NA;;NA;;NA;NA;NA;1503309;Igarapé-Miri;15;PA;0;0;0;0;NA;NA;NA;NA;1;NA;NA;NA;NA;NA;NA;NA
4128023;2024;NA;NA;;NA;;NA;NA;NA;4205407;Florianópolis;42;SC;1;1;1;1;552.1;512.8;530.9;378.1;0;1;120;120;100;120;100;560
2969712;2024;51014475;5107925;Sorriso;51;MT;2;1;1;5107925;Sorriso;51;MT;1;1;1;1;424.3;485.4;499;453.2;1;1;120;120;80;120;80;520
3815886;2024;35024065;3543402;Ribeirão Preto;35;SP;2;1;1;3543402;Ribeirão Preto;35;SP;1;1;1;1;520.9;575.6;556.9;500.3;0;1;120;200;140;120;160;740
3462531;2024;NA;NA;;NA;;NA;NA;NA;4308508;Frederico Westphalen;43;RS;0;0;0;0;NA;NA;NA;NA;1;NA;NA;NA;NA;NA;NA;NA
1147012;2024;23079959;2307650;Maracanaú;23;CE;2;1;1;2307650;Maracanaú;23;CE;1;1;1;1;514.7;530.5;538.3;409.8;0;1;100;120;100;100;120;540
3084363;2024;NA;NA;;NA;;NA;NA;NA;3507506;Botucatu;35;SP;1;1;1;1;523.8;361.8;472.3;497.8;0;1;160;200;200;140;160;860
3714092;2024;NA;NA;;NA;;NA;NA;NA;5300108;Brasília;53;DF;0;0;0;0;NA;NA;NA;NA;0;NA;NA;NA;NA;NA;NA;NA
2850839;2024;50033115;5003702;Dourados;50;MS;1;1;1;5003702;Dourados;50;MS;1;1;1;1;482.7;526.1;536.9;433.1;1;1;120;160;140;160;100;680
2741396;2024;NA;NA;;NA;;NA;NA;NA;3504107;Atibaia;35;SP;1;1;1;1;472.2;534;509.6;408.3;1;2;0;0;0;0;0;0
1637070;2024;NA;NA;;NA;;NA;NA;NA;3550308;São Paulo;35;SP;1;1;1;1;431.8;421.2;556.9;400.9;0;1;120;120;120;120;80;560
2553664;2024;35029543;3511003;Castilho;35;SP;2;1;1;3502101;Andradina;35;SP;1;1;1;1;371.9;491.1;411.4;554.3;0;1;100;120;60;100;100;480
789867;2024;24089095;2407104;Macaíba;24;RN;2;1;1;2403251;Parnamirim;24;RN;1;1;1;1;532.3;455;521.5;415.2;1;1;140;200;140;200;180;860
3586709;2024;NA;NA;;NA;;NA;NA;NA;4218202;Timbó;42;SC;1;1;1;1;434.7;448.2;447.7;497.1;1;1;80;120;80;120;120;520
1005648;2024;26116359;2610707;Paulista;26;PE;2;1;1;2610707;Paulista;26;PE;1;1;1;1;424.2;407.4;344.6;415.8;1;1;100;100;100;140;0;440
2764765;2024;NA;NA;;NA;;NA;NA;NA;3543402;Ribeirão Preto;35;SP;0;0;0;0;NA;NA;NA;NA;1;NA;NA;NA;NA;NA;NA;NA
2437607;2024;29397863;2905701;Camaçari;29;BA;2;1;1;2905701;Camaçari;29;BA;1;1;1;1;577.6;545.2;554.8;452.3;1;1;120;120;100;120;80;540
2256049;2024;NA;NA;;NA;;NA;NA;NA;2305506;Iguatu;23;CE;1;1;1;1;542.7;506.4;486.2;441.8;0;1;120;120;120;120;80;560
3619597;2024;NA;NA;;NA;;NA;NA;NA;3106200;Belo Horizonte;31;MG;0;0;0;0;NA;NA;NA;NA;1;NA;NA;NA;NA;NA;NA;NA
2928196;2024;23241314;2307650;Maracanaú;23;CE;2;1;1;2307650;Maracanaú;23;CE;0;0;0;0;NA;NA;NA;NA;1;NA;NA;NA;NA;NA;NA;NA
935205;2024;35002999;3550308;São Paulo;35;SP;2;1;1;3550308;São Paulo;35;SP;1;1;1;1;399.5;590.7;565.3;629.5;0;1;100;200;120;100;80;600
319307;2024;22001530;2201200;Barras;22;PI;2;1;1;2201200;Barras;22;PI;0;2;2;0;NA;NA;NA;NA;0;NA;NA;NA;NA;NA;NA;NA
2168440;2024;NA;NA;;NA;;NA;NA;NA;3304557;Rio de Janeiro;33;RJ;0;1;1;0;NA;398;572.4;NA;0;1;120;140;100;100;100;560
2469348;2024;21490210;2102077;Bom Lugar;21;MA;2;1;1;2101202;Bacabal;21;MA;0;0;0;0;NA;NA;NA;NA;1;NA;NA;NA;NA;NA;NA;NA
3481597;2024;NA;NA;;NA;;NA;NA;NA;3302205;Itaperuna;33;RJ;1;1;1;1;392.5;401.8;359.9;444.7;1;1;80;100;80;80;60;400
4110001;2024;NA;NA;;NA;;NA;NA;NA;4313409;Novo Hamburgo;43;RS;1;1;1;1;539.7;574.2;531.9;560.2;1;1;80;100;80;100;60;420
2625756;2024;52001148;5215256;Novo Planalto;52;GO;2;1;1;5218003;Porangatu;52;GO;0;0;0;0;NA;NA;NA;NA;1;NA;NA;NA;NA;NA;NA;NA
1074324;2024;23068833;2304400;Fortaleza;23;CE;2;1;1;2304400;Fortaleza;23;CE;0;0;0;0;NA;NA;NA;NA;1;NA;NA;NA;NA;NA;NA;NA
2430892;2024;NA;NA;;NA;;NA;NA;NA;4320107;Sarandi;43;RS;1;1;1;1;387.3;464;484.4;464.5;1;1;100;40;40;100;40;320
290502;2024;NA;NA;;NA;;NA;NA;NA;3304151;Quissamã;33;RJ;0;0;0;0;NA;NA;NA;NA;1;NA;NA;NA;NA;NA;NA;NA
2765049;2024;NA;NA;;NA;;NA;NA;NA;3138203;Lavras;31;MG;0;0;0;0;NA;NA;NA;NA;1;NA;NA;NA;NA;NA;NA;NA
1462340;2024;NA;NA;;NA;;NA;NA;NA;2112100;Timbiras;21;MA;1;1;1;1;462.7;609.5;581.5;506.5;1;1;140;180;140;180;160;800
3769088;2024;35017954;3504107;Atibaia;35;SP;2;2;1;3504107;Atibaia;35;SP;0;0;0;0;NA;NA;NA;NA;1;NA;NA;NA;NA;NA;NA;NA
2588487;2024;35038544;3510609;Carapicuíba;35;SP;2;1;1;3510609;Carapicuíba;35;SP;0;0;0;0;NA;NA;NA;NA;0;NA;NA;NA;NA;NA;NA;NA
2482757;2024;NA;NA;;NA;;NA;NA;NA;3538006;Pindamonhangaba;35;SP;1;1;1;1;403.6;514;486.6;424.5;1;6;0;0;0;0;0;0
358417;2024;NA;NA;;NA;;NA;NA;NA;3510203;Capão Bonito;35;SP;1;1;1;1;616.2;633.9;646.4;698.4;1;1;160;200;160;160;180;860
4017632;2024;NA;NA;;NA;;NA;NA;NA;1501402;Belém;15;PA;0;0;0;0;NA;NA;NA;NA;1;NA;NA;NA;NA;NA;NA;NA
4094479;2024;NA;NA;;NA;;NA;NA;NA;3526902;Limeira;35;SP;1;1;1;1;530.6;533.8;532.9;595.8;0;1;80;100;80;40;0;300
2552268;2024;NA;NA;;NA;;NA;NA;NA;3126703;Francisco Sá;31;MG;1;1;1;1;570.9;362.9;525.7;507.5;0;1;160;160;140;180;160;800
3965284;2024;NA;NA;;NA;;NA;NA;NA;3162922;São Joaquim de Bicas;31;MG;1;1;1;1;503;492.4;519.6;471.4;1;1;120;140;120;120;140;640
2601805;2024;NA;NA;;NA;;NA;NA;NA;4106902;Curitiba;41;PR;1;1;1;1;537.4;642.9;633.9;469.4;0;1;160;180;160;160;200;860
3415836;2024;NA;NA;;NA;;NA;NA;NA;4127700;Toledo;41;PR;1;1;1;1;561.6;565.3;518.4;533;1;1;120;120;100;140;80;560
1512155;2024;NA;NA;;NA;;NA;NA;NA;3132503;Itamarandiba;31;MG;1;1;1;1;454.5;485.5;513.7;467.4;1;1;120;140;120;140;100;620
3989946;2024;NA;NA;;NA;;NA;NA;NA;2111300;São Luís;21;MA;1;1;1;1;490;579.9;354.8;472.5;1;1;80;120;60;60;0;320
803372;2024;NA;NA;;NA;;NA;NA;NA;5300108;Brasília;53;DF;0;0;0;0;NA;NA;NA;NA;1;NA;NA;NA;NA;NA;NA;NA
4082143;2024;NA;NA;;NA;;NA;NA;NA;3304201;Resende;33;RJ;0;1;1;0;NA;594;566;NA;0;1;160;180;160;160;160;820
3197462;2024;NA;NA;;NA;;NA;NA;NA;1502103;Cametá;15;PA;0;0;0;0;NA;NA;NA;NA;1;NA;NA;NA;NA;NA;NA;NA
516647;2024;23013176;2313609;Ubajara;23;CE;2;1;1;2313609;Ubajara;23;CE;1;1;1;1;421.4;385.7;401.7;453.3;0;1;120;140;140;120;40;560
1195834;2024;NA;NA;;NA;;NA;NA;NA;2927408;Salvador;29;BA;1;1;1;1;477.8;436.4;510.1;386.7;1;1;120;160;120;120;80;600
643350;2024;35001636;3550308;São Paulo;35;SP;2;1;1;3550308;São Paulo;35;SP;1;1;1;1;545.7;598.3;597.8;698.8;0;1;120;180;140;160;140;740
2321669;2024;21199582;2111300;São Luís;21;MA;1;1;1;2111300;São Luís;21;MA;1;1;1;1;366.2;514.7;517.8;460.1;0;1;80;100;80;100;40;400
2531851;2024;NA;NA;;NA;;NA;NA;NA;5210406;Itaberaí;52;GO;0;0;0;0;NA;NA;NA;NA;0;NA;NA;NA;NA;NA;NA;NA
2282878;2024;NA;NA;;NA;;NA;NA;NA;2516201;Sousa;25;PB;1;1;1;1;342.7;404.1;464.4;454.3;1;1;120;80;120;120;80;520
3014195;2024;24044970;2401800;Brejinho;24;RN;2;1;1;2411502;Santo Antônio;24;RN;1;1;1;1;429.8;422;419.1;405.8;1;1;80;120;80;120;80;480
715518;2024;33197601;3303609;Paracambi;33;RJ;1;1;1;3302270;Japeri;33;RJ;1;1;1;1;525;570.2;549.4;559.5;0;1;120;200;160;180;200;860
4184237;2024;35902597;3550308;São Paulo;35;SP;2;1;1;3550308;São Paulo;35;SP;0;0;0;0;NA;NA;NA;NA;0;NA;NA;NA;NA;NA;NA;NA
2022728;2024;31105953;3136207;João Monlevade;31;MG;4;1;1;3136207;João Monlevade;31;MG;1;1;1;1;686;695.2;633.6;760.2;0;1;160;180;160;200;200;900
1306406;2024;NA;NA;;NA;;NA;NA;NA;3539806;Poá;35;SP;1;1;1;1;496.1;468.9;448.7;387.5;1;1;120;160;120;140;140;680
1897860;2024;NA;NA;;NA;;NA;NA;NA;2408102;Natal;24;RN;1;1;1;1;557.2;534.9;581.4;431.9;1;1;120;140;120;80;120;580
493697;2024;12013242;1200401;Rio Branco;12;AC;2;1;1;1200401;Rio Branco;12;AC;1;1;1;1;478.2;497.4;502.6;398.4;1;1;80;140;120;120;120;580
2301898;2024;35109101;3548807;São Caetano do Sul;35;SP;4;1;1;3548807;São Caetano do Sul;35;SP;1;1;1;1;446.7;493.2;481.8;450.1;0;1;120;180;140;160;120;720
2928007;2024;NA;NA;;NA;;NA;NA;NA;3520400;Ilhabela;35;SP;0;0;0;0;NA;NA;NA;NA;0;NA;NA;NA;NA;NA;NA;NA
2582490;2024;NA;NA;;NA;;NA;NA;NA;2309300;Nova Russas;23;CE;1;1;1;1;468.6;507.6;483.5;405.9;1;1;160;180;140;160;200;840
3195912;2024;29336473;2927408;Salvador;29;BA;2;1;1;2927408;Salvador;29;BA;1;1;1;1;468.7;513.9;573.2;536.5;0;1;120;120;100;120;120;580
3181661;2024;NA;NA;;NA;;NA;NA;NA;3509502;Campinas;35;SP;1;1;1;1;531.8;385.2;524.2;405.4;0;1;140;180;140;140;80;680
1471341;2024;50005928;5002704;Campo Grande;50;MS;2;1;1;5002704;Campo Grande;50;MS;1;1;1;1;498;564.8;545.2;431;0;1;120;120;120;100;40;500
4071676;2024;NA;NA;;NA;;NA;NA;NA;4315602;Rio Grande;43;RS;0;0;0;0;NA;NA;NA;NA;1;NA;NA;NA;NA;NA;NA;NA
1141005;2024;NA;NA;;NA;;NA;NA;NA;2304400;Fortaleza;23;CE;0;0;0;0;NA;NA;NA;NA;0;NA;NA;NA;NA;NA;NA;NA
1569378;2024;NA;NA;;NA;;NA;NA;NA;3146107;Ouro Preto;31;MG;1;1;1;1;420.4;529.1;585.9;498.9;1;1;120;140;100;120;100;580
2566781;2024;33067791;3304557;Rio de Janeiro;33;RJ;2;1;1;3304557;Rio de Janeiro;33;RJ;1;1;1;1;416.7;517.2;537.1;506.8;0;1;100;160;120;120;100;600
2687191;2024;33058601;3303500;Nova Iguaçu;33;RJ;2;1;1;3303500;Nova Iguaçu;33;RJ;1;1;1;1;519.3;525.8;559;624.1;0;1;100;160;120;120;120;620
579040;2024;35005113;3550308;São Paulo;35;SP;2;1;1;3550308;São Paulo;35;SP;1;1;1;1;497.9;481.3;429.6;536.8;0;1;120;120;100;100;100;540
2595345;2024;NA;NA;;NA;;NA;NA;NA;3205309;Vitória;32;ES;1;1;1;1;415.7;556.3;536.3;405.6;1;1;100;40;40;100;60;340
2420488;2024;35118928;3550308;São Paulo;35;SP;4;1;1;3550308;São Paulo;35;SP;0;0;0;0;NA;NA;NA;NA;0;NA;NA;NA;NA;NA;NA;NA
578419;2024;35133395;3550308;São Paulo;35;SP;4;1;1;3550308;São Paulo;35;SP;1;1;1;1;511.2;573.2;614.4;552.7;0;1;160;120;160;120;200;760
381780;2024;29229421;2918001;Jequié;29;BA;2;1;1;2918001;Jequié;29;BA;1;1;1;1;438.9;417.8;492.6;442.9;0;1;80;120;100;100;0;400
4045010;2024;NA;NA;;NA;;NA;NA;NA;3157807;Santa Luzia;31;MG;0;0;0;0;NA;NA;NA;NA;1;NA;NA;NA;NA;NA;NA;NA
1121800;2024;35005859;3518800;Guarulhos;35;SP;2;1;1;3518800;Guarulhos;35;SP;1;1;1;1;411.5;430.3;456.6;396.7;0;1;100;120;120;120;100;560
4147317;2024;29208297;2919801;Macaúbas;29;BA;2;1;1;2919801;Macaúbas;29;BA;0;0;0;0;NA;NA;NA;NA;1;NA;NA;NA;NA;NA;NA;NA
3309816;2024;NA;NA;;NA;;NA;NA;NA;2927408;Salvador;29;BA;0;0;0;0;NA;NA;NA;NA;1;NA;NA;NA;NA;NA;NA;NA
1217775;2024;26031914;2603009;Cabrobó;26;PE;2;1;1;2603009;Cabrobó;26;PE;1;1;1;1;450.6;433.4;498.5;405.5;0;1;120;180;120;160;140;720
4122673;2024;NA;NA;;NA;;NA;NA;NA;3518404;Guaratinguetá;35;SP;0;0;0;0;NA;NA;NA;NA;1;NA;NA;NA;NA;NA;NA;NA
1563055;2024;41025806;4101408;Apucarana;41;PR;2;1;1;4101408;Apucarana;41;PR;1;1;1;1;394.4;579.1;578.4;602.5;0;1;120;200;120;120;160;720
2194660;2024;NA;NA;;NA;;NA;NA;NA;5211503;Itumbiara;52;GO;1;1;1;1;471.3;449.1;471.2;392.6;1;1;120;120;80;120;0;440
901946;2024;NA;NA;;NA;;NA;NA;NA;2910503;Entre Rios;29;BA;0;0;0;0;NA;NA;NA;NA;0;NA;NA;NA;NA;NA;NA;NA
3247812;2024;NA;NA;;NA;;NA;NA;NA;1721000;Palmas;17;TO;0;0;0;0;NA;NA;NA;NA;0;NA;NA;NA;NA;NA;NA;NA
3495287;2024;NA;NA;;NA;;NA;NA;NA;3509502;Campinas;35;SP;1;1;1;1;588.2;575.5;633.2;693.1;0;1;120;120;120;160;200;720
4062920;2024;NA;NA;;NA;;NA;NA;NA;2506806;Ingá;25;PB;0;0;0;0;NA;NA;NA;NA;1;NA;NA;NA;NA;NA;NA;NA
684411;2024;31096555;3101508;Além Paraíba;31;MG;2;1;1;3101508;Além Paraíba;31;MG;0;0;0;0;NA;NA;NA;NA;1;NA;NA;NA;NA;NA;NA;NA
184158;2024;NA;NA;;NA;;NA;NA;NA;3543402;Ribeirão Preto;35;SP;1;1;1;1;510.3;393.8;554.6;421.1;0;1;120;140;120;120;180;680
2745157;2024;NA;NA;;NA;;NA;NA;NA;2922508;Nazaré;29;BA;0;1;1;0;NA;403;561.2;NA;0;1;80;120;80;100;0;380
278089;2024;NA;NA;;NA;;NA;NA;NA;2800308;Aracaju;28;SE;0;0;0;0;NA;NA;NA;NA;1;NA;NA;NA;NA;NA;NA;NA
3506507;2024;NA;NA;;NA;;NA;NA;NA;4304408;Canela;43;RS;0;0;0;0;NA;NA;NA;NA;1;NA;NA;NA;NA;NA;NA;NA
2377085;2024;22142274;2210003;São João do Piauí;22;PI;1;1;1;2210003;São João do Piauí;22;PI;1;1;1;1;374.8;501.8;490.6;457.1;1;1;100;120;100;80;0;400
2186185;2024;31115207;3126109;Formiga;31;MG;2;1;1;3126109;Formiga;31;MG;1;1;1;1;593.6;512.9;539.8;682.1;1;1;160;180;140;180;180;840
3114249;2024;NA;NA;;NA;;NA;NA;NA;2304400;Fortaleza;23;CE;1;1;1;1;537.6;688.1;508.4;781.4;0;1;160;200;160;180;200;900
929555;2024;NA;NA;;NA;;NA;NA;NA;3205200;Vila Velha;32;ES;1;1;1;1;432.8;488.1;512;454.8;1;1;140;200;140;180;180;840
1567508;2024;NA;NA;;NA;;NA;NA;NA;3305554;Seropédica;33;RJ;0;0;0;0;NA;NA;NA;NA;0;NA;NA;NA;NA;NA;NA;NA
2703385;2024;NA;NA;;NA;;NA;NA;NA;3552205;Sorocaba;35;SP;0;0;0;0;NA;NA;NA;NA;0;NA;NA;NA;NA;NA;NA;NA
2958477;2024;NA;NA;;NA;;NA;NA;NA;2101905;Bequimão;21;MA;0;0;0;0;NA;NA;NA;NA;0;NA;NA;NA;NA;NA;NA;NA
2820248;2024;NA;NA;;NA;;NA;NA;NA;4104808;Cascavel;41;PR;1;1;1;1;418.3;497.7;483.4;428.2;1;1;120;140;120;120;140;640
3946395;2024;NA;NA;;NA;;NA;NA;NA;5102678;Campo Verde;51;MT;0;0;0;0;NA;NA;NA;NA;0;NA;NA;NA;NA;NA;NA;NA
3153401;2024;35002914;3550308;São Paulo;35;SP;2;1;1;3518800;Guarulhos;35;SP;1;1;1;1;505.7;530.6;544.1;603.2;0;1;100;140;100;140;140;620
3989629;2024;NA;NA;;NA;;NA;NA;NA;3300100;Angra dos Reis;33;RJ;1;1;1;1;420.1;452.3;500.4;389.2;1;1;120;120;80;100;40;460
1238996;2024;NA;NA;;NA;;NA;NA;NA;1302603;Manaus;13;AM;0;0;0;0;NA;NA;NA;NA;0;NA;NA;NA;NA;NA;NA;NA
3929151;2024;NA;NA;;NA;;NA;NA;NA;3541307;Presidente Epitácio;35;SP;1;1;1;1;457.5;520.4;567.4;545;0;1;100;120;100;80;80;480
2965583;2024;35032657;3552908;Taciba;35;SP;2;1;1;3541406;Presidente Prudente;35;SP;0;0;0;0;NA;NA;NA;NA;1;NA;NA;NA;NA;NA;NA;NA
4253609;2024;NA;NA;;NA;;NA;NA;NA;4314100;Passo Fundo;43;RS;0;0;0;0;NA;NA;NA;NA;0;NA;NA;NA;NA;NA;NA;NA
4134848;2024;NA;NA;;NA;;NA;NA;NA;3552403;Sumaré;35;SP;0;0;0;0;NA;NA;NA;NA;0;NA;NA;NA;NA;NA;NA;NA
3412076;2024;31349720;3131307;Ipatinga;31;MG;4;1;1;3168705;Timóteo;31;MG;1;1;1;1;721.1;656;589.1;775.6;0;1;160;200;200;180;180;920
379629;2024;NA;NA;;NA;;NA;NA;NA;2612208;Salgueiro;26;PE;1;1;1;1;462.1;405.2;446;432;0;1;100;120;60;80;120;480
1000872;2024;NA;NA;;NA;;NA;NA;NA;2802908;Itabaiana;28;SE;1;1;1;1;525.5;567.2;512.3;577.6;0;1;120;180;160;200;200;860
3991250;2024;NA;NA;;NA;;NA;NA;NA;2925303;Porto Seguro;29;BA;1;1;1;1;511.1;485.5;536.6;468;0;1;160;160;120;80;120;640
3420035;2024;NA;NA;;NA;;NA;NA;NA;3134400;Iturama;31;MG;1;1;1;1;434.6;471.7;415.5;432.6;0;1;80;80;80;140;0;380
3817179;2024;13103423;1302603;Manaus;13;AM;2;1;1;1302603;Manaus;13;AM;1;1;1;1;494.7;451.7;365.1;384.1;1;1;80;80;40;100;20;320
3979432;2024;NA;NA;;NA;;NA;NA;NA;3113404;Caratinga;31;MG;1;1;1;1;413.1;474.6;532.3;511.4;0;1;140;200;160;160;160;820
2765221;2024;NA;NA;;NA;;NA;NA;NA;3304904;São Gonçalo;33;RJ;0;0;0;0;NA;NA;NA;NA;0;NA;NA;NA;NA;NA;NA;NA
1992773;2024;35564102;3509007;Caieiras;35;SP;2;1;1;3509007;Caieiras;35;SP;1;1;1;1;472.4;560.2;569.8;491.5;0;1;120;160;80;100;140;600
4266099;2024;NA;NA;;NA;;NA;NA;NA;4303103;Cachoeirinha;43;RS;1;1;1;1;579.7;575.2;633.7;537.4;0;1;160;180;160;160;160;820
1941648;2024;NA;NA;;NA;;NA;NA;NA;2211001;Teresina;22;PI;1;1;1;1;464.7;504.9;503.9;459.6;0;1;120;200;100;140;120;680
59560;2024;31020265;3120003;Córrego Novo;31;MG;2;1;1;3131307;Ipatinga;31;MG;1;1;1;1;479.5;550.6;541.8;408.8;1;1;160;160;140;180;160;800
2835115;2024;43104959;4314902;Porto Alegre;43;RS;4;1;1;4314902;Porto Alegre;43;RS;1;1;1;1;549.3;647.2;573.4;711.2;0;1;120;200;160;180;200;860
1199748;2024;NA;NA;;NA;;NA;NA;NA;3205200;Vila Velha;32;ES;0;0;0;0;NA;NA;NA;NA;1;NA;NA;NA;NA;NA;NA;NA
2404561;2024;NA;NA;;NA;;NA;NA;NA;3550308;São Paulo;35;SP;1;1;1;1;481.3;467.3;575.5;547.3;0;1;160;200;140;180;200;880
2427680;2024;23164808;2307304;Juazeiro do Norte;23;CE;2;1;1;2307304;Juazeiro do Norte;23;CE;0;0;0;0;NA;NA;NA;NA;0;NA;NA;NA;NA;NA;NA;NA
431674;2024;NA;NA;;NA;;NA;NA;NA;2408003;Mossoró;24;RN;1;1;1;1;398.6;588.4;576.8;496.1;0;1;180;160;160;160;160;820
3640786;2024;29395321;2933604;Xique-Xique;29;BA;2;1;1;2933604;Xique-Xique;29;BA;0;0;0;0;NA;NA;NA;NA;1;NA;NA;NA;NA;NA;NA;NA
3252712;2024;NA;NA;;NA;;NA;NA;NA;3303500;Nova Iguaçu;33;RJ;1;1;1;1;449.6;336.9;498.2;455;1;1;120;140;120;140;100;620
620295;2024;NA;NA;;NA;;NA;NA;NA;2704302;Maceió;27;AL;1;1;1;1;462.9;513.3;497.4;376.4;0;1;80;120;80;80;0;360
89475;2024;33058377;3303500;Nova Iguaçu;33;RJ;2;1;1;3300456;Belford Roxo;33;RJ;1;1;1;1;388.3;412.5;352.6;456.6;0;1;120;160;120;120;120;640
1320263;2024;NA;NA;;NA;;NA;NA;NA;2307304;Juazeiro do Norte;23;CE;1;1;1;1;365.1;328.8;442.3;462.6;0;1;120;80;40;120;0;360
74025;2024;29642612;2927408;Salvador;29;BA;4;1;1;2927408;Salvador;29;BA;1;1;1;1;531.3;585.6;535.5;557;0;1;120;120;120;120;140;620
365508;2024;NA;NA;;NA;;NA;NA;NA;2506301;Guarabira;25;PB;1;1;1;1;470.3;470.3;559.6;420;1;1;80;120;100;120;100;520
2208281;2024;NA;NA;;NA;;NA;NA;NA;1303536;Presidente Figueiredo;13;AM;0;0;0;0;NA;NA;NA;NA;1;NA;NA;NA;NA;NA;NA;NA
3475348;2024;NA;NA;;NA;;NA;NA;NA;1502103;Cametá;15;PA;0;0;0;0;NA;NA;NA;NA;1;NA;NA;NA;NA;NA;NA;NA
2010805;2024;NA;NA;;NA;;NA;NA;NA;2611101;Petrolina;26;PE;1;1;1;1;512.8;642.6;572.6;710.7;0;1;160;180;180;200;200;920
2419014;2024;NA;NA;;NA;;NA;NA;NA;5208707;Goiânia;52;GO;1;1;1;1;538.4;551.1;543;629.3;0;1;160;200;200;200;200;960
2876709;2024;31127868;3104304;Areado;31;MG;4;1;1;3104304;Areado;31;MG;1;1;1;1;582.2;597.1;596.7;683.3;0;1;160;180;160;200;200;900
3071809;2024;33157065;3304557;Rio de Janeiro;33;RJ;2;1;1;3304557;Rio de Janeiro;33;RJ;1;1;1;1;523.5;402.4;382.8;433;1;4;0;0;0;0;0;0
1316643;2024;31081591;3143302;Montes Claros;31;MG;2;1;1;3143302;Montes Claros;31;MG;1;1;1;1;490.2;505.1;529.7;391.8;1;1;140;140;120;140;120;660
1121872;2024;NA;NA;;NA;;NA;NA;NA;2303709;Caucaia;23;CE;1;1;1;1;559.3;615.4;583.7;612.3;1;1;140;180;120;180;120;740
3940398;2024;15039641;1501402;Belém;15;PA;2;1;1;1501402;Belém;15;PA;0;1;1;0;NA;504;417;NA;1;1;80;180;100;100;60;520
2408947;2024;NA;NA;;NA;;NA;NA;NA;3547809;Santo André;35;SP;0;0;0;0;NA;NA;NA;NA;0;NA;NA;NA;NA;NA;NA;NA
1443475;2024;13059602;1301209;Coari;13;AM;2;1;1;1301209;Coari;13;AM;0;1;1;0;NA;359.7;463.5;NA;0;1;100;120;60;120;80;480
2102241;2024;35910302;3550308;São Paulo;35;SP;2;1;1;3550308;São Paulo;35;SP;1;1;1;1;438.5;501.9;483.3;421.1;0;6;0;0;0;0;0;0
322869;2024;26111411;2607901;Jaboatão dos Guararapes;26;PE;2;1;1;2607901;Jaboatão dos Guararapes;26;PE;1;1;1;1;430.8;411.4;461.5;513.8;0;1;80;80;80;80;0;320
3703475;2024;NA;NA;;NA;;NA;NA;NA;2105104;Icatu;21;MA;1;1;1;1;440.2;310.9;358.6;436.1;1;1;80;120;80;100;40;420
3992474;2024;26107600;2603454;Camaragibe;26;PE;2;1;1;2603454;Camaragibe;26;PE;1;1;1;1;468.5;482.2;492.7;511.6;0;1;120;120;120;120;100;580
3416204;2024;NA;NA;;NA;;NA;NA;NA;3304557;Rio de Janeiro;33;RJ;1;1;1;1;410.6;542.1;561.6;563.6;0;1;120;120;140;140;160;680
4170693;2024;35042572;3552403;Sumaré;35;SP;2;1;1;3552403;Sumaré;35;SP;0;0;0;0;NA;NA;NA;NA;0;NA;NA;NA;NA;NA;NA;NA
1558498;2024;NA;NA;;NA;;NA;NA;NA;2928703;Santo Antônio de Jesus;29;BA;1;1;1;1;440.9;334.5;406.2;434.4;0;1;140;160;120;140;40;600
4019533;2024;NA;NA;;NA;;NA;NA;NA;4314407;Pelotas;43;RS;0;0;0;0;NA;NA;NA;NA;0;NA;NA;NA;NA;NA;NA;NA
845219;2024;41160932;4113700;Londrina;41;PR;4;1;1;4113700;Londrina;41;PR;1;1;1;1;535.8;603.7;596.8;576.6;0;1;120;120;120;140;40;540
349606;2024;35004832;3550308;São Paulo;35;SP;2;1;1;3550308;São Paulo;35;SP;1;1;1;1;510.6;477.5;570.7;523.6;0;1;120;120;80;120;60;500
2140176;2024;NA;NA;;NA;;NA;NA;NA;1502103;Cametá;15;PA;1;1;1;1;441.4;483.3;532.6;468.6;1;1;120;160;140;120;120;660
2870794;2024;NA;NA;;NA;;NA;NA;NA;2511301;Piancó;25;PB;1;1;1;1;489.8;429.3;564.1;503.8;1;1;120;140;100;120;40;520
2476750;2024;NA;NA;;NA;;NA;NA;NA;2903201;Barreiras;29;BA;1;1;1;1;477.9;611.4;547.6;510.3;0;1;120;160;140;100;80;600
2031714;2024;21092729;2103257;Cidelândia;21;MA;2;1;1;2105302;Imperatriz;21;MA;1;1;1;1;446.2;445.8;448.3;463.5;0;4;0;0;0;0;0;0
1467978;2024;NA;NA;;NA;;NA;NA;NA;2611606;Recife;26;PE;0;0;0;0;NA;NA;NA;NA;1;NA;NA;NA;NA;NA;NA;NA
2967940;2024;NA;NA;;NA;;NA;NA;NA;1502202;Capanema;15;PA;0;0;0;0;NA;NA;NA;NA;1;NA;NA;NA;NA;NA;NA;NA
3854226;2024;26123592;2611606;Recife;26;PE;2;1;1;2611606;Recife;26;PE;0;0;0;0;NA;NA;NA;NA;1;NA;NA;NA;NA;NA;NA;NA
1285912;2024;31148407;3168606;Teófilo Otoni;31;MG;2;1;1;3168606;Teófilo Otoni;31;MG;1;1;1;1;526.1;443.4;528.8;420;1;1;120;120;120;140;80;580
3265779;2024;NA;NA;;NA;;NA;NA;NA;2107506;Paço do Lumiar;21;MA;1;1;1;1;481.3;495.5;469.1;386.4;1;1;140;180;120;140;120;700
1090097;2024;NA;NA;;NA;;NA;NA;NA;3170701;Varginha;31;MG;1;1;1;1;472.7;433.4;511;385.1;0;1;160;200;200;200;180;940
102140;2024;NA;NA;;NA;;NA;NA;NA;2907509;Catu;29;BA;1;1;1;1;449.4;532.7;546.1;480.4;0;1;140;180;160;180;200;860
12211;2024;31102792;3107703;Bom Jesus do Amparo;31;MG;2;1;1;3131703;Itabira;31;MG;0;0;0;0;NA;NA;NA;NA;1;NA;NA;NA;NA;NA;NA;NA
4023463;2024;NA;NA;;NA;;NA;NA;NA;5208707;Goiânia;52;GO;0;0;0;0;NA;NA;NA;NA;1;NA;NA;NA;NA;NA;NA;NA
838255;2024;41130499;4106902;Curitiba;41;PR;2;1;1;4105805;Colombo;41;PR;0;0;0;0;NA;NA;NA;NA;0;NA;NA;NA;NA;NA;NA;NA
3412679;2024;NA;NA;;NA;;NA;NA;NA;2208007;Picos;22;PI;1;1;1;1;536.8;351.7;362.9;441.1;0;1;80;80;80;60;0;300
276844;2024;23047860;2302800;Canindé;23;CE;2;1;1;2302800;Canindé;23;CE;1;1;1;1;549.4;600.1;611.9;623.8;0;1;120;200;160;160;200;840
819162;2024;NA;NA;;NA;;NA;NA;NA;2101608;Barra do Corda;21;MA;1;1;1;1;392.9;455.4;486.9;419;1;1;120;120;60;80;100;480
544247;2024;29070350;2917508;Jacobina;29;BA;2;1;1;2917508;Jacobina;29;BA;1;1;1;1;465.1;484.3;450.3;432.4;0;1;80;120;120;120;100;540
4237980;2024;NA;NA;;NA;;NA;NA;NA;4314902;Porto Alegre;43;RS;1;1;1;1;585.4;315.8;567.1;645.3;1;1;120;180;160;180;180;820
3534848;2024;24080470;2403251;Parnamirim;24;RN;2;1;1;2403251;Parnamirim;24;RN;1;1;1;1;503.4;513;582;541.4;1;1;140;180;140;140;120;720
3230260;2024;35017590;3522604;Itapira;35;SP;2;1;1;3522604;Itapira;35;SP;1;1;1;1;438.7;535.3;497;558.2;0;1;100;120;80;80;100;480
1043201;2024;NA;NA;;NA;;NA;NA;NA;3304557;Rio de Janeiro;33;RJ;1;1;1;1;477.4;535.8;541;437.6;1;1;140;160;120;80;80;580
811815;2024;35143613;3511102;Catanduva;35;SP;4;1;1;3511102;Catanduva;35;SP;1;1;1;1;584;586.9;564.5;644;0;1;160;200;200;200;200;960
4200414;2024;43038832;4304630;Capão da Canoa;43;RS;2;1;1;4304630;Capão da Canoa;43;RS;0;0;0;0;NA;NA;NA;NA;1;NA;NA;NA;NA;NA;NA;NA
3223753;2024;25091573;2503209;Cabedelo;25;PB;2;1;1;2503209;Cabedelo;25;PB;1;1;1;1;390.9;438.6;399.1;382;0;4;0;0;0;0;0;0
3111728;2024;17023530;1703305;Bom Jesus do Tocantins;17;TO;2;1;1;1716505;Pedro Afonso;17;TO;0;0;0;0;NA;NA;NA;NA;0;NA;NA;NA;NA;NA;NA;NA
2678920;2024;NA;NA;;NA;;NA;NA;NA;3127701;Governador Valadares;31;MG;1;1;1;1;599;682.8;627.3;859.8;0;1;160;200;200;200;180;940
3372846;2024;41014707;4101705;Araruna;41;PR;2;1;1;4104303;Campo Mourão;41;PR;1;1;1;1;389.5;434.9;474.4;390.6;0;1;80;120;80;100;80;460
4114919;2024;NA;NA;;NA;;NA;NA;NA;1505106;Óbidos;15;PA;0;0;0;0;NA;NA;NA;NA;1;NA;NA;NA;NA;NA;NA;NA
2023064;2024;NA;NA;;NA;;NA;NA;NA;1600303;Macapá;16;AP;1;1;1;1;539.6;585.6;569.9;409.2;1;1;120;180;140;160;80;680
672918;2024;26122847;2611606;Recife;26;PE;2;1;1;2611606;Recife;26;PE;1;1;1;1;366.8;416.2;458.3;462.8;0;1;100;60;80;80;0;320
1852808;2024;NA;NA;;NA;;NA;NA;NA;3518404;Guaratinguetá;35;SP;0;1;1;0;NA;682.1;652.3;NA;0;1;180;200;160;200;200;940
1015527;2024;NA;NA;;NA;;NA;NA;NA;2311603;Redenção;23;CE;1;1;1;1;481.3;540.4;520.4;406.1;0;1;100;120;120;120;100;560
1589383;2024;25015893;2512101;Pombal;25;PB;2;1;1;2512101;Pombal;25;PB;1;1;1;1;454.1;496.1;504.2;459.8;1;1;100;120;120;120;80;540
665607;2024;NA;NA;;NA;;NA;NA;NA;3518800;Guarulhos;35;SP;0;0;0;0;NA;NA;NA;NA;1;NA;NA;NA;NA;NA;NA;NA
735970;2024;NA;NA;;NA;;NA;NA;NA;3509502;Campinas;35;SP;1;1;1;1;555.8;559.3;523.1;609.3;0;1;160;200;180;200;200;940
2355435;2024;35045986;3525904;Jundiaí;35;SP;2;1;1;3525904;Jundiaí;35;SP;1;1;1;1;564.3;594.6;589.2;721.8;0;1;160;200;180;180;160;880
3644033;2024;41552059;4119905;Ponta Grossa;41;PR;4;1;1;4119905;Ponta Grossa;41;PR;1;1;1;1;501.8;429.9;546.4;446.7;0;1;120;120;120;140;60;560
1686400;2024;NA;NA;;NA;;NA;NA;NA;2708006;Santana do Ipanema;27;AL;0;0;0;0;NA;NA;NA;NA;1;NA;NA;NA;NA;NA;NA;NA
2087450;2024;33168970;3304557;Rio de Janeiro;33;RJ;4;1;1;3304557;Rio de Janeiro;33;RJ;1;1;1;1;505;502.8;477.2;422.8;0;1;140;120;120;120;120;620
961311;2024;NA;NA;;NA;;NA;NA;NA;2613909;Serra Talhada;26;PE;1;1;1;1;518.6;544.2;560.7;658;1;1;160;200;160;180;200;900
510916;2024;NA;NA;;NA;;NA;NA;NA;3510609;Carapicuíba;35;SP;1;1;1;1;440.3;506.8;493.2;400.5;0;1;120;120;120;120;120;600
2822220;2024;NA;NA;;NA;;NA;NA;NA;3304557;Rio de Janeiro;33;RJ;1;1;1;1;606.2;589.8;630;663.2;0;1;140;160;120;160;180;760
4143932;2024;NA;NA;;NA;;NA;NA;NA;4304408;Canela;43;RS;0;0;0;0;NA;NA;NA;NA;0;NA;NA;NA;NA;NA;NA;NA
447929;2024;NA;NA;;NA;;NA;NA;NA;4127700;Toledo;41;PR;1;1;1;1;609.3;634.6;604.2;642;0;1;120;200;160;200;200;880
3903450;2024;NA;NA;;NA;;NA;NA;NA;3541604;Promissão;35;SP;0;0;0;0;NA;NA;NA;NA;1;NA;NA;NA;NA;NA;NA;NA
1136482;2024;NA;NA;;NA;;NA;NA;NA;5201405;Aparecida de Goiânia;52;GO;1;1;1;1;438.1;425.8;512.2;458.8;1;1;100;120;80;100;80;480
3076260;2024;NA;NA;;NA;;NA;NA;NA;3302403;Macaé;33;RJ;1;1;1;1;595;505.3;600.1;613;0;1;160;200;160;180;180;880
1052194;2024;25051580;2502508;Boqueirão;25;PB;2;1;1;2502508;Boqueirão;25;PB;1;1;1;1;429.8;354.6;376.7;408.1;0;4;0;0;0;0;0;0
2382718;2024;NA;NA;;NA;;NA;NA;NA;1505700;Ponta de Pedras;15;PA;0;0;0;0;NA;NA;NA;NA;0;NA;NA;NA;NA;NA;NA;NA
3520765;2024;NA;NA;;NA;;NA;NA;NA;3304557;Rio de Janeiro;33;RJ;1;1;1;1;487.6;475.8;520.3;427.9;0;1;120;160;100;120;100;600
1237209;2024;NA;NA;;NA;;NA;NA;NA;4107652;Fazenda Rio Grande;41;PR;1;1;1;1;521.7;637.4;542.5;641.3;0;1;140;180;120;120;120;680
3469718;2024;NA;NA;;NA;;NA;NA;NA;3205002;Serra;32;ES;1;1;1;1;568.1;595;609.2;627.2;0;1;160;160;180;180;160;840
1830696;2024;NA;NA;;NA;;NA;NA;NA;2929107;São Felipe;29;BA;1;1;1;1;563.2;613;593.9;386.7;0;1;100;100;60;80;20;360
3741448;2024;NA;NA;;NA;;NA;NA;NA;2903201;Barreiras;29;BA;1;1;1;1;627.1;621.1;552.9;602.7;0;1;160;200;200;180;200;940
4063527;2024;NA;NA;;NA;;NA;NA;NA;3304557;Rio de Janeiro;33;RJ;1;1;1;1;416.2;515.2;541.3;555;1;1;140;180;140;120;100;680
3931137;2024;NA;NA;;NA;;NA;NA;NA;4314902;Porto Alegre;43;RS;0;0;0;0;NA;NA;NA;NA;1;NA;NA;NA;NA;NA;NA;NA
2048013;2024;NA;NA;;NA;;NA;NA;NA;1200401;Rio Branco;12;AC;0;0;0;0;NA;NA;NA;NA;1;NA;NA;NA;NA;NA;NA;NA
2915286;2024;41037928;4111506;Ivaiporã;41;PR;4;1;1;4111506;Ivaiporã;41;PR;1;1;1;1;505.2;531.1;494;607.3;0;1;160;180;120;180;80;720
2039545;2024;NA;NA;;NA;;NA;NA;NA;3131307;Ipatinga;31;MG;1;1;1;1;533.9;548.6;545.1;498.6;1;1;120;160;120;80;60;540
625608;2024;29535808;2905909;Campo Alegre de Lourdes;29;BA;2;1;1;2905909;Campo Alegre de Lourdes;29;BA;1;1;1;1;458.4;346.1;426.6;487.7;1;4;0;0;0;0;0;0
40878;2024;NA;NA;;NA;;NA;NA;NA;4317400;Santiago;43;RS;1;1;1;1;467.8;514.4;555.4;504;0;1;140;160;100;120;80;600
1551231;2024;15040143;1501402;Belém;15;PA;2;1;1;1501402;Belém;15;PA;1;1;1;1;432.8;366.5;480.2;432.7;1;1;120;180;100;140;120;660
3206529;2024;35046450;3552502;Suzano;35;SP;2;1;1;3552502;Suzano;35;SP;1;1;1;1;366.7;357.9;344.8;460.6;1;1;60;40;40;60;0;200
3245994;2024;NA;NA;;NA;;NA;NA;NA;2605202;Escada;26;PE;1;1;1;1;517.7;340.4;597.6;570.8;0;1;140;200;140;120;120;720
2492788;2024;35015611;3540606;Porto Feliz;35;SP;2;1;1;3540606;Porto Feliz;35;SP;1;1;1;1;524.5;570.9;552.1;487.6;0;1;140;120;120;160;120;660
3205630;2024;31371750;3143302;Montes Claros;31;MG;4;1;1;3143302;Montes Claros;31;MG;1;1;1;1;408.1;483.6;498.4;406.8;0;1;120;200;140;180;140;780
3438843;2024;35004479;3550308;São Paulo;35;SP;2;1;1;3550308;São Paulo;35;SP;1;1;1;1;465.5;353.8;441.5;490.3;0;1;80;120;80;80;60;420
462729;2024;NA;NA;;NA;;NA;NA;NA;3304557;Rio de Janeiro;33;RJ;1;1;1;1;579.6;618.7;627.3;710.6;0;1;160;200;160;200;200;920
1376734;2024;NA;NA;;NA;;NA;NA;NA;3556453;Vargem Grande Paulista;35;SP;1;1;1;1;473.6;486.6;543.4;578;0;1;120;200;120;120;120;680
2554069;2024;31246450;3106200;Belo Horizonte;31;MG;4;1;1;3106200;Belo Horizonte;31;MG;1;1;1;1;535.2;594.8;577.2;749.7;0;1;140;160;160;140;140;740
1166128;2024;23252391;2304400;Fortaleza;23;CE;2;1;1;2304400;Fortaleza;23;CE;1;1;1;1;428.8;493.1;523.2;495.9;1;1;120;140;120;140;100;620
3979639;2024;42123682;4204608;Criciúma;42;SC;4;1;1;4204608;Criciúma;42;SC;0;0;0;0;NA;NA;NA;NA;0;NA;NA;NA;NA;NA;NA;NA
3766233;2024;24052167;2402600;Ceará-Mirim;24;RN;2;1;1;2402600;Ceará-Mirim;24;RN;1;1;1;1;497.2;458.1;482.9;430.3;1;1;80;120;80;80;0;360
303611;2024;27040348;2707701;Rio Largo;27;AL;2;2;1;2707701;Rio Largo;27;AL;1;1;1;1;440.3;439.7;413.5;517.8;0;4;0;0;0;0;0;0
3764350;2024;NA;NA;;NA;;NA;NA;NA;3516408;Franco da Rocha;35;SP;1;1;1;1;490;536.7;586.9;589.3;0;1;160;140;120;120;100;640
1663163;2024;NA;NA;;NA;;NA;NA;NA;2203909;Floriano;22;PI;1;1;1;1;389.4;455.3;475.2;471.8;0;1;120;160;80;100;80;540
129274;2024;NA;NA;;NA;;NA;NA;NA;3522406;Itapeva;35;SP;0;0;0;0;NA;NA;NA;NA;0;NA;NA;NA;NA;NA;NA;NA
1950423;2024;23187956;2304400;Fortaleza;23;CE;2;1;1;2304400;Fortaleza;23;CE;1;1;1;1;452.4;385.9;401.9;417.3;1;1;120;160;120;140;120;660
4199191;2024;NA;NA;;NA;;NA;NA;NA;4125605;São Mateus do Sul;41;PR;0;1;1;0;NA;565;539.9;NA;1;1;80;80;80;60;80;380
1955165;2024;NA;NA;;NA;;NA;NA;NA;5300108;Brasília;53;DF;1;1;1;1;515;501.9;529.7;389.5;0;1;140;180;120;140;100;680
957082;2024;NA;NA;;NA;;NA;NA;NA;3518800;Guarulhos;35;SP;1;1;1;1;561.9;643.9;663.8;663.6;0;1;140;160;160;200;160;820
3525303;2024;NA;NA;;NA;;NA;NA;NA;3143906;Muriaé;31;MG;1;1;1;1;612;581;594.3;658;0;1;160;200;200;160;160;880
124936;2024;35921439;3522505;Itapevi;35;SP;2;1;1;3522505;Itapevi;35;SP;1;1;1;1;486.7;460;543.9;568.4;1;1;120;160;100;120;60;560
1698545;2024;NA;NA;;NA;;NA;NA;NA;2904605;Brumado;29;BA;1;1;1;1;592.6;618.1;588.2;743.6;0;1;160;200;200;200;200;960
4053636;2024;NA;NA;;NA;;NA;NA;NA;2314102;Viçosa do Ceará;23;CE;1;1;1;1;543.9;647.8;562;406.1;0;1;120;120;120;120;100;580
3204703;2024;22082093;2208007;Picos;22;PI;2;1;1;2208007;Picos;22;PI;1;1;1;1;394.4;475;422.2;430.6;1;1;100;120;120;120;60;520
2403435;2024;22072292;2210607;São Raimundo Nonato;22;PI;2;1;1;2210607;São Raimundo Nonato;22;PI;1;1;1;1;398.2;439;469.4;570.1;1;1;80;160;120;100;0;460
1056982;2024;26029243;2609154;Manari;26;PE;2;1;1;2606606;Ibimirim;26;PE;1;1;1;1;355.6;327;417.2;438.2;0;1;120;100;60;140;100;520
4313168;2024;NA;NA;;NA;;NA;NA;NA;3518800;Guarulhos;35;SP;0;0;0;0;NA;NA;NA;NA;1;NA;NA;NA;NA;NA;NA;NA
3855995;2024;NA;NA;;NA;;NA;NA;NA;2103208;Chapadinha;21;MA;1;1;1;1;394.2;493;512.4;481.9;0;1;100;100;100;60;20;380
4321574;2024;NA;NA;;NA;;NA;NA;NA;4302709;Butiá;43;RS;0;0;0;0;NA;NA;NA;NA;0;NA;NA;NA;NA;NA;NA;NA
1834121;2024;NA;NA;;NA;;NA;NA;NA;4127700;Toledo;41;PR;0;0;0;0;NA;NA;NA;NA;1;NA;NA;NA;NA;NA;NA;NA
335404;2024;35130758;3550308;São Paulo;35;SP;4;1;1;3550308;São Paulo;35;SP;1;1;1;1;476.3;564.4;499.3;660.2;0;1;160;180;120;140;120;720
1678519;2024;NA;NA;;NA;;NA;NA;NA;2403251;Parnamirim;24;RN;0;0;0;0;NA;NA;NA;NA;1;NA;NA;NA;NA;NA;NA;NA
1525022;2024;NA;NA;;NA;;NA;NA;NA;3548708;São Bernardo do Campo;35;SP;1;1;1;1;593.9;559.7;593.9;475.8;0;1;120;120;120;120;100;580
2688881;2024;NA;NA;;NA;;NA;NA;NA;5300108;Brasília;53;DF;0;0;0;0;NA;NA;NA;NA;1;NA;NA;NA;NA;NA;NA;NA
1316029;2024;NA;NA;;NA;;NA;NA;NA;2918001;Jequié;29;BA;0;0;0;0;NA;NA;NA;NA;0;NA;NA;NA;NA;NA;NA;NA
194221;2024;35015702;3523909;Itu;35;SP;2;1;1;3523909;Itu;35;SP;1;1;1;1;521.2;575.2;591.9;618.7;0;1;160;180;160;200;160;860
1688844;2024;NA;NA;;NA;;NA;NA;NA;1503705;Itupiranga;15;PA;0;0;0;0;NA;NA;NA;NA;0;NA;NA;NA;NA;NA;NA;NA
1869255;2024;NA;NA;;NA;;NA;NA;NA;3170404;Unaí;31;MG;1;1;1;1;408;479.7;516.8;464;0;1;140;120;100;120;40;520
4228702;2024;43156525;4321600;Tramandaí;43;RS;2;1;1;4321600;Tramandaí;43;RS;1;1;1;1;536.8;407.1;416.1;473.1;0;1;120;140;120;120;20;520
2476338;2024;29044570;2907103;Carinhanha;29;BA;2;1;1;2907103;Carinhanha;29;BA;0;0;0;0;NA;NA;NA;NA;0;NA;NA;NA;NA;NA;NA;NA
756846;2024;NA;NA;;NA;;NA;NA;NA;3137601;Lagoa Santa;31;MG;1;1;1;1;480.2;558.9;540.2;425;0;1;120;120;120;140;60;560
2886238;2024;21286175;2111300;São Luís;21;MA;4;1;1;2111300;São Luís;21;MA;1;1;1;1;665;697.5;661.1;609.4;0;1;180;200;160;180;160;880
1609838;2024;52082202;5206206;Cristalina;52;GO;2;1;1;5206206;Cristalina;52;GO;1;1;1;1;398.8;532.3;533.1;526.7;0;1;160;180;180;200;200;920
2589090;2024;NA;NA;;NA;;NA;NA;NA;4309407;Guaporé;43;RS;1;1;1;1;466.2;620.9;590.3;486.1;0;1;120;160;160;180;120;740
3246437;2024;NA;NA;;NA;;NA;NA;NA;3556453;Vargem Grande Paulista;35;SP;1;1;1;1;530.5;610.7;602.8;633.5;0;1;160;160;140;140;120;720
2656061;2024;NA;NA;;NA;;NA;NA;NA;4316907;Santa Maria;43;RS;0;0;0;0;NA;NA;NA;NA;0;NA;NA;NA;NA;NA;NA;NA
4082290;2024;NA;NA;;NA;;NA;NA;NA;3106200;Belo Horizonte;31;MG;0;0;0;0;NA;NA;NA;NA;0;NA;NA;NA;NA;NA;NA;NA
1048982;2024;27004490;2701803;Carneiros;27;AL;2;1;1;2708402;São José da Tapera;27;AL;1;1;1;1;398.9;419.6;469.2;394.7;0;4;0;0;0;0;0;0
2504996;2024;NA;NA;;NA;;NA;NA;NA;3154606;Ribeirão das Neves;31;MG;0;0;0;0;NA;NA;NA;NA;1;NA;NA;NA;NA;NA;NA;NA
4180542;2024;43121934;4316907;Santa Maria;43;RS;2;1;1;4316907;Santa Maria;43;RS;0;0;0;0;NA;NA;NA;NA;1;NA;NA;NA;NA;NA;NA;NA
2674469;2024;15551415;1508100;Tucuruí;15;PA;2;1;1;1508100;Tucuruí;15;PA;1;1;1;1;374.1;383.7;464;506.6;0;1;100;80;60;80;40;360
2946614;2024;35462421;3531308;Monte Alto;35;SP;2;1;1;3531308;Monte Alto;35;SP;1;1;1;1;423.7;507.9;503.5;491.8;1;1;100;120;120;100;120;560
4166776;2024;31129585;3163805;São Miguel do Anta;31;MG;2;1;1;3171303;Viçosa;31;MG;1;1;1;1;468.6;410.1;418.8;389.9;1;1;120;80;80;100;80;460
1323904;2024;NA;NA;;NA;;NA;NA;NA;2211001;Teresina;22;PI;0;0;0;0;NA;NA;NA;NA;1;NA;NA;NA;NA;NA;NA;NA
2990101;2024;42077850;4218806;Turvo;42;SC;2;1;1;4201406;Araranguá;42;SC;1;1;1;1;490;594.4;578.7;592.6;0;1;120;200;140;120;60;640
1391584;2024;31136727;3162500;São João del Rei;31;MG;4;1;1;3162500;São João del Rei;31;MG;1;1;1;1;557.9;552.5;557.6;633.4;0;1;160;200;180;180;200;920
4093987;2024;NA;NA;;NA;;NA;NA;NA;4305108;Caxias do Sul;43;RS;0;0;0;0;NA;NA;NA;NA;1;NA;NA;NA;NA;NA;NA;NA
3640832;2024;NA;NA;;NA;;NA;NA;NA;2207009;Oeiras;22;PI;1;1;1;1;490.3;543.1;542;478.5;0;1;140;200;180;140;140;800
3233281;2024;52064824;5205109;Catalão;52;GO;2;1;1;5205109;Catalão;52;GO;0;0;0;0;NA;NA;NA;NA;0;NA;NA;NA;NA;NA;NA;NA
1534527;2024;NA;NA;;NA;;NA;NA;NA;4106902;Curitiba;41;PR;1;1;1;1;514.3;520.7;533.4;591.9;1;1;120;100;100;100;140;560
3353891;2024;17007488;1705508;Colinas do Tocantins;17;TO;2;1;1;1705508;Colinas do Tocantins;17;TO;1;1;1;1;414.1;424;436.9;401.5;1;1;80;120;100;100;0;400
2131056;2024;NA;NA;;NA;;NA;NA;NA;1504208;Marabá;15;PA;1;1;1;1;456.4;446.6;466.5;411.7;1;1;80;160;100;80;80;500
362447;2024;NA;NA;;NA;;NA;NA;NA;2916005;Itanhém;29;BA;1;1;1;1;422.3;525;521.2;509.8;0;1;120;200;120;140;160;740
3424772;2024;NA;NA;;NA;;NA;NA;NA;3143302;Montes Claros;31;MG;0;0;0;0;NA;NA;NA;NA;0;NA;NA;NA;NA;NA;NA;NA
2030826;2024;NA;NA;;NA;;NA;NA;NA;1702109;Araguaína;17;TO;0;0;0;0;NA;NA;NA;NA;0;NA;NA;NA;NA;NA;NA;NA
1319741;2024;NA;NA;;NA;;NA;NA;NA;4204202;Chapecó;42;SC;1;1;1;1;539.6;569.7;572.7;672.9;0;1;120;140;120;140;160;680
3361765;2024;35921324;3550308;São Paulo;35;SP;2;1;1;3550308;São Paulo;35;SP;1;1;1;1;471.6;526.8;531.9;568.5;0;1;140;160;120;140;100;660
3513994;2024;41068661;4127700;Toledo;41;PR;2;1;1;4127700;Toledo;41;PR;1;1;1;1;441;449.4;466.8;459.8;1;1;100;120;100;120;100;540
215870;2024;NA;NA;;NA;;NA;NA;NA;2610608;Paudalho;26;PE;1;1;1;1;418.3;508.4;452.3;426.2;1;1;100;80;40;80;0;300
3711082;2024;NA;NA;;NA;;NA;NA;NA;1100205;Porto Velho;11;RO;0;0;0;0;NA;NA;NA;NA;1;NA;NA;NA;NA;NA;NA;NA
3621302;2024;35042171;3541000;Praia Grande;35;SP;2;1;1;3541000;Praia Grande;35;SP;0;0;0;0;NA;NA;NA;NA;0;NA;NA;NA;NA;NA;NA;NA
1063066;2024;33102210;3304557;Rio de Janeiro;33;RJ;2;1;1;3304557;Rio de Janeiro;33;RJ;0;1;1;0;NA;423.4;526.7;NA;1;1;120;120;100;120;40;500
1232184;2024;NA;NA;;NA;;NA;NA;NA;3113404;Caratinga;31;MG;1;1;1;1;511.5;511.5;541.4;548.2;1;1;140;200;160;160;200;860
2934494;2024;15577406;1504208;Marabá;15;PA;2;1;1;1504208;Marabá;15;PA;0;0;0;0;NA;NA;NA;NA;0;NA;NA;NA;NA;NA;NA;NA
2999934;2024;15041387;1501402;Belém;15;PA;2;1;1;1501402;Belém;15;PA;1;1;1;1;532.4;440.7;474.3;515;1;1;100;140;140;140;80;600
1552749;2024;35135227;3505708;Barueri;35;SP;4;1;1;3547304;Santana de Parnaíba;35;SP;1;1;1;1;544.6;560.6;582.8;576.1;0;1;120;120;120;120;160;640
3298779;2024;NA;NA;;NA;;NA;NA;NA;2503704;Cajazeiras;25;PB;1;1;1;1;420.2;303.3;503;626.6;1;1;160;200;120;160;200;840
1178439;2024;NA;NA;;NA;;NA;NA;NA;2609600;Olinda;26;PE;1;1;1;1;489.5;580.6;557.6;488.3;0;1;120;120;120;120;120;600
588954;2024;NA;NA;;NA;;NA;NA;NA;5218508;Quirinópolis;52;GO;1;1;1;1;476.1;591.9;564.3;575.7;0;1;160;160;140;200;180;840
2086879;2024;NA;NA;;NA;;NA;NA;NA;2604106;Caruaru;26;PE;1;1;1;1;480.5;393.9;440.9;377.5;1;1;120;140;100;80;60;500
1374400;2024;NA;NA;;NA;;NA;NA;NA;5300108;Brasília;53;DF;1;1;1;1;498.9;511.8;567.7;631;0;1;120;120;120;120;100;580
3867475;2024;NA;NA;;NA;;NA;NA;NA;4303004;Cachoeira do Sul;43;RS;0;0;0;0;NA;NA;NA;NA;1;NA;NA;NA;NA;NA;NA;NA
961402;2024;NA;NA;;NA;;NA;NA;NA;3162807;São João Evangelista;31;MG;1;1;1;1;612.9;633.8;584.2;674.2;1;1;160;200;180;200;200;940
3247635;2024;35027728;3535002;Palestina;35;SP;2;1;1;3549805;São José do Rio Preto;35;SP;0;1;1;0;NA;454.4;473.8;NA;1;1;120;160;140;120;100;640
4111112;2024;NA;NA;;NA;;NA;NA;NA;4303103;Cachoeirinha;43;RS;0;0;0;0;NA;NA;NA;NA;0;NA;NA;NA;NA;NA;NA;NA
1571046;2024;NA;NA;;NA;;NA;NA;NA;3502705;Apiaí;35;SP;0;0;0;0;NA;NA;NA;NA;0;NA;NA;NA;NA;NA;NA;NA
1477034;2024;NA;NA;;NA;;NA;NA;NA;5300108;Brasília;53;DF;0;0;0;0;NA;NA;NA;NA;0;NA;NA;NA;NA;NA;NA;NA
3985542;2024;33098786;3301900;Itaboraí;33;RJ;2;1;1;3301900;Itaboraí;33;RJ;0;0;0;0;NA;NA;NA;NA;0;NA;NA;NA;NA;NA;NA;NA
3834549;2024;NA;NA;;NA;;NA;NA;NA;3169307;Três Corações;31;MG;0;0;0;0;NA;NA;NA;NA;1;NA;NA;NA;NA;NA;NA;NA
2885213;2024;29313325;2931608;Teolândia;29;BA;2;1;1;2911204;Gandu;29;BA;1;1;1;1;352.3;417.5;434.7;588.8;1;1;120;160;100;120;80;580
3454342;2024;35909221;3510609;Carapicuíba;35;SP;2;1;1;3510609;Carapicuíba;35;SP;1;1;1;1;407.8;486.4;482.9;389.4;1;1;120;120;120;120;100;580
3145303;2024;NA;NA;;NA;;NA;NA;NA;2910800;Feira de Santana;29;BA;1;1;1;1;600;591.2;575.4;703.5;0;1;120;100;60;80;0;360
248888;2024;NA;NA;;NA;;NA;NA;NA;3136306;João Pinheiro;31;MG;1;1;1;1;439;504;508;452.9;0;1;120;160;120;120;80;600
83256;2024;15169928;1500800;Ananindeua;15;PA;4;1;1;1500800;Ananindeua;15;PA;1;1;1;1;467.1;617.2;584.6;656.9;0;1;100;140;120;120;100;580
1420062;2024;NA;NA;;NA;;NA;NA;NA;3522505;Itapevi;35;SP;0;0;0;0;NA;NA;NA;NA;0;NA;NA;NA;NA;NA;NA;NA
619130;2024;NA;NA;;NA;;NA;NA;NA;2312908;Sobral;23;CE;1;1;1;1;643.3;645.3;581.8;540.8;0;1;120;120;80;120;80;520
3740626;2024;NA;NA;;NA;;NA;NA;NA;1200351;Marechal Thaumaturgo;12;AC;0;0;0;0;NA;NA;NA;NA;1;NA;NA;NA;NA;NA;NA;NA
3511697;2024;NA;NA;;NA;;NA;NA;NA;2109007;Porto Franco;21;MA;1;1;1;1;515.6;455.8;517.3;469.1;0;1;120;160;120;120;80;600
493233;2024;NA;NA;;NA;;NA;NA;NA;3305109;São João de Meriti;33;RJ;0;0;0;0;NA;NA;NA;NA;1;NA;NA;NA;NA;NA;NA;NA
402016;2024;NA;NA;;NA;;NA;NA;NA;3549904;São José dos Campos;35;SP;0;0;0;0;NA;NA;NA;NA;0;NA;NA;NA;NA;NA;NA;NA
1497811;2024;41138457;4125506;São José dos Pinhais;41;PR;2;1;1;4125506;São José dos Pinhais;41;PR;1;1;1;1;371.8;396.6;509.4;388.4;0;1;120;140;120;100;100;580
1263151;2024;NA;NA;;NA;;NA;NA;NA;5300108;Brasília;53;DF;0;0;0;0;NA;NA;NA;NA;1;NA;NA;NA;NA;NA;NA;NA
592412;2024;NA;NA;;NA;;NA;NA;NA;3550308;São Paulo;35;SP;1;1;1;1;428.7;585.2;576.3;615.7;0;1;140;120;160;160;160;740
635518;2024;NA;NA;;NA;;NA;NA;NA;2302107;Baturité;23;CE;1;1;1;1;509.2;563;580.3;445.6;0;1;100;180;120;120;160;680
2948130;2024;NA;NA;;NA;;NA;NA;NA;5208707;Goiânia;52;GO;0;1;1;0;NA;419.7;561.2;NA;0;1;120;160;120;120;0;520
353482;2024;NA;NA;;NA;;NA;NA;NA;4211900;Palhoça;42;SC;0;0;0;0;NA;NA;NA;NA;0;NA;NA;NA;NA;NA;NA;NA
3769295;2024;NA;NA;;NA;;NA;NA;NA;3205002;Serra;32;ES;0;0;0;0;NA;NA;NA;NA;1;NA;NA;NA;NA;NA;NA;NA
4288175;2024;NA;NA;;NA;;NA;NA;NA;4314407;Pelotas;43;RS;0;0;0;0;NA;NA;NA;NA;0;NA;NA;NA;NA;NA;NA;NA
2551625;2024;NA;NA;;NA;;NA;NA;NA;2604106;Caruaru;26;PE;0;0;0;0;NA;NA;NA;NA;1;NA;NA;NA;NA;NA;NA;NA
2648203;2024;35990012;3550308;São Paulo;35;SP;1;1;1;3548708;São Bernardo do Campo;35;SP;1;1;1;1;531.5;546.7;541.1;659.1;0;1;120;160;140;140;180;740
1309516;2024;NA;NA;;NA;;NA;NA;NA;1716505;Pedro Afonso;17;TO;1;1;1;1;416.4;346;382.1;421.1;1;1;80;200;120;120;0;520
4055050;2024;NA;NA;;NA;;NA;NA;NA;2709301;União dos Palmares;27;AL;0;0;0;0;NA;NA;NA;NA;1;NA;NA;NA;NA;NA;NA;NA
939278;2024;26020955;2613909;Serra Talhada;26;PE;2;1;1;2613909;Serra Talhada;26;PE;1;1;1;1;435.8;425.8;384.4;413.9;1;1;40;80;60;60;60;300
3257564;2024;NA;NA;;NA;;NA;NA;NA;1721000;Palmas;17;TO;0;0;0;0;NA;NA;NA;NA;1;NA;NA;NA;NA;NA;NA;NA
3109493;2024;NA;NA;;NA;;NA;NA;NA;2507507;João Pessoa;25;PB;1;1;1;1;638;632.7;587.6;607.3;0;1;160;200;160;200;180;900
3811673;2024;NA;NA;;NA;;NA;NA;NA;2921203;Miguel Calmon;29;BA;1;1;1;1;538.3;507.6;558;531.7;0;1;120;140;100;140;140;640
1545760;2024;33052530;3302270;Japeri;33;RJ;2;1;1;3302270;Japeri;33;RJ;1;1;1;1;453.2;309.6;461.2;402.1;1;1;120;140;120;120;100;600
2359174;2024;35008771;3548708;São Bernardo do Campo;35;SP;2;1;1;3548708;São Bernardo do Campo;35;SP;0;0;0;0;NA;NA;NA;NA;1;NA;NA;NA;NA;NA;NA;NA
1351301;2024;NA;NA;;NA;;NA;NA;NA;2603900;Carnaíba;26;PE;1;1;1;1;491.8;430.4;539.8;488.9;1;1;100;120;60;80;0;360
2113021;2024;21275092;2106607;Matões;21;MA;2;2;1;2107803;Parnarama;21;MA;1;1;1;1;421;573;581;519.9;0;1;160;200;120;200;140;820
2229183;2024;NA;NA;;NA;;NA;NA;NA;2927408;Salvador;29;BA;0;1;1;0;NA;545.5;541.5;NA;1;1;120;120;120;120;160;640
2314973;2024;41407423;4108304;Foz do Iguaçu;41;PR;4;1;1;4108304;Foz do Iguaçu;41;PR;1;1;1;1;542.7;507.2;409.3;560.8;0;1;140;180;120;140;140;720
2107854;2024;NA;NA;;NA;;NA;NA;NA;1503606;Itaituba;15;PA;1;1;1;1;401;508.2;488.1;428.8;0;1;80;140;80;80;80;460
2094576;2024;NA;NA;;NA;;NA;NA;NA;1504208;Marabá;15;PA;0;0;0;0;NA;NA;NA;NA;1;NA;NA;NA;NA;NA;NA;NA
977966;2024;35290634;3504107;Atibaia;35;SP;2;1;1;3504107;Atibaia;35;SP;1;1;1;1;580.2;604.4;602;664.8;0;1;120;200;120;160;200;800
1986202;2024;NA;NA;;NA;;NA;NA;NA;2911709;Guanambi;29;BA;1;1;1;1;490.5;446.5;506.7;518.4;0;1;120;160;120;140;80;620
2445119;2024;15108023;1501402;Belém;15;PA;4;1;1;1501402;Belém;15;PA;1;1;1;1;604.1;579.1;512.2;721.1;0;1;160;200;160;200;200;920
660527;2024;13080547;1302603;Manaus;13;AM;2;1;1;1302603;Manaus;13;AM;1;1;1;1;416.4;534.7;524.6;475.7;0;1;140;160;120;140;160;720
1718315;2024;NA;NA;;NA;;NA;NA;NA;2903201;Barreiras;29;BA;1;1;1;1;535.3;575.6;592.9;682;1;1;140;180;160;200;200;880
4208121;2024;NA;NA;;NA;;NA;NA;NA;4303905;Campo Bom;43;RS;0;0;0;0;NA;NA;NA;NA;1;NA;NA;NA;NA;NA;NA;NA
4092102;2024;NA;NA;;NA;;NA;NA;NA;3157807;Santa Luzia;31;MG;0;0;0;0;NA;NA;NA;NA;1;NA;NA;NA;NA;NA;NA;NA
3222136;2024;NA;NA;;NA;;NA;NA;NA;5300108;Brasília;53;DF;0;0;0;0;NA;NA;NA;NA;1;NA;NA;NA;NA;NA;NA;NA
59538;2024;27045234;2706703;Penedo;27;AL;2;1;1;2706703;Penedo;27;AL;1;1;1;1;448.8;507.2;569.9;490;0;1;120;180;120;120;140;680
1796347;2024;31096938;3113305;Carangola;31;MG;2;1;1;3113305;Carangola;31;MG;1;1;1;1;462.6;381.8;509.4;390.8;1;1;120;180;140;120;120;680
3211177;2024;NA;NA;;NA;;NA;NA;NA;2111300;São Luís;21;MA;0;0;0;0;NA;NA;NA;NA;1;NA;NA;NA;NA;NA;NA;NA
111739;2024;NA;NA;;NA;;NA;NA;NA;4310207;Ijuí;43;RS;0;0;0;0;NA;NA;NA;NA;0;NA;NA;NA;NA;NA;NA;NA
554800;2024;NA;NA;;NA;;NA;NA;NA;3306008;Três Rios;33;RJ;1;1;1;1;525.3;518.8;565;562.7;1;1;120;180;160;160;80;700
3894579;2024;NA;NA;;NA;;NA;NA;NA;3201506;Colatina;32;ES;1;1;1;1;461.6;456.2;480.8;433.3;1;1;80;120;100;100;40;440
174573;2024;NA;NA;;NA;;NA;NA;NA;3301702;Duque de Caxias;33;RJ;0;1;1;0;NA;309.5;492.6;NA;1;1;120;160;120;120;120;640
4081052;2024;NA;NA;;NA;;NA;NA;NA;2306306;Itapajé;23;CE;0;0;0;0;NA;NA;NA;NA;0;NA;NA;NA;NA;NA;NA;NA
2726208;2024;NA;NA;;NA;;NA;NA;NA;4314407;Pelotas;43;RS;1;1;1;1;507.6;512.5;507.8;477.9;0;1;120;140;120;120;100;600
2193819;2024;NA;NA;;NA;;NA;NA;NA;2512507;Queimadas;25;PB;0;0;0;0;NA;NA;NA;NA;1;NA;NA;NA;NA;NA;NA;NA
3335344;2024;NA;NA;;NA;;NA;NA;NA;2611606;Recife;26;PE;0;1;1;0;NA;365.1;469.7;NA;0;1;100;180;160;120;180;740
2961225;2024;NA;NA;;NA;;NA;NA;NA;3152501;Pouso Alegre;31;MG;1;1;1;1;576.8;644.4;674.5;727.4;0;1;160;200;160;140;200;860
3624157;2024;52103137;5208707;Goiânia;52;GO;4;1;1;5208707;Goiânia;52;GO;1;1;1;1;567.2;571.8;526.4;496.5;0;1;140;180;160;180;200;860
1646271;2024;NA;NA;;NA;;NA;NA;NA;4314100;Passo Fundo;43;RS;0;0;0;0;NA;NA;NA;NA;1;NA;NA;NA;NA;NA;NA;NA
4046789;2024;NA;NA;;NA;;NA;NA;NA;4106902;Curitiba;41;PR;0;0;0;0;NA;NA;NA;NA;1;NA;NA;NA;NA;NA;NA;NA
2263854;2024;NA;NA;;NA;;NA;NA;NA;1501402;Belém;15;PA;1;1;1;1;551.4;635.5;594;575.2;1;1;100;120;100;100;40;460
828828;2024;NA;NA;;NA;;NA;NA;NA;3304706;Santo Antônio de Pádua;33;RJ;1;1;1;1;475.2;304;459.2;438.9;1;1;140;200;140;120;120;720
2819982;2024;NA;NA;;NA;;NA;NA;NA;3131307;Ipatinga;31;MG;1;1;1;1;562.4;613.4;558.3;546.5;0;1;160;120;160;140;0;580
2413872;2024;35566585;3544103;Rio Grande da Serra;35;SP;2;1;1;3544103;Rio Grande da Serra;35;SP;1;1;1;1;487.4;519.7;529.3;632.7;0;1;120;160;100;140;180;700
2603988;2024;NA;NA;;NA;;NA;NA;NA;2907103;Carinhanha;29;BA;1;1;1;1;435.9;467;400.3;421;1;1;100;120;100;120;140;580
3848784;2024;NA;NA;;NA;;NA;NA;NA;5103403;Cuiabá;51;MT;0;0;0;0;NA;NA;NA;NA;1;NA;NA;NA;NA;NA;NA;NA
3741621;2024;NA;NA;;NA;;NA;NA;NA;2602902;Cabo de Santo Agostinho;26;PE;0;0;0;0;NA;NA;NA;NA;1;NA;NA;NA;NA;NA;NA;NA
1176304;2024;21010102;2111300;São Luís;21;MA;2;1;1;2111300;São Luís;21;MA;1;1;1;1;534.8;549.7;529.8;398.9;1;1;140;160;140;200;180;820
2213275;2024;NA;NA;;NA;;NA;NA;NA;2706703;Penedo;27;AL;0;0;0;0;NA;NA;NA;NA;1;NA;NA;NA;NA;NA;NA;NA
1889105;2024;15040364;1501402;Belém;15;PA;2;1;1;1501402;Belém;15;PA;1;1;1;1;531.8;503.6;482.2;428;0;1;160;180;140;160;140;780
3620505;2024;NA;NA;;NA;;NA;NA;NA;3304557;Rio de Janeiro;33;RJ;1;1;1;1;545.3;686;571.7;659;0;1;120;80;80;120;40;440
1808760;2024;NA;NA;;NA;;NA;NA;NA;1501402;Belém;15;PA;1;1;1;1;460.7;446.6;519.7;423.2;0;1;160;140;140;120;80;640
2560747;2024;35907224;3502804;Araçatuba;35;SP;2;1;1;3502804;Araçatuba;35;SP;1;1;1;1;566.4;579.5;578.9;425.2;0;1;100;160;120;140;160;680
59655;2024;35001016;3550308;São Paulo;35;SP;2;1;1;3550308;São Paulo;35;SP;1;1;1;1;479.5;606.6;565.8;564.5;0;1;120;120;120;140;60;560
3952357;2024;NA;NA;;NA;;NA;NA;NA;5002704;Campo Grande;50;MS;0;0;0;0;NA;NA;NA;NA;0;NA;NA;NA;NA;NA;NA;NA
2813271;2024;NA;NA;;NA;;NA;NA;NA;1302603;Manaus;13;AM;0;0;0;0;NA;NA;NA;NA;1;NA;NA;NA;NA;NA;NA;NA
880924;2024;NA;NA;;NA;;NA;NA;NA;1504422;Marituba;15;PA;1;1;1;1;493.9;355.6;545.7;588.7;1;1;120;160;160;180;200;820
854310;2024;NA;NA;;NA;;NA;NA;NA;5221403;Trindade;52;GO;1;1;1;1;533.2;655.1;566.1;716.4;1;1;120;200;160;160;180;820
3803513;2024;NA;NA;;NA;;NA;NA;NA;2403251;Parnamirim;24;RN;0;0;0;0;NA;NA;NA;NA;1;NA;NA;NA;NA;NA;NA;NA
339215;2024;NA;NA;;NA;;NA;NA;NA;3550308;São Paulo;35;SP;0;1;1;0;NA;336.1;500.6;NA;1;1;80;120;100;80;0;380
499679;2024;NA;NA;;NA;;NA;NA;NA;3550308;São Paulo;35;SP;1;1;1;1;610.6;562.5;588.8;659.7;0;1;160;160;120;160;160;760
1209867;2024;NA;NA;;NA;;NA;NA;NA;2905701;Camaçari;29;BA;1;1;1;1;398.8;481;467.7;462.4;0;1;100;140;140;160;180;720
969560;2024;NA;NA;;NA;;NA;NA;NA;3515103;Embu-Guaçu;35;SP;1;1;1;1;471.3;624.4;586.8;436.3;1;1;100;120;120;100;80;520
880690;2024;NA;NA;;NA;;NA;NA;NA;2507507;João Pessoa;25;PB;1;1;1;1;622.5;643.9;553;782.3;0;1;120;160;120;140;140;680
2282850;2024;NA;NA;;NA;;NA;NA;NA;3304300;Rio Bonito;33;RJ;1;1;1;1;502.2;472.4;467.9;392.1;0;1;140;120;120;120;80;580
992788;2024;NA;NA;;NA;;NA;NA;NA;2910057;Dias d'Ávila;29;BA;1;1;1;1;397.1;546.7;531.7;452;0;1;120;120;80;100;0;420
3979930;2024;NA;NA;;NA;;NA;NA;NA;4302105;Bento Gonçalves;43;RS;0;0;0;0;NA;NA;NA;NA;1;NA;NA;NA;NA;NA;NA;NA
813513;2024;NA;NA;;NA;;NA;NA;NA;2905206;Caetité;29;BA;0;0;0;0;NA;NA;NA;NA;0;NA;NA;NA;NA;NA;NA;NA
942750;2024;35456412;3504503;Avaré;35;SP;1;1;1;3504503;Avaré;35;SP;1;1;1;1;552.4;625.5;619.6;590.5;0;1;160;100;160;160;140;720
2262124;2024;NA;NA;;NA;;NA;NA;NA;2515104;São Sebastião de Lagoa de Roça;25;PB;1;1;1;1;356.9;387.8;395.9;406.6;1;1;120;120;80;120;0;440
1630886;2024;NA;NA;;NA;;NA;NA;NA;2211001;Teresina;22;PI;1;1;1;1;465.4;515.7;489.9;536.3;1;1;160;160;120;160;160;760
2857354;2024;NA;NA;;NA;;NA;NA;NA;4314605;Piratini;43;RS;0;0;0;0;NA;NA;NA;NA;1;NA;NA;NA;NA;NA;NA;NA
327995;2024;52069060;5210406;Itaberaí;52;GO;2;1;1;5210406;Itaberaí;52;GO;1;1;1;1;503.5;551;564.6;515;0;1;160;180;200;200;200;940
1573281;2024;31023698;3121001;Datas;31;MG;2;1;1;3121605;Diamantina;31;MG;1;1;1;1;466.9;386.7;448.6;490.3;0;1;100;120;80;140;0;440
1613451;2024;NA;NA;;NA;;NA;NA;NA;2930709;Simões Filho;29;BA;0;0;0;0;NA;NA;NA;NA;0;NA;NA;NA;NA;NA;NA;NA
163372;2024;32052103;3201209;Cachoeiro de Itapemirim;32;ES;2;1;1;3201209;Cachoeiro de Itapemirim;32;ES;1;1;1;1;402;448.6;534.8;603.3;0;1;120;160;120;120;120;640
2726748;2024;NA;NA;;NA;;NA;NA;NA;1501402;Belém;15;PA;0;0;0;0;NA;NA;NA;NA;0;NA;NA;NA;NA;NA;NA;NA
1557000;2024;NA;NA;;NA;;NA;NA;NA;1721000;Palmas;17;TO;0;0;0;0;NA;NA;NA;NA;1;NA;NA;NA;NA;NA;NA;NA
2848554;2024;NA;NA;;NA;;NA;NA;NA;2111300;São Luís;21;MA;1;1;1;1;406.9;527.5;540.2;542.6;0;1;160;160;160;160;120;760
974964;2024;35141409;3524303;Jaboticabal;35;SP;4;1;1;3524303;Jaboticabal;35;SP;1;1;1;1;428.1;521.1;495.5;549.7;0;1;140;180;120;140;140;720
425595;2024;NA;NA;;NA;;NA;NA;NA;1600303;Macapá;16;AP;1;1;1;1;470.3;448.7;552.1;596.1;0;1;160;160;160;180;180;840
11064;2024;NA;NA;;NA;;NA;NA;NA;2201200;Barras;22;PI;1;1;1;1;487.5;468.1;515.8;586.1;1;1;160;200;180;160;180;880
1475521;2024;35925559;3518800;Guarulhos;35;SP;2;1;1;3518800;Guarulhos;35;SP;1;1;1;1;448.2;509.4;565.4;472.6;0;1;120;100;100;80;80;480
1715220;2024;NA;NA;;NA;;NA;NA;NA;2203909;Floriano;22;PI;1;1;1;1;386.2;453;482.8;393.2;1;9;0;0;0;0;0;0
2178830;2024;41100379;4109401;Guarapuava;41;PR;2;1;1;4109401;Guarapuava;41;PR;1;1;1;1;474.9;529.8;507.4;446.8;0;1;120;120;80;120;0;440
4005813;2024;NA;NA;;NA;;NA;NA;NA;4216602;São José;42;SC;1;1;1;1;633.3;623.7;584.1;791.4;0;1;80;100;60;100;0;340
2660667;2024;NA;NA;;NA;;NA;NA;NA;1500800;Ananindeua;15;PA;1;1;1;1;433.9;518.8;505.3;399.4;1;1;120;140;120;140;140;660
2114114;2024;41068459;4127700;Toledo;41;PR;2;1;1;4127700;Toledo;41;PR;1;1;1;1;544.9;660.7;552.1;689.6;0;1;140;160;140;140;160;740
2068969;2024;NA;NA;;NA;;NA;NA;NA;2611606;Recife;26;PE;0;0;0;0;NA;NA;NA;NA;1;NA;NA;NA;NA;NA;NA;NA
1316633;2024;32012152;3201506;Colatina;32;ES;1;2;1;3201506;Colatina;32;ES;1;1;1;1;607.3;428.7;583;430.1;1;1;140;160;140;140;140;720
636914;2024;NA;NA;;NA;;NA;NA;NA;2919801;Macaúbas;29;BA;1;1;1;1;417;415.2;490.6;446.3;0;1;100;100;80;60;20;360
1606796;2024;NA;NA;;NA;;NA;NA;NA;2910800;Feira de Santana;29;BA;1;1;1;1;377;513.8;463.2;509.3;1;1;140;120;120;120;100;600
3342524;2024;33001359;3302205;Itaperuna;33;RJ;2;1;1;3302205;Itaperuna;33;RJ;0;0;0;0;NA;NA;NA;NA;1;NA;NA;NA;NA;NA;NA;NA
422348;2024;29162610;2904902;Cachoeira;29;BA;2;1;1;2904902;Cachoeira;29;BA;1;1;1;1;420.1;385.6;397.5;454.5;1;1;120;160;120;120;160;680
907624;2024;28018729;2800308;Aracaju;28;SE;2;1;1;2800308;Aracaju;28;SE;0;0;0;0;NA;NA;NA;NA;0;NA;NA;NA;NA;NA;NA;NA
1300294;2024;35430353;3548708;São Bernardo do Campo;35;SP;4;1;1;3548708;São Bernardo do Campo;35;SP;1;1;1;1;432.5;580;597.6;601.7;0;1;160;140;120;180;120;720
2343011;2024;23154721;2311207;Potengi;23;CE;2;1;1;2301307;Araripe;23;CE;1;1;1;1;373;380.3;437;411.4;1;1;100;80;40;120;60;400
2602334;2024;NA;NA;;NA;;NA;NA;NA;1506807;Santarém;15;PA;0;0;0;0;NA;NA;NA;NA;1;NA;NA;NA;NA;NA;NA;NA
756073;2024;NA;NA;;NA;;NA;NA;NA;2408102;Natal;24;RN;1;1;1;1;421.3;392;444.8;381.5;1;1;80;80;60;100;40;360
4043154;2024;NA;NA;;NA;;NA;NA;NA;4309209;Gravataí;43;RS;0;0;0;0;NA;NA;NA;NA;0;NA;NA;NA;NA;NA;NA;NA
3410049;2024;NA;NA;;NA;;NA;NA;NA;4118204;Paranaguá;41;PR;1;1;1;1;566.9;623.4;602.2;634.7;0;1;120;160;120;140;160;700
1993426;2024;NA;NA;;NA;;NA;NA;NA;5300108;Brasília;53;DF;0;0;0;0;NA;NA;NA;NA;0;NA;NA;NA;NA;NA;NA;NA
2606864;2024;13021630;1301852;Iranduba;13;AM;2;1;1;1301852;Iranduba;13;AM;0;0;0;0;NA;NA;NA;NA;1;NA;NA;NA;NA;NA;NA;NA
1774922;2024;35002252;3550308;São Paulo;35;SP;2;1;1;3550308;São Paulo;35;SP;1;1;1;1;497.2;508.4;541.2;508.8;1;1;160;180;140;140;120;740
1196922;2024;NA;NA;;NA;;NA;NA;NA;3534401;Osasco;35;SP;1;1;1;1;483.9;546.8;576;557.2;1;1;120;180;120;120;140;680
2428783;2024;NA;NA;;NA;;NA;NA;NA;2307254;Jijoca de Jericoacoara;23;CE;0;0;0;0;NA;NA;NA;NA;1;NA;NA;NA;NA;NA;NA;NA
377295;2024;NA;NA;;NA;;NA;NA;NA;1600501;Oiapoque;16;AP;0;0;0;0;NA;NA;NA;NA;1;NA;NA;NA;NA;NA;NA;NA
3935439;2024;NA;NA;;NA;;NA;NA;NA;5007703;Sete Quedas;50;MS;1;1;1;1;367.5;408.6;461;391.1;0;1;80;100;40;60;20;300
953849;2024;13055429;1301506;Envira;13;AM;2;1;1;1301506;Envira;13;AM;1;1;1;1;521.1;425.9;484.9;469.3;0;1;140;180;120;160;160;760
436210;2024;NA;NA;;NA;;NA;NA;NA;3552502;Suzano;35;SP;1;1;1;1;580.8;518.1;548;434.9;0;1;120;180;120;100;80;600
2030597;2024;NA;NA;;NA;;NA;NA;NA;5218508;Quirinópolis;52;GO;1;1;1;1;578.3;609.2;600.7;632.3;1;1;120;140;120;120;120;620
1053415;2024;NA;NA;;NA;;NA;NA;NA;4303509;Camaquã;43;RS;1;1;1;1;378.5;561.4;537.1;513.4;1;1;140;120;120;120;160;660
4147690;2024;NA;NA;;NA;;NA;NA;NA;3170206;Uberlândia;31;MG;1;1;1;1;514.3;575.6;561.8;532.7;0;1;120;120;120;100;60;520
3187586;2024;NA;NA;;NA;;NA;NA;NA;3551009;São Vicente;35;SP;1;1;1;1;412.9;302.9;514.1;434.5;0;1;100;120;100;120;100;540
768097;2024;28016300;2802502;General Maynard;28;SE;2;1;1;2801504;Carmópolis;28;SE;1;1;1;1;418;361.9;429.3;444;1;1;80;100;60;80;20;340
1787441;2024;NA;NA;;NA;;NA;NA;NA;4309209;Gravataí;43;RS;1;1;1;1;572.6;579.5;550.1;446.2;0;1;100;120;100;100;100;520
2749087;2024;35906463;3552809;Taboão da Serra;35;SP;2;1;1;3552809;Taboão da Serra;35;SP;1;1;1;1;520.4;601.6;583.5;489.7;1;1;160;200;180;160;140;840
4096541;2024;NA;NA;;NA;;NA;NA;NA;4300406;Alegrete;43;RS;0;0;0;0;NA;NA;NA;NA;1;NA;NA;NA;NA;NA;NA;NA
2015023;2024;35407641;3513009;Cotia;35;SP;4;1;1;3513009;Cotia;35;SP;1;1;1;1;599.8;592.7;613.8;686.9;1;1;140;200;160;180;200;880
1196901;2024;35007500;3513801;Diadema;35;SP;2;1;1;3513801;Diadema;35;SP;1;1;1;1;490.8;573.2;560.7;553.1;1;1;120;200;120;160;180;780
500936;2024;35925391;3550308;São Paulo;35;SP;2;1;1;3515707;Ferraz de Vasconcelos;35;SP;1;1;1;1;413.2;439.7;480;443.7;1;1;120;160;100;120;40;540
3747121;2024;NA;NA;;NA;;NA;NA;NA;3552205;Sorocaba;35;SP;1;1;1;1;589.2;624.3;604.1;425.3;0;1;160;120;120;160;140;700
3508184;2024;35440036;3516309;Francisco Morato;35;SP;2;1;1;3516309;Francisco Morato;35;SP;0;0;0;0;NA;NA;NA;NA;0;NA;NA;NA;NA;NA;NA;NA
688082;2024;NA;NA;;NA;;NA;NA;NA;3205309;Vitória;32;ES;1;1;1;1;554.5;402.8;391.6;528.2;0;1;140;120;120;100;100;580
40050;2024;NA;NA;;NA;;NA;NA;NA;2603009;Cabrobó;26;PE;1;1;1;1;379;452.4;489.2;410.7;0;4;0;0;0;0;0;0
1700734;2024;NA;NA;;NA;;NA;NA;NA;4310207;Ijuí;43;RS;0;0;0;0;NA;NA;NA;NA;1;NA;NA;NA;NA;NA;NA;NA
375291;2024;NA;NA;;NA;;NA;NA;NA;2704302;Maceió;27;AL;1;1;1;1;434.4;372.4;486.4;401.1;0;1;100;140;120;140;100;600
865368;2024;NA;NA;;NA;;NA;NA;NA;1500602;Altamira;15;PA;1;1;1;1;355.6;357.7;369.4;446.8;1;1;120;140;120;100;0;480
4222564;2024;NA;NA;;NA;;NA;NA;NA;2608909;Limoeiro;26;PE;0;0;0;0;NA;NA;NA;NA;1;NA;NA;NA;NA;NA;NA;NA
1919599;2024;NA;NA;;NA;;NA;NA;NA;2928406;Santa Rita de Cássia;29;BA;0;0;0;0;NA;NA;NA;NA;1;NA;NA;NA;NA;NA;NA;NA
2705112;2024;NA;NA;;NA;;NA;NA;NA;2700300;Arapiraca;27;AL;1;1;1;1;419.9;427.6;480.2;490.6;0;1;120;180;120;140;120;680
3665993;2024;15177602;1501204;Baião;15;PA;2;2;1;1508100;Tucuruí;15;PA;0;0;0;0;NA;NA;NA;NA;1;NA;NA;NA;NA;NA;NA;NA
2193297;2024;41086201;4108403;Francisco Beltrão;41;PR;2;1;1;4108403;Francisco Beltrão;41;PR;1;1;1;1;404.9;565.2;550.7;393;0;1;120;160;120;120;0;520
2811751;2024;NA;NA;;NA;;NA;NA;NA;2927408;Salvador;29;BA;1;1;1;1;449.7;537.2;495.6;586.5;0;1;120;200;160;200;200;880
638198;2024;NA;NA;;NA;;NA;NA;NA;2312908;Sobral;23;CE;1;1;1;1;410.1;403.5;339.4;420.5;1;3;0;0;0;0;0;0
3551727;2024;50007904;5002704;Campo Grande;50;MS;4;1;1;5002704;Campo Grande;50;MS;1;1;1;1;494.5;580.3;479.1;631.6;0;1;160;200;140;200;200;900
867083;2024;NA;NA;;NA;;NA;NA;NA;4113700;Londrina;41;PR;0;0;0;0;NA;NA;NA;NA;0;NA;NA;NA;NA;NA;NA;NA
1980346;2024;41063635;4102000;Assis Chateaubriand;41;PR;2;1;1;4102000;Assis Chateaubriand;41;PR;0;0;0;0;NA;NA;NA;NA;1;NA;NA;NA;NA;NA;NA;NA
44783;2024;26110857;2607901;Jaboatão dos Guararapes;26;PE;2;1;1;2607901;Jaboatão dos Guararapes;26;PE;1;1;1;1;408.4;515.7;523.1;393.9;1;4;0;0;0;0;0;0
4266283;2024;NA;NA;;NA;;NA;NA;NA;3551009;São Vicente;35;SP;0;0;0;0;NA;NA;NA;NA;0;NA;NA;NA;NA;NA;NA;NA
2550309;2024;43057730;4307104;Herval;43;RS;2;1;1;4314407;Pelotas;43;RS;0;0;0;0;NA;NA;NA;NA;1;NA;NA;NA;NA;NA;NA;NA
784838;2024;NA;NA;;NA;;NA;NA;NA;2613701;São Lourenço da Mata;26;PE;1;1;1;1;398.5;410.9;495.1;445.2;1;1;120;100;80;80;0;380
1089970;2024;32059310;3205036;Vargem Alta;32;ES;2;1;1;3201209;Cachoeiro de Itapemirim;32;ES;1;1;1;1;432;560.3;532.1;409.6;1;1;160;180;180;180;160;860
418607;2024;35456457;3506508;Birigui;35;SP;1;1;1;3506508;Birigui;35;SP;1;1;1;1;595.5;651.6;584;700.6;0;1;160;200;180;180;200;920
866803;2024;42069688;4212502;Penha;42;SC;2;1;1;4211306;Navegantes;42;SC;1;1;1;1;568.7;599.9;559.8;557.8;0;1;120;140;140;160;200;760
195089;2024;NA;NA;;NA;;NA;NA;NA;4314902;Porto Alegre;43;RS;1;1;1;1;680.4;703.1;611.9;754.6;1;1;160;200;160;200;200;920
2787668;2024;NA;NA;;NA;;NA;NA;NA;1302603;Manaus;13;AM;1;1;1;1;504.4;634.6;562.8;644.7;0;1;120;40;120;120;140;540
499836;2024;41125983;4105805;Colombo;41;PR;2;1;1;4105805;Colombo;41;PR;1;1;1;1;514.8;521.1;595.2;595.4;0;1;160;200;200;180;180;920
328001;2024;41024192;4115200;Maringá;41;PR;2;1;1;4115200;Maringá;41;PR;1;1;1;1;564.5;559.4;591.4;489.1;1;1;120;180;120;140;160;720
1017815;2024;NA;NA;;NA;;NA;NA;NA;5300108;Brasília;53;DF;0;0;0;0;NA;NA;NA;NA;1;NA;NA;NA;NA;NA;NA;NA
935885;2024;NA;NA;;NA;;NA;NA;NA;2412005;São Gonçalo do Amarante;24;RN;0;0;0;0;NA;NA;NA;NA;1;NA;NA;NA;NA;NA;NA;NA
3995774;2024;NA;NA;;NA;;NA;NA;NA;1302603;Manaus;13;AM;1;1;1;1;542.2;623.6;616.2;520.5;0;1;140;140;120;100;60;560
1787229;2024;42041350;4211108;Monte Castelo;42;SC;2;1;1;4210100;Mafra;42;SC;1;1;1;1;604.9;712.2;673.3;701.7;0;1;160;180;180;200;200;920
3976515;2024;NA;NA;;NA;;NA;NA;NA;2903201;Barreiras;29;BA;1;1;1;1;465;519;488.8;471.3;1;1;160;200;180;180;200;920
3255429;2024;NA;NA;;NA;;NA;NA;NA;1302603;Manaus;13;AM;0;0;0;0;NA;NA;NA;NA;0;NA;NA;NA;NA;NA;NA;NA
427155;2024;NA;NA;;NA;;NA;NA;NA;1505536;Parauapebas;15;PA;1;1;1;1;418.6;498.9;509.8;501;0;1;120;180;120;120;120;660
1099371;2024;NA;NA;;NA;;NA;NA;NA;1100205;Porto Velho;11;RO;0;0;0;0;NA;NA;NA;NA;1;NA;NA;NA;NA;NA;NA;NA
1835833;2024;22083022;2209104;Santa Cruz do Piauí;22;PI;2;1;1;2208007;Picos;22;PI;1;1;1;1;409.4;362;462.6;401.7;1;1;120;160;100;100;80;560
1697123;2024;31124311;3117108;Conceição da Aparecida;31;MG;2;1;1;3104304;Areado;31;MG;1;1;1;1;393.8;457.6;564;572.4;1;1;140;180;160;160;180;820
780721;2024;NA;NA;;NA;;NA;NA;NA;2604007;Carpina;26;PE;1;1;1;1;442.7;532.1;547.3;438.9;0;1;100;80;80;80;60;400
1951270;2024;NA;NA;;NA;;NA;NA;NA;4105805;Colombo;41;PR;0;1;1;0;NA;453.9;569.7;NA;0;1;80;160;100;100;80;520
361084;2024;NA;NA;;NA;;NA;NA;NA;4314902;Porto Alegre;43;RS;1;1;1;1;528.5;647.8;614.8;660.7;0;1;120;200;120;120;200;760
1517333;2024;NA;NA;;NA;;NA;NA;NA;1501402;Belém;15;PA;1;1;1;1;468.5;371.9;411.1;405.9;0;1;100;100;100;100;40;440
3765839;2024;NA;NA;;NA;;NA;NA;NA;3127701;Governador Valadares;31;MG;1;1;1;1;547.1;588.4;546.5;621;0;1;120;180;140;140;200;780
611454;2024;NA;NA;;NA;;NA;NA;NA;3103405;Araçuaí;31;MG;1;1;1;1;461.7;517.6;547.4;585.6;0;1;140;160;100;120;160;680
3878490;2024;28018575;2800308;Aracaju;28;SE;2;1;1;2800308;Aracaju;28;SE;0;1;1;0;NA;403.3;364;NA;1;1;100;80;120;120;20;440
2329479;2024;31379735;3170107;Uberaba;31;MG;4;1;1;3170107;Uberaba;31;MG;1;1;1;1;528.7;612.3;629.8;648.9;1;1;160;180;180;160;160;840
2266660;2024;NA;NA;;NA;;NA;NA;NA;2210607;São Raimundo Nonato;22;PI;1;1;1;1;371.6;348.7;419.4;431.1;1;1;80;120;80;80;0;360
3284413;2024;NA;NA;;NA;;NA;NA;NA;1502707;Conceição do Araguaia;15;PA;1;1;1;1;482.3;316.2;514;485.1;1;1;100;160;120;120;120;620
346930;2024;NA;NA;;NA;;NA;NA;NA;2611606;Recife;26;PE;1;1;1;1;449;504.7;550.7;481.1;0;1;120;160;140;120;180;720
2253775;2024;NA;NA;;NA;;NA;NA;NA;3516408;Franco da Rocha;35;SP;0;0;0;0;NA;NA;NA;NA;0;NA;NA;NA;NA;NA;NA;NA
3692169;2024;29406889;2913606;Ilhéus;29;BA;2;1;1;2913606;Ilhéus;29;BA;0;0;0;0;NA;NA;NA;NA;0;NA;NA;NA;NA;NA;NA;NA
3136831;2024;NA;NA;;NA;;NA;NA;NA;3143302;Montes Claros;31;MG;1;1;1;1;491.6;485.3;478;485.2;0;1;160;180;140;180;140;800
3606197;2024;NA;NA;;NA;;NA;NA;NA;2102325;Buriticupu;21;MA;0;1;1;0;NA;544.5;518;NA;0;4;0;0;0;0;0;0
2752015;2024;35007080;3523107;Itaquaquecetuba;35;SP;2;1;1;3523107;Itaquaquecetuba;35;SP;1;1;1;1;468;507.9;551.8;479.3;1;1;100;120;100;120;0;440
1363433;2024;NA;NA;;NA;;NA;NA;NA;2109601;Rosário;21;MA;1;1;1;1;615.3;641;631.7;708;0;1;160;200;180;200;180;920
3683427;2024;33061920;3304144;Queimados;33;RJ;2;1;1;3304144;Queimados;33;RJ;0;0;0;0;NA;NA;NA;NA;1;NA;NA;NA;NA;NA;NA;NA
1476607;2024;52096483;5212501;Luziânia;52;GO;1;1;1;5212501;Luziânia;52;GO;1;1;1;1;512.7;491.3;553.7;407.4;1;1;140;120;120;120;0;500
4191987;2024;NA;NA;;NA;;NA;NA;NA;5208707;Goiânia;52;GO;0;1;1;0;NA;540.4;525.8;NA;0;1;80;120;100;120;0;420
2668354;2024;NA;NA;;NA;;NA;NA;NA;1714203;Natividade;17;TO;1;1;1;1;457.5;460.8;472.7;399.3;0;1;120;120;100;80;20;440
3800104;2024;NA;NA;;NA;;NA;NA;NA;3132404;Itajubá;31;MG;1;1;1;1;561.6;430.6;559.1;471.9;0;1;80;120;80;120;40;440
2448214;2024;NA;NA;;NA;;NA;NA;NA;3115300;Cataguases;31;MG;1;1;1;1;444.6;388.2;459.7;468.1;1;1;120;120;40;120;0;400
523876;2024;53014316;5300108;Brasília;53;DF;2;1;1;5300108;Brasília;53;DF;1;1;1;1;494.8;451;524.4;413.9;1;1;80;120;80;120;120;520
4082698;2024;NA;NA;;NA;;NA;NA;NA;4318408;São Jerônimo;43;RS;0;0;0;0;NA;NA;NA;NA;0;NA;NA;NA;NA;NA;NA;NA
3078480;2024;NA;NA;;NA;;NA;NA;NA;1506138;Redenção;15;PA;1;1;1;1;417.6;592.3;590.2;518;0;1;160;200;160;200;160;880
787983;2024;35909488;3524006;Itupeva;35;SP;2;1;1;3524006;Itupeva;35;SP;1;1;1;1;391.9;442.7;388.7;436.9;0;1;140;140;80;120;20;500
2577163;2024;24002224;2408003;Mossoró;24;RN;2;1;1;2408003;Mossoró;24;RN;1;1;1;1;441.3;375.6;445.8;420.2;1;1;120;120;120;140;100;600
3235897;2024;NA;NA;;NA;;NA;NA;NA;2501302;Aroeiras;25;PB;1;1;1;1;431.5;453.8;363.7;409.9;1;3;0;0;0;0;0;0
3393280;2024;31005371;3106200;Belo Horizonte;31;MG;4;1;1;3106200;Belo Horizonte;31;MG;1;1;1;1;603.6;629.8;603.3;683.9;0;1;160;140;160;180;200;840
3801326;2024;NA;NA;;NA;;NA;NA;NA;3150802;Piranga;31;MG;0;0;0;0;NA;NA;NA;NA;0;NA;NA;NA;NA;NA;NA;NA
1198528;2024;29428530;2926608;Ribeira do Pombal;29;BA;2;1;1;2926608;Ribeira do Pombal;29;BA;1;1;1;1;479.9;561.6;533.3;507.1;0;1;160;160;140;180;200;840
379857;2024;25090852;2501807;Bayeux;25;PB;4;1;1;2513703;Santa Rita;25;PB;1;1;1;1;394.5;533.8;536.9;602.7;0;1;140;180;160;160;200;840
2530722;2024;17047439;1721000;Palmas;17;TO;2;1;1;1721000;Palmas;17;TO;0;0;0;0;NA;NA;NA;NA;1;NA;NA;NA;NA;NA;NA;NA
3055179;2024;NA;NA;;NA;;NA;NA;NA;2504009;Campina Grande;25;PB;1;1;1;1;451.6;501.7;537.7;514.2;0;1;120;140;120;140;160;680
1440393;2024;12030937;1200203;Cruzeiro do Sul;12;AC;1;2;1;1200203;Cruzeiro do Sul;12;AC;1;1;1;1;500.8;448.4;406.9;537;1;1;120;120;120;120;120;600
1464698;2024;NA;NA;;NA;;NA;NA;NA;2919207;Lauro de Freitas;29;BA;1;1;1;1;636.1;636.2;583.5;691.9;0;1;160;200;160;200;200;920
3395590;2024;35031082;3500105;Adamantina;35;SP;2;1;1;3500105;Adamantina;35;SP;0;0;0;0;NA;NA;NA;NA;1;NA;NA;NA;NA;NA;NA;NA
432352;2024;43123260;4316907;Santa Maria;43;RS;2;1;1;4316907;Santa Maria;43;RS;1;1;1;1;495.3;519.1;530.9;396.6;1;1;100;120;120;120;120;580
462808;2024;NA;NA;;NA;;NA;NA;NA;1502905;Curuçá;15;PA;1;1;1;1;416.3;426.3;434.8;489.3;1;1;100;140;120;100;100;560
2035251;2024;NA;NA;;NA;;NA;NA;NA;3205200;Vila Velha;32;ES;0;0;0;0;NA;NA;NA;NA;1;NA;NA;NA;NA;NA;NA;NA
1452037;2024;NA;NA;;NA;;NA;NA;NA;2604106;Caruaru;26;PE;0;1;1;0;NA;343.1;399.3;NA;1;1;100;160;120;100;100;580
2894868;2024;29277809;2933307;Vitória da Conquista;29;BA;2;1;1;2933307;Vitória da Conquista;29;BA;0;1;1;0;NA;414.2;449.1;NA;1;1;80;60;60;60;0;260
2715748;2024;NA;NA;;NA;;NA;NA;NA;1501402;Belém;15;PA;1;1;1;1;644.1;649.4;611;733.8;0;1;160;180;180;180;200;900
892267;2024;NA;NA;;NA;;NA;NA;NA;3106200;Belo Horizonte;31;MG;1;1;1;1;552;599.3;535.5;566.6;0;1;120;200;160;160;120;760
2225990;2024;NA;NA;;NA;;NA;NA;NA;3140001;Mariana;31;MG;0;0;0;0;NA;NA;NA;NA;1;NA;NA;NA;NA;NA;NA;NA
848961;2024;NA;NA;;NA;;NA;NA;NA;2601706;Belo Jardim;26;PE;1;1;1;1;435.7;517.9;500.6;532.4;1;1;100;120;120;120;120;580
3927981;2024;NA;NA;;NA;;NA;NA;NA;2926608;Ribeira do Pombal;29;BA;0;1;1;0;NA;353.8;542.2;NA;0;1;140;180;140;140;180;780
1190831;2024;NA;NA;;NA;;NA;NA;NA;3550308;São Paulo;35;SP;0;0;0;0;NA;NA;NA;NA;0;NA;NA;NA;NA;NA;NA;NA
490957;2024;NA;NA;;NA;;NA;NA;NA;4107652;Fazenda Rio Grande;41;PR;0;1;1;0;NA;302.6;423.3;NA;0;1;80;80;60;80;0;300
3965455;2024;NA;NA;;NA;;NA;NA;NA;1500800;Ananindeua;15;PA;0;0;0;0;NA;NA;NA;NA;0;NA;NA;NA;NA;NA;NA;NA
2891148;2024;NA;NA;;NA;;NA;NA;NA;3550308;São Paulo;35;SP;0;0;0;0;NA;NA;NA;NA;0;NA;NA;NA;NA;NA;NA;NA
3673923;2024;NA;NA;;NA;;NA;NA;NA;3302403;Macaé;33;RJ;0;1;1;0;NA;392.5;450.1;NA;1;1;120;160;120;120;80;600
117776;2024;24055360;2412203;São José de Mipibu;24;RN;2;1;1;2412203;São José de Mipibu;24;RN;1;1;1;1;411;503.7;570.4;433;1;1;120;80;100;120;60;480
972807;2024;NA;NA;;NA;;NA;NA;NA;3305109;São João de Meriti;33;RJ;1;1;1;1;370.7;441.2;406.3;500.4;1;1;80;160;80;80;80;480
224788;2024;52078523;5200258;Águas Lindas de Goiás;52;GO;2;1;1;5200258;Águas Lindas de Goiás;52;GO;1;1;1;1;452;518.7;528;393.3;0;1;120;200;120;120;0;560
1883267;2024;NA;NA;;NA;;NA;NA;NA;3304524;Rio das Ostras;33;RJ;1;1;1;1;568.7;564.3;545.9;656.8;0;1;120;120;100;100;100;540
2257906;2024;29487250;2927408;Salvador;29;BA;4;1;1;2927408;Salvador;29;BA;1;1;1;1;684.5;623.2;620.9;835;0;1;120;160;120;160;200;760
591825;2024;33240213;3301009;Campos dos Goytacazes;33;RJ;1;1;1;3301009;Campos dos Goytacazes;33;RJ;1;1;1;1;609.6;572.4;593.9;794.3;0;1;160;200;160;160;200;880
4166278;2024;NA;NA;;NA;;NA;NA;NA;3122306;Divinópolis;31;MG;1;1;1;1;425.2;497.7;573.6;401.3;0;1;140;200;120;180;120;760
3435395;2024;31322644;3121258;Delta;31;MG;2;1;1;3170107;Uberaba;31;MG;1;1;1;1;500.8;487.8;502.7;552.9;1;1;120;160;120;140;100;640
2608637;2024;26052776;2603108;Cachoeirinha;26;PE;2;1;1;2613107;São Caitano;26;PE;1;1;1;1;481.2;428.9;411.2;408.4;0;1;100;120;120;120;140;600
1388923;2024;25056581;2516151;Sossêgo;25;PB;2;1;1;2505105;Cuité;25;PB;1;1;1;1;372.4;433.7;511.4;383.2;1;1;80;180;160;160;160;740
2411323;2024;27045234;2706703;Penedo;27;AL;2;1;1;2706703;Penedo;27;AL;1;1;1;1;413.1;403.2;499.6;386;0;1;120;120;120;120;80;560
429823;2024;22017011;2208304;Piracuruca;22;PI;2;1;1;2208304;Piracuruca;22;PI;1;1;1;1;538.1;449.8;548.3;407.8;1;1;100;160;140;200;200;800
3226303;2024;NA;NA;;NA;;NA;NA;NA;1100304;Vilhena;11;RO;1;1;1;1;406;403.2;479.7;406.9;1;1;120;160;120;120;160;680
65409;2024;NA;NA;;NA;;NA;NA;NA;2927408;Salvador;29;BA;1;1;1;1;405.2;434;540.4;479;1;1;100;180;120;120;20;540
1965462;2024;NA;NA;;NA;;NA;NA;NA;3516200;Franca;35;SP;1;1;1;1;601.3;610.4;613.1;664;0;1;160;160;140;160;140;760
2648065;2024;NA;NA;;NA;;NA;NA;NA;3550308;São Paulo;35;SP;0;0;0;0;NA;NA;NA;NA;0;NA;NA;NA;NA;NA;NA;NA
691181;2024;25130161;2506301;Guarabira;25;PB;2;1;1;2506301;Guarabira;25;PB;1;1;1;1;456.9;391.1;458.5;434.1;1;1;60;60;40;80;60;300
2848199;2024;NA;NA;;NA;;NA;NA;NA;5300108;Brasília;53;DF;0;0;0;0;NA;NA;NA;NA;0;NA;NA;NA;NA;NA;NA;NA
11906;2024;35041300;3548708;São Bernardo do Campo;35;SP;2;1;1;3548708;São Bernardo do Campo;35;SP;0;0;0;0;NA;NA;NA;NA;1;NA;NA;NA;NA;NA;NA;NA
932499;2024;NA;NA;;NA;;NA;NA;NA;3151206;Pirapora;31;MG;1;1;1;1;527.4;561.4;534.2;573.9;1;1;160;200;160;160;160;840
3298525;2024;NA;NA;;NA;;NA;NA;NA;2601102;Araripina;26;PE;0;1;1;0;NA;399.4;457.6;NA;0;1;80;160;80;120;80;520
793981;2024;NA;NA;;NA;;NA;NA;NA;2909802;Cruz das Almas;29;BA;1;1;1;1;430.6;482.9;515.8;453.8;1;1;120;120;120;120;60;540
286558;2024;15097129;1502152;Canaã dos Carajás;15;PA;2;1;1;1502152;Canaã dos Carajás;15;PA;1;1;1;1;382.5;431.9;433.8;439.7;0;4;0;0;0;0;0;0
3489491;2024;29417163;2900702;Alagoinhas;29;BA;2;1;1;2900702;Alagoinhas;29;BA;1;1;1;1;369.8;407;481.5;405.1;0;1;80;120;80;120;0;400
3863571;2024;NA;NA;;NA;;NA;NA;NA;4307708;Esteio;43;RS;0;0;0;0;NA;NA;NA;NA;1;NA;NA;NA;NA;NA;NA;NA
2514537;2024;NA;NA;;NA;;NA;NA;NA;2304400;Fortaleza;23;CE;1;1;1;1;443.8;520.2;517.4;397.1;0;1;100;180;80;120;160;640
3859181;2024;NA;NA;;NA;;NA;NA;NA;2800308;Aracaju;28;SE;0;0;0;0;NA;NA;NA;NA;1;NA;NA;NA;NA;NA;NA;NA
1821533;2024;NA;NA;;NA;;NA;NA;NA;1200203;Cruzeiro do Sul;12;AC;1;1;1;1;497.2;568.7;565.1;603.9;0;1;160;200;180;180;200;920
2185033;2024;NA;NA;;NA;;NA;NA;NA;3301702;Duque de Caxias;33;RJ;1;1;1;1;467.8;555.9;591.2;607.4;0;1;140;200;160;140;160;800
2068961;2024;35430705;3509502;Campinas;35;SP;2;1;1;3509502;Campinas;35;SP;1;1;1;1;456.6;392.6;417.9;432.1;0;1;80;120;60;80;60;400
702585;2024;NA;NA;;NA;;NA;NA;NA;2610608;Paudalho;26;PE;1;1;1;1;395.9;534.1;483.3;561.5;1;1;120;160;120;120;80;600
2687384;2024;50001752;5001102;Aquidauana;50;MS;2;2;1;5001102;Aquidauana;50;MS;1;1;1;1;411.3;447.8;502.1;455;0;1;100;140;100;100;80;520
3460739;2024;NA;NA;;NA;;NA;NA;NA;3550308;São Paulo;35;SP;0;0;0;0;NA;NA;NA;NA;0;NA;NA;NA;NA;NA;NA;NA
1680535;2024;35048082;3518305;Guararema;35;SP;2;1;1;3546801;Santa Isabel;35;SP;0;0;0;0;NA;NA;NA;NA;0;NA;NA;NA;NA;NA;NA;NA
3300101;2024;NA;NA;;NA;;NA;NA;NA;3106200;Belo Horizonte;31;MG;0;0;0;0;NA;NA;NA;NA;0;NA;NA;NA;NA;NA;NA;NA
217575;2024;NA;NA;;NA;;NA;NA;NA;3519071;Hortolândia;35;SP;1;1;1;1;375;468;499.1;466.7;1;1;120;120;140;120;0;500
3682640;2024;NA;NA;;NA;;NA;NA;NA;3547304;Santana de Parnaíba;35;SP;1;1;1;1;415.9;521.5;496;494.5;0;1;120;120;80;120;80;520
482570;2024;53012720;5300108;Brasília;53;DF;2;1;1;5300108;Brasília;53;DF;1;1;1;1;408.9;419.2;489.3;398.9;0;1;120;140;120;140;160;680
1815200;2024;NA;NA;;NA;;NA;NA;NA;3304557;Rio de Janeiro;33;RJ;1;1;1;1;464.9;474.3;518.9;562.2;0;1;140;180;120;140;120;700
1379561;2024;NA;NA;;NA;;NA;NA;NA;3304904;São Gonçalo;33;RJ;1;1;1;1;416.9;358.9;493.2;474.1;0;1;120;120;100;120;120;580
1549553;2024;29261481;2919959;Maetinga;29;BA;2;1;1;2901205;Anagé;29;BA;1;1;1;1;461.8;375.4;478.5;468.7;0;1;100;140;80;100;60;480
1879707;2024;NA;NA;;NA;;NA;NA;NA;1501402;Belém;15;PA;0;0;0;0;NA;NA;NA;NA;0;NA;NA;NA;NA;NA;NA;NA
4006583;2024;NA;NA;;NA;;NA;NA;NA;1502103;Cametá;15;PA;1;1;1;1;558.3;635.7;621.7;654.9;1;1;180;200;180;180;180;920
2524576;2024;NA;NA;;NA;;NA;NA;NA;5208707;Goiânia;52;GO;1;1;1;1;505.4;573.1;527.3;419;1;1;100;200;120;120;120;660
97820;2024;NA;NA;;NA;;NA;NA;NA;1501402;Belém;15;PA;1;1;1;1;366.2;385.3;413.3;468.4;1;1;100;40;40;80;0;260
3086658;2024;NA;NA;;NA;;NA;NA;NA;4314902;Porto Alegre;43;RS;1;1;1;1;707.1;678.5;690.8;803.2;1;1;160;180;160;180;200;880
618547;2024;35112689;3509502;Campinas;35;SP;4;1;1;3509502;Campinas;35;SP;1;1;1;1;610.6;606.2;527.9;591.6;0;1;140;200;160;160;180;840
2792932;2024;52055930;5200134;Acreúna;52;GO;2;1;1;5200134;Acreúna;52;GO;0;0;0;0;NA;NA;NA;NA;1;NA;NA;NA;NA;NA;NA;NA
1005607;2024;NA;NA;;NA;;NA;NA;NA;4316907;Santa Maria;43;RS;1;1;1;1;545.8;569.1;570.1;727.9;0;1;140;180;160;180;200;860
3419250;2024;NA;NA;;NA;;NA;NA;NA;2111300;São Luís;21;MA;1;1;1;1;381.2;421.4;462.2;458.5;0;1;120;180;120;120;120;660
4027769;2024;NA;NA;;NA;;NA;NA;NA;1500602;Altamira;15;PA;1;1;1;1;575.6;595.4;605.4;513.9;1;1;120;140;100;120;100;580
2802478;2024;25027026;2511301;Piancó;25;PB;2;1;1;2511301;Piancó;25;PB;1;1;1;1;375.2;521.6;505.2;578.6;1;8;0;0;0;0;0;0
3294239;2024;NA;NA;;NA;;NA;NA;NA;1508407;Xinguara;15;PA;1;1;1;1;540.9;515.3;465.5;489.6;0;1;160;200;140;180;160;840
1609362;2024;42069580;4211306;Navegantes;42;SC;2;1;1;4211306;Navegantes;42;SC;0;0;0;0;NA;NA;NA;NA;1;NA;NA;NA;NA;NA;NA;NA
2292277;2024;35153631;3550308;São Paulo;35;SP;4;1;1;3548807;São Caetano do Sul;35;SP;1;1;1;1;614.5;636.4;647.2;822.8;0;1;140;200;160;160;180;840
3761268;2024;NA;NA;;NA;;NA;NA;NA;3300704;Cabo Frio;33;RJ;1;1;1;1;533;621.6;588.2;619.8;0;1;120;180;120;120;120;660
1717705;2024;NA;NA;;NA;;NA;NA;NA;3161106;São Francisco;31;MG;0;0;0;0;NA;NA;NA;NA;1;NA;NA;NA;NA;NA;NA;NA
4210901;2024;NA;NA;;NA;;NA;NA;NA;2305209;Hidrolândia;23;CE;0;0;0;0;NA;NA;NA;NA;1;NA;NA;NA;NA;NA;NA;NA
4001305;2024;NA;NA;;NA;;NA;NA;NA;3205002;Serra;32;ES;0;0;0;0;NA;NA;NA;NA;0;NA;NA;NA;NA;NA;NA;NA
2862316;2024;NA;NA;;NA;;NA;NA;NA;3112307;Capelinha;31;MG;1;1;1;1;543.2;555.8;527.7;526.8;1;1;100;120;120;100;40;480
105495;2024;NA;NA;;NA;;NA;NA;NA;1302603;Manaus;13;AM;0;1;1;0;NA;574.6;550.9;NA;0;1;120;180;120;140;40;600
1789809;2024;NA;NA;;NA;;NA;NA;NA;2100204;Alcântara;21;MA;1;1;1;1;478;385.2;464.1;422.3;1;1;80;120;60;40;60;360
3037837;2024;NA;NA;;NA;;NA;NA;NA;2507507;João Pessoa;25;PB;1;1;1;1;518;521.2;559.2;636.3;0;1;120;160;80;120;120;600
1175518;2024;13106376;1302405;Lábrea;13;AM;2;1;1;1302405;Lábrea;13;AM;0;0;0;0;NA;NA;NA;NA;0;NA;NA;NA;NA;NA;NA;NA
877920;2024;43018211;4301404;Arvorezinha;43;RS;2;1;1;4320800;Soledade;43;RS;1;1;1;1;586.1;521.4;574.3;546.9;0;1;160;160;160;160;180;820
3348342;2024;NA;NA;;NA;;NA;NA;NA;2411205;Santa Cruz;24;RN;0;0;0;0;NA;NA;NA;NA;1;NA;NA;NA;NA;NA;NA;NA
2898432;2024;NA;NA;;NA;;NA;NA;NA;1506807;Santarém;15;PA;0;0;0;0;NA;NA;NA;NA;1;NA;NA;NA;NA;NA;NA;NA
3873111;2024;35011095;3534401;Osasco;35;SP;2;1;1;3534401;Osasco;35;SP;0;0;0;0;NA;NA;NA;NA;0;NA;NA;NA;NA;NA;NA;NA
2867593;2024;NA;NA;;NA;;NA;NA;NA;3534401;Osasco;35;SP;1;1;1;1;496.2;511.7;594;453.3;0;1;120;160;120;120;40;560
554560;2024;31322628;3154606;Ribeirão das Neves;31;MG;2;1;1;3154606;Ribeirão das Neves;31;MG;0;0;0;0;NA;NA;NA;NA;1;NA;NA;NA;NA;NA;NA;NA
1787019;2024;NA;NA;;NA;;NA;NA;NA;4115200;Maringá;41;PR;1;1;1;1;576.6;538.1;543.8;528.9;0;1;180;200;180;180;200;940
2590991;2024;29327911;2931350;Teixeira de Freitas;29;BA;2;1;1;2931350;Teixeira de Freitas;29;BA;0;0;0;0;NA;NA;NA;NA;1;NA;NA;NA;NA;NA;NA;NA
2726207;2024;NA;NA;;NA;;NA;NA;NA;2616407;Vitória de Santo Antão;26;PE;0;0;0;0;NA;NA;NA;NA;0;NA;NA;NA;NA;NA;NA;NA
2859549;2024;50016032;5003702;Dourados;50;MS;2;1;1;5003702;Dourados;50;MS;1;1;1;1;483.2;320.6;329.3;518.6;0;1;100;120;100;80;80;480
3632187;2024;NA;NA;;NA;;NA;NA;NA;3549102;São João da Boa Vista;35;SP;0;0;0;0;NA;NA;NA;NA;0;NA;NA;NA;NA;NA;NA;NA
1011939;2024;NA;NA;;NA;;NA;NA;NA;2408102;Natal;24;RN;0;0;0;0;NA;NA;NA;NA;0;NA;NA;NA;NA;NA;NA;NA
470724;2024;23057190;2301950;Barreira;23;CE;2;1;1;2301950;Barreira;23;CE;0;1;1;0;NA;402;354.6;NA;1;4;0;0;0;0;0;0
205463;2024;NA;NA;;NA;;NA;NA;NA;2910727;Eunápolis;29;BA;1;1;1;1;455.3;546.3;513.8;475.2;0;1;120;160;120;120;120;640
1704838;2024;NA;NA;;NA;;NA;NA;NA;2918407;Juazeiro;29;BA;1;1;1;1;366.8;520.8;536.5;460.2;1;1;160;160;140;140;100;700
2700314;2024;35496571;3548906;São Carlos;35;SP;2;1;1;3550308;São Paulo;35;SP;0;0;0;0;NA;NA;NA;NA;1;NA;NA;NA;NA;NA;NA;NA
3526692;2024;NA;NA;;NA;;NA;NA;NA;3201902;Domingos Martins;32;ES;0;0;0;0;NA;NA;NA;NA;0;NA;NA;NA;NA;NA;NA;NA
1904877;2024;NA;NA;;NA;;NA;NA;NA;2927408;Salvador;29;BA;1;1;1;1;722.5;642.3;632.1;797.8;0;1;160;180;160;180;200;880
36502;2024;NA;NA;;NA;;NA;NA;NA;3147907;Passos;31;MG;0;0;0;0;NA;NA;NA;NA;0;NA;NA;NA;NA;NA;NA;NA
1339767;2024;NA;NA;;NA;;NA;NA;NA;5211909;Jataí;52;GO;1;1;1;1;415.1;499.3;541.1;399.4;1;1;100;180;120;140;160;700
1268943;2024;NA;NA;;NA;;NA;NA;NA;2105401;Itapecuru Mirim;21;MA;1;1;1;1;401;501.2;503.2;504.1;0;1;120;140;100;120;40;520
3045626;2024;NA;NA;;NA;;NA;NA;NA;3518404;Guaratinguetá;35;SP;1;1;1;1;604.1;619.7;574.1;673.1;0;1;160;200;180;180;140;860
2976675;2024;NA;NA;;NA;;NA;NA;NA;4106902;Curitiba;41;PR;1;1;1;1;518.2;502.8;529.9;424.2;0;1;120;140;120;100;80;560
1278570;2024;NA;NA;;NA;;NA;NA;NA;3557105;Votuporanga;35;SP;1;1;1;1;526.2;539.1;571;622.5;0;1;160;200;180;160;200;900
109883;2024;NA;NA;;NA;;NA;NA;NA;5300108;Brasília;53;DF;0;0;0;0;NA;NA;NA;NA;0;NA;NA;NA;NA;NA;NA;NA
1903788;2024;24021490;2400604;Almino Afonso;24;RN;2;1;1;2409308;Patu;24;RN;1;1;1;1;391.6;490.8;509.3;491.8;0;1;120;160;120;100;120;620
3990923;2024;NA;NA;;NA;;NA;NA;NA;3552809;Taboão da Serra;35;SP;1;1;1;1;452.7;424.2;404.8;507.3;1;1;160;180;160;160;160;820
2755099;2024;52039420;5220454;Senador Canedo;52;GO;2;1;1;5220454;Senador Canedo;52;GO;0;0;0;0;NA;NA;NA;NA;0;NA;NA;NA;NA;NA;NA;NA
2666206;2024;NA;NA;;NA;;NA;NA;NA;1500800;Ananindeua;15;PA;1;1;1;1;394.5;451.7;380.3;521.7;1;1;120;120;120;120;0;480
1390731;2024;25007904;2503704;Cajazeiras;25;PB;2;1;1;2503704;Cajazeiras;25;PB;1;1;1;1;373.6;447.3;482.4;475.5;1;6;0;0;0;0;0;0
3279803;2024;NA;NA;;NA;;NA;NA;NA;3106200;Belo Horizonte;31;MG;0;0;0;0;NA;NA;NA;NA;0;NA;NA;NA;NA;NA;NA;NA
37252;2024;NA;NA;;NA;;NA;NA;NA;1302603;Manaus;13;AM;1;1;1;1;390.3;435.7;522.4;394.4;1;1;120;160;120;160;100;660
1677398;2024;NA;NA;;NA;;NA;NA;NA;2700300;Arapiraca;27;AL;1;1;1;1;419;445.3;396.5;516;0;1;60;120;80;80;0;340
3457775;2024;42041910;4210035;Luzerna;42;SC;2;1;1;4209003;Joaçaba;42;SC;1;1;1;1;446.6;484.5;526.2;398;1;1;100;120;100;80;80;480
1596683;2024;27225674;2704302;Maceió;27;AL;2;1;1;2704302;Maceió;27;AL;0;0;0;0;NA;NA;NA;NA;1;NA;NA;NA;NA;NA;NA;NA
2061567;2024;NA;NA;;NA;;NA;NA;NA;2911709;Guanambi;29;BA;0;1;1;0;NA;314.9;453;NA;1;1;100;120;120;120;120;580
2206286;2024;50006010;5002704;Campo Grande;50;MS;2;1;1;5002704;Campo Grande;50;MS;1;1;1;1;514.9;551.5;566.5;564.7;0;1;100;120;120;120;80;540
2891874;2024;NA;NA;;NA;;NA;NA;NA;3169307;Três Corações;31;MG;0;0;0;0;NA;NA;NA;NA;0;NA;NA;NA;NA;NA;NA;NA
2379534;2024;NA;NA;;NA;;NA;NA;NA;4314407;Pelotas;43;RS;1;0;0;1;457;NA;NA;438.2;0;NA;NA;NA;NA;NA;NA;NA
1808406;2024;NA;NA;;NA;;NA;NA;NA;3106200;Belo Horizonte;31;MG;1;1;1;1;662.9;669.6;669.9;676.4;0;1;180;200;160;200;180;920
3097568;2024;NA;NA;;NA;;NA;NA;NA;2516201;Sousa;25;PB;1;1;1;1;443.2;449.5;513.5;440;1;1;160;120;80;100;120;580
3934055;2024;24002291;2408003;Mossoró;24;RN;2;1;1;2408003;Mossoró;24;RN;1;1;1;1;530.2;462.8;414.1;494.8;0;6;0;0;0;0;0;0
668548;2024;NA;NA;;NA;;NA;NA;NA;1501303;Barcarena;15;PA;1;1;1;1;448.3;517.1;580.7;411.5;1;1;140;140;120;120;120;640
1820716;2024;NA;NA;;NA;;NA;NA;NA;1301902;Itacoatiara;13;AM;0;0;0;0;NA;NA;NA;NA;0;NA;NA;NA;NA;NA;NA;NA
1754463;2024;NA;NA;;NA;;NA;NA;NA;3303906;Petrópolis;33;RJ;1;1;1;1;664;601.4;611.2;730.8;0;1;100;180;140;180;180;780
2266242;2024;NA;NA;;NA;;NA;NA;NA;2913903;Ipiaú;29;BA;0;0;0;0;NA;NA;NA;NA;1;NA;NA;NA;NA;NA;NA;NA
2576634;2024;NA;NA;;NA;;NA;NA;NA;3555000;Tupã;35;SP;0;0;0;0;NA;NA;NA;NA;0;NA;NA;NA;NA;NA;NA;NA
2759481;2024;NA;NA;;NA;;NA;NA;NA;2408102;Natal;24;RN;1;1;1;1;731.4;736.2;658.3;864.2;0;1;140;160;140;180;180;800
4056375;2024;42020808;4209102;Joinville;42;SC;2;1;1;4209102;Joinville;42;SC;1;1;1;1;488.8;471.6;514.2;428.5;0;1;140;200;120;100;80;640
2385255;2024;NA;NA;;NA;;NA;NA;NA;3303302;Niterói;33;RJ;0;1;1;0;NA;534.2;548.6;NA;1;1;100;140;120;140;160;660
3266709;2024;NA;NA;;NA;;NA;NA;NA;3304557;Rio de Janeiro;33;RJ;1;1;1;1;409.2;472.7;570;623.9;0;1;120;160;140;200;180;800
6338;2024;16011341;1600303;Macapá;16;AP;2;1;1;1600303;Macapá;16;AP;1;1;1;1;411.7;302.7;419.3;392.3;1;1;100;100;60;100;100;460
1321768;2024;NA;NA;;NA;;NA;NA;NA;4309209;Gravataí;43;RS;1;1;1;1;430;534.8;568.7;425.6;0;1;120;160;120;120;80;600
4266953;2024;NA;NA;;NA;;NA;NA;NA;2930774;Sobradinho;29;BA;1;1;1;1;535;526.2;585.1;435.2;0;1;120;100;100;120;100;540
1197188;2024;NA;NA;;NA;;NA;NA;NA;5300108;Brasília;53;DF;0;0;0;0;NA;NA;NA;NA;1;NA;NA;NA;NA;NA;NA;NA
2469255;2024;15178340;1501105;Bagre;15;PA;2;2;1;1501204;Baião;15;PA;1;1;1;1;487;415.4;412.8;461.1;0;1;100;120;80;100;100;500
1481869;2024;NA;NA;;NA;;NA;NA;NA;1303536;Presidente Figueiredo;13;AM;1;1;1;1;568.8;670.7;604.3;694.9;1;1;160;200;160;180;200;900
1693765;2024;NA;NA;;NA;;NA;NA;NA;4115200;Maringá;41;PR;1;1;1;1;740.3;745.7;638.7;855.8;0;1;180;200;180;200;200;960
1949733;2024;35029804;3502804;Araçatuba;35;SP;2;1;1;3502804;Araçatuba;35;SP;1;1;1;1;533.3;532.6;532.4;635.1;0;1;80;100;60;80;0;320
434739;2024;NA;NA;;NA;;NA;NA;NA;5208707;Goiânia;52;GO;1;1;1;1;549.4;615.5;580.6;435.6;0;1;120;120;120;100;100;560
1454789;2024;NA;NA;;NA;;NA;NA;NA;1501402;Belém;15;PA;0;0;0;0;NA;NA;NA;NA;0;NA;NA;NA;NA;NA;NA;NA
3048387;2024;NA;NA;;NA;;NA;NA;NA;3550308;São Paulo;35;SP;1;1;1;1;590.7;642.1;641.1;619.1;0;1;140;200;160;140;160;800
182831;2024;NA;NA;;NA;;NA;NA;NA;2103208;Chapadinha;21;MA;1;1;1;1;407.4;400.8;468;414.7;1;1;80;120;100;140;40;480
3104707;2024;12005894;1200609;Tarauacá;12;AC;2;1;1;1200609;Tarauacá;12;AC;0;0;0;0;NA;NA;NA;NA;1;NA;NA;NA;NA;NA;NA;NA
3971635;2024;NA;NA;;NA;;NA;NA;NA;3205002;Serra;32;ES;0;1;1;0;NA;520.9;537.3;NA;1;4;0;0;0;0;0;0
3035504;2024;NA;NA;;NA;;NA;NA;NA;3101607;Alfenas;31;MG;1;1;1;1;622;501.3;575.7;643.2;0;1;160;140;120;160;200;780
2824741;2024;29196434;2927408;Salvador;29;BA;2;1;1;2919207;Lauro de Freitas;29;BA;1;1;1;1;474.2;417.8;513.2;395.2;1;1;120;120;120;100;40;500
1262975;2024;15054900;1500909;Augusto Corrêa;15;PA;2;1;1;1500909;Augusto Corrêa;15;PA;1;1;1;1;389.6;461;495;484.4;0;1;100;140;80;80;100;500
544568;2024;41076710;4108304;Foz do Iguaçu;41;PR;2;1;1;4108304;Foz do Iguaçu;41;PR;1;1;1;1;463.3;349.7;554.2;481.9;1;1;100;120;80;100;40;440
690263;2024;52104095;5212501;Luziânia;52;GO;2;1;1;5212501;Luziânia;52;GO;1;1;1;1;465.4;464.1;516.7;550.3;0;1;160;140;160;180;120;760
3193781;2024;NA;NA;;NA;;NA;NA;NA;1100304;Vilhena;11;RO;1;1;1;1;473.8;545.1;485.4;424.5;1;1;140;200;140;140;140;760
3304206;2024;17026229;1721000;Palmas;17;TO;2;1;1;1721000;Palmas;17;TO;1;1;1;1;447.3;513.8;496.4;595.7;0;1;120;120;120;140;120;620
236033;2024;NA;NA;;NA;;NA;NA;NA;2611606;Recife;26;PE;1;1;1;1;577.5;635.6;558.5;662.1;1;1;140;200;140;180;180;840
932143;2024;52047229;5221858;Valparaíso de Goiás;52;GO;2;1;1;5221858;Valparaíso de Goiás;52;GO;1;1;1;1;388.7;445.1;499;401.8;0;1;120;180;120;140;140;700
2832575;2024;11033738;1100304;Vilhena;11;RO;4;1;1;1100304;Vilhena;11;RO;1;1;1;1;371.7;526.3;520.9;513.3;0;1;120;140;120;120;160;660
2832401;2024;NA;NA;;NA;;NA;NA;NA;2304400;Fortaleza;23;CE;0;0;0;0;NA;NA;NA;NA;1;NA;NA;NA;NA;NA;NA;NA
2420547;2024;22142622;2211001;Teresina;22;PI;4;1;1;2211001;Teresina;22;PI;1;1;1;1;487.5;334;452.2;428.7;0;1;160;160;160;180;160;820
60345;2024;NA;NA;;NA;;NA;NA;NA;2611606;Recife;26;PE;1;1;1;1;599.6;642.9;632.4;698.4;0;1;160;180;160;180;200;880
3010148;2024;NA;NA;;NA;;NA;NA;NA;3136702;Juiz de Fora;31;MG;1;1;1;1;475.9;491.7;510.3;442.4;0;1;120;120;120;120;100;580
3765706;2024;42142890;4218707;Tubarão;42;SC;2;1;1;4218707;Tubarão;42;SC;1;1;1;1;606.3;577.6;546.7;640.7;0;1;120;140;120;100;80;560
3590479;2024;17056446;1721000;Palmas;17;TO;4;1;1;1721000;Palmas;17;TO;1;1;1;1;558.5;628.2;602.6;661;0;1;160;200;180;200;180;920
1364723;2024;NA;NA;;NA;;NA;NA;NA;1706100;Cristalândia;17;TO;1;1;1;1;538.5;642.3;559.5;598.3;1;1;160;200;200;180;180;920
3487542;2024;NA;NA;;NA;;NA;NA;NA;5300108;Brasília;53;DF;1;1;1;1;538.3;545.5;546.8;664;1;1;140;200;180;160;120;800
1899125;2024;NA;NA;;NA;;NA;NA;NA;4216602;São José;42;SC;0;0;0;0;NA;NA;NA;NA;0;NA;NA;NA;NA;NA;NA;NA
1381342;2024;NA;NA;;NA;;NA;NA;NA;2305605;Independência;23;CE;1;1;1;1;458.9;505;565.6;644.1;1;1;160;180;160;160;140;800
4094415;2024;NA;NA;;NA;;NA;NA;NA;2507507;João Pessoa;25;PB;1;1;1;1;443.1;503.3;566.8;376.7;0;1;140;200;140;140;80;700
2563990;2024;NA;NA;;NA;;NA;NA;NA;2610707;Paulista;26;PE;0;0;0;0;NA;NA;NA;NA;1;NA;NA;NA;NA;NA;NA;NA
1830796;2024;NA;NA;;NA;;NA;NA;NA;2211308;Valença do Piauí;22;PI;1;1;1;1;396.1;455.8;448.5;412.9;1;1;100;120;100;140;120;580
3218014;2024;26102153;2611408;Primavera;26;PE;2;1;1;2605202;Escada;26;PE;0;0;0;0;NA;NA;NA;NA;0;NA;NA;NA;NA;NA;NA;NA
1534835;2024;NA;NA;;NA;;NA;NA;NA;1302702;Manicoré;13;AM;1;1;1;1;432.4;530.5;516.6;406.3;0;1;80;140;80;120;160;580
1147958;2024;NA;NA;;NA;;NA;NA;NA;2927408;Salvador;29;BA;1;1;1;1;522.8;531;500.9;420.7;0;1;80;120;60;100;40;400
1000933;2024;15141128;1508407;Xinguara;15;PA;2;1;1;1508407;Xinguara;15;PA;1;1;1;1;461.7;343.3;457.1;477.3;1;1;120;160;120;120;160;680
2951506;2024;NA;NA;;NA;;NA;NA;NA;3135050;Jaíba;31;MG;1;1;1;1;490.7;494.2;511.9;612;1;1;160;180;160;180;160;840
1416776;2024;43043224;4305108;Caxias do Sul;43;RS;2;1;1;4305108;Caxias do Sul;43;RS;1;1;1;1;545.3;603.4;598.8;653.4;0;1;120;160;120;140;140;680
1170652;2024;NA;NA;;NA;;NA;NA;NA;2306405;Itapipoca;23;CE;0;0;0;0;NA;NA;NA;NA;1;NA;NA;NA;NA;NA;NA;NA
3846827;2024;NA;NA;;NA;;NA;NA;NA;3146107;Ouro Preto;31;MG;1;1;1;1;467.6;629.7;597.5;582.9;1;1;100;140;100;120;80;540
4293663;2024;NA;NA;;NA;;NA;NA;NA;5208707;Goiânia;52;GO;1;1;1;1;481.7;510.6;515.1;534.4;0;1;140;120;140;160;160;720
2257786;2024;NA;NA;;NA;;NA;NA;NA;3530300;Mirassol;35;SP;1;1;1;1;434.7;480.8;478.1;427.4;0;1;100;120;120;100;80;520
1503128;2024;NA;NA;;NA;;NA;NA;NA;2111300;São Luís;21;MA;0;1;1;0;NA;427;540.2;NA;1;1;120;120;120;140;120;620
3500206;2024;NA;NA;;NA;;NA;NA;NA;2304400;Fortaleza;23;CE;1;1;1;1;623.9;638.3;635.6;891.5;0;1;160;200;160;180;180;880
2247704;2024;NA;NA;;NA;;NA;NA;NA;3121605;Diamantina;31;MG;1;1;1;1;524.9;605.3;548;518.1;0;1;180;200;180;180;200;940
2521670;2024;NA;NA;;NA;;NA;NA;NA;2403608;Extremoz;24;RN;0;0;0;0;NA;NA;NA;NA;0;NA;NA;NA;NA;NA;NA;NA
1336084;2024;22014373;2205706;Luís Correia;22;PI;2;1;1;2207702;Parnaíba;22;PI;0;1;1;0;NA;505.3;406.8;NA;0;1;120;120;120;120;80;560
814984;2024;NA;NA;;NA;;NA;NA;NA;3514403;Dracena;35;SP;0;0;0;0;NA;NA;NA;NA;0;NA;NA;NA;NA;NA;NA;NA
3237615;2024;NA;NA;;NA;;NA;NA;NA;2917508;Jacobina;29;BA;1;1;1;1;383.4;396;493.3;416.4;0;1;120;80;80;80;20;380
3828425;2024;NA;NA;;NA;;NA;NA;NA;3550308;São Paulo;35;SP;0;1;1;0;NA;644.5;615.9;NA;0;1;160;180;160;160;180;840
3015167;2024;43157114;4321709;Três Coroas;43;RS;2;1;1;4310108;Igrejinha;43;RS;0;0;0;0;NA;NA;NA;NA;1;NA;NA;NA;NA;NA;NA;NA
3902348;2024;NA;NA;;NA;;NA;NA;NA;3549805;São José do Rio Preto;35;SP;1;1;1;1;633.7;604.3;616.3;766.5;0;1;160;200;200;200;120;880
2756619;2024;35004479;3550308;São Paulo;35;SP;2;1;1;3550308;São Paulo;35;SP;1;1;1;1;557.3;523.7;584.5;561.9;0;1;100;120;100;100;60;480
3119489;2024;NA;NA;;NA;;NA;NA;NA;2800308;Aracaju;28;SE;1;1;1;1;567;620.6;618.2;645.1;0;1;160;200;140;180;160;840
1112677;2024;NA;NA;;NA;;NA;NA;NA;2312908;Sobral;23;CE;1;1;1;1;392.6;425.2;457.4;561;1;1;140;80;100;140;80;540
1314955;2024;29425395;2923704;Paratinga;29;BA;2;1;1;2923704;Paratinga;29;BA;1;1;1;1;385.5;308.5;387.6;554.2;1;1;120;120;140;160;160;700
909074;2024;29211590;2900108;Abaíra;29;BA;2;1;1;2926707;Rio de Contas;29;BA;1;1;1;1;385.9;421.3;506.2;465.5;0;1;120;140;120;120;60;560
4168487;2024;31212652;3118601;Contagem;31;MG;2;1;1;3118601;Contagem;31;MG;1;1;1;1;457.8;441.2;420.4;457.7;1;1;120;120;40;100;120;500
3013690;2024;NA;NA;;NA;;NA;NA;NA;3201308;Cariacica;32;ES;1;1;1;1;550.7;530.4;550.3;516.9;1;1;120;120;80;120;80;520
2028724;2024;33052514;3302270;Japeri;33;RJ;2;1;1;3302270;Japeri;33;RJ;1;1;1;1;432.9;357.5;491.3;447.7;0;8;0;0;0;0;0;0
1059310;2024;NA;NA;;NA;;NA;NA;NA;2211001;Teresina;22;PI;0;0;0;0;NA;NA;NA;NA;0;NA;NA;NA;NA;NA;NA;NA
4220224;2024;NA;NA;;NA;;NA;NA;NA;4304606;Canoas;43;RS;1;1;1;1;445.6;437.8;546.1;452.4;0;1;120;120;120;120;100;580
759992;2024;43115500;4315800;Roca Sales;43;RS;2;1;1;4308607;Garibaldi;43;RS;1;1;1;1;465.9;472.2;409.1;424.1;0;1;120;120;40;100;0;380
45427;2024;31000426;3106200;Belo Horizonte;31;MG;2;1;1;3106200;Belo Horizonte;31;MG;1;1;1;1;603.9;634.9;594.3;653.9;0;1;160;200;160;160;200;880
921327;2024;NA;NA;;NA;;NA;NA;NA;1302603;Manaus;13;AM;0;0;0;0;NA;NA;NA;NA;0;NA;NA;NA;NA;NA;NA;NA
1912468;2024;51036185;5103403;Cuiabá;51;MT;4;1;1;5103403;Cuiabá;51;MT;1;1;1;1;612.6;670.2;630.9;698.7;0;1;140;160;160;160;160;780
1031036;2024;35033042;3510005;Cândido Mota;35;SP;2;1;1;3510005;Cândido Mota;35;SP;1;1;1;1;490.7;483;538.7;538.3;0;1;120;160;120;120;140;660
3246545;2024;29470579;2906006;Campo Formoso;29;BA;2;2;1;2906006;Campo Formoso;29;BA;1;1;1;1;508.5;324.7;404.2;466.6;0;1;80;120;40;80;0;320
2068705;2024;NA;NA;;NA;;NA;NA;NA;3506003;Bauru;35;SP;1;1;1;1;453.3;604.6;578.4;642.5;1;1;120;160;120;140;140;680
3271362;2024;NA;NA;;NA;;NA;NA;NA;2507507;João Pessoa;25;PB;0;0;0;0;NA;NA;NA;NA;1;NA;NA;NA;NA;NA;NA;NA
3973177;2024;NA;NA;;NA;;NA;NA;NA;1302603;Manaus;13;AM;0;0;0;0;NA;NA;NA;NA;1;NA;NA;NA;NA;NA;NA;NA
789104;2024;35290683;3539301;Pirassununga;35;SP;2;1;1;3539301;Pirassununga;35;SP;1;1;1;1;484.7;525.2;511.8;535.9;0;1;100;200;140;100;120;660
4197025;2024;NA;NA;;NA;;NA;NA;NA;3519709;Ibiúna;35;SP;0;0;0;0;NA;NA;NA;NA;1;NA;NA;NA;NA;NA;NA;NA
2261974;2024;NA;NA;;NA;;NA;NA;NA;3162500;São João del Rei;31;MG;1;1;1;1;488.4;597.2;594;490.7;0;1;160;120;80;120;80;560
1252634;2024;NA;NA;;NA;;NA;NA;NA;2929305;São Gonçalo dos Campos;29;BA;1;1;1;1;527.2;395.5;526.4;502.8;0;1;120;120;120;100;60;520
2595262;2024;22134832;2207934;Pedro Laurentino;22;PI;2;1;1;2210003;São João do Piauí;22;PI;1;1;1;1;522.3;425.5;495.5;485.5;1;1;120;160;40;120;120;560
36489;2024;41129717;4106902;Curitiba;41;PR;2;1;1;4106902;Curitiba;41;PR;0;0;0;0;NA;NA;NA;NA;1;NA;NA;NA;NA;NA;NA;NA
111008;2024;16004906;1600279;Laranjal do Jari;16;AP;2;1;1;1600279;Laranjal do Jari;16;AP;1;1;1;1;484;459.1;470.5;459.1;0;1;120;160;100;80;80;540
3165310;2024;NA;NA;;NA;;NA;NA;NA;3304557;Rio de Janeiro;33;RJ;1;1;1;1;589.9;591.8;600.6;738.6;0;1;180;200;160;180;200;920
2149783;2024;NA;NA;;NA;;NA;NA;NA;2906303;Canavieiras;29;BA;1;1;1;1;533.2;543.7;555.4;507.3;1;1;120;120;80;120;80;520
2626851;2024;NA;NA;;NA;;NA;NA;NA;2111300;São Luís;21;MA;1;1;1;1;481.5;395.4;436.3;464.2;0;1;120;120;120;120;80;560
2878215;2024;43163025;4322509;Vacaria;43;RS;2;1;1;4322509;Vacaria;43;RS;1;1;1;1;400;372.8;466.1;531.8;1;1;100;140;100;100;40;480
976568;2024;NA;NA;;NA;;NA;NA;NA;3142908;Monte Azul;31;MG;1;1;1;1;468;507.9;548.6;435.8;0;1;120;160;100;120;140;640
2784891;2024;NA;NA;;NA;;NA;NA;NA;1502152;Canaã dos Carajás;15;PA;0;0;0;0;NA;NA;NA;NA;1;NA;NA;NA;NA;NA;NA;NA
596487;2024;NA;NA;;NA;;NA;NA;NA;2600203;Afrânio;26;PE;1;1;1;1;469.7;563.3;574.7;572.2;0;1;120;160;140;140;200;760
2659189;2024;24061239;2402204;Canguaretama;24;RN;2;1;1;2402204;Canguaretama;24;RN;0;0;0;0;NA;NA;NA;NA;0;NA;NA;NA;NA;NA;NA;NA
2652415;2024;43070230;4309308;Guaíba;43;RS;2;1;1;4309308;Guaíba;43;RS;0;1;1;0;NA;496.5;553.1;NA;1;1;100;120;120;100;100;540
955206;2024;NA;NA;;NA;;NA;NA;NA;5204904;Campos Belos;52;GO;0;0;0;0;NA;NA;NA;NA;0;NA;NA;NA;NA;NA;NA;NA
928096;2024;NA;NA;;NA;;NA;NA;NA;3304557;Rio de Janeiro;33;RJ;1;1;1;1;467.8;544;470.2;456.8;0;1;100;120;80;100;120;520
3469611;2024;NA;NA;;NA;;NA;NA;NA;5204508;Caldas Novas;52;GO;0;0;0;0;NA;NA;NA;NA;1;NA;NA;NA;NA;NA;NA;NA
3067135;2024;NA;NA;;NA;;NA;NA;NA;4115200;Maringá;41;PR;1;1;1;1;380.6;360.4;444.1;405.3;0;4;0;0;0;0;0;0
649062;2024;NA;NA;;NA;;NA;NA;NA;3550308;São Paulo;35;SP;1;1;1;1;678.6;690.4;659.7;775.8;0;1;160;200;160;180;200;900
4301247;2024;NA;NA;;NA;;NA;NA;NA;1400100;Boa Vista;14;RR;0;0;0;0;NA;NA;NA;NA;1;NA;NA;NA;NA;NA;NA;NA
902282;2024;NA;NA;;NA;;NA;NA;NA;2800308;Aracaju;28;SE;0;1;1;0;NA;440;501;NA;1;1;120;140;120;140;160;680
1078889;2024;35023103;3537008;Pedregulho;35;SP;2;1;1;3516200;Franca;35;SP;1;1;1;1;498;498.9;558;502.7;1;1;100;180;120;120;100;620
545857;2024;24026883;2401909;Caiçara do Rio do Vento;24;RN;2;1;1;2405801;João Câmara;24;RN;1;1;1;1;375.6;422.5;427.8;386.7;1;1;60;120;60;80;80;400
2636930;2024;NA;NA;;NA;;NA;NA;NA;2604106;Caruaru;26;PE;1;1;1;1;616.6;711.9;640.6;714.1;1;1;160;180;160;200;200;900
16285;2024;31001031;3106200;Belo Horizonte;31;MG;2;1;1;3106200;Belo Horizonte;31;MG;1;1;1;1;496.1;399.2;439.7;414.5;1;1;100;40;40;100;0;280
3696397;2024;NA;NA;;NA;;NA;NA;NA;2704302;Maceió;27;AL;0;0;0;0;NA;NA;NA;NA;0;NA;NA;NA;NA;NA;NA;NA
1972599;2024;NA;NA;;NA;;NA;NA;NA;1100205;Porto Velho;11;RO;1;1;1;1;440;463.6;498.5;389.8;1;1;100;140;100;120;120;580
642456;2024;33032130;3304110;Porto Real;33;RJ;2;1;1;3300407;Barra Mansa;33;RJ;0;0;0;0;NA;NA;NA;NA;1;NA;NA;NA;NA;NA;NA;NA
730102;2024;NA;NA;;NA;;NA;NA;NA;2930501;Serrinha;29;BA;1;1;1;1;503.2;458.8;489.8;408.4;1;1;80;120;100;60;120;480
3564194;2024;NA;NA;;NA;;NA;NA;NA;4314902;Porto Alegre;43;RS;0;0;0;0;NA;NA;NA;NA;1;NA;NA;NA;NA;NA;NA;NA
4107912;2024;NA;NA;;NA;;NA;NA;NA;3148004;Patos de Minas;31;MG;1;1;1;1;383.6;419.1;524.5;545.7;0;1;120;160;120;120;120;640
3952045;2024;NA;NA;;NA;;NA;NA;NA;1600600;Santana;16;AP;1;1;1;1;393.2;380.3;500.8;464.4;1;9;0;0;0;0;0;0
1012346;2024;NA;NA;;NA;;NA;NA;NA;2210607;São Raimundo Nonato;22;PI;1;1;1;1;462.8;546.7;561.9;557.4;0;1;140;180;100;120;180;720
2136817;2024;NA;NA;;NA;;NA;NA;NA;1302603;Manaus;13;AM;1;1;1;1;566.7;615.5;605.1;601.6;0;1;140;180;120;160;160;760
38727;2024;31218979;3171204;Vespasiano;31;MG;2;1;1;3171204;Vespasiano;31;MG;1;1;1;1;406.4;460.2;477.5;379.1;0;1;120;140;80;100;80;520
3768448;2024;NA;NA;;NA;;NA;NA;NA;5300108;Brasília;53;DF;1;1;1;1;546.1;495.5;532.2;534.5;1;1;120;180;120;120;60;600
589695;2024;NA;NA;;NA;;NA;NA;NA;3205309;Vitória;32;ES;0;0;0;0;NA;NA;NA;NA;0;NA;NA;NA;NA;NA;NA;NA
7575;2024;NA;NA;;NA;;NA;NA;NA;2207702;Parnaíba;22;PI;1;1;1;1;683.7;638.3;612;688.7;0;1;160;180;160;160;180;840
1554576;2024;23028068;2305902;Ipueiras;23;CE;2;1;1;2305902;Ipueiras;23;CE;1;1;1;1;466.8;504.1;511.5;521.4;0;1;100;120;120;120;20;480
3045032;2024;NA;NA;;NA;;NA;NA;NA;3525904;Jundiaí;35;SP;1;1;1;1;511.6;591.1;513.2;679.5;0;1;120;140;120;140;120;640
3827725;2024;NA;NA;;NA;;NA;NA;NA;3302858;Mesquita;33;RJ;1;1;1;1;604.3;615.4;575.5;677.3;0;1;140;200;160;200;200;900
2946562;2024;NA;NA;;NA;;NA;NA;NA;1500800;Ananindeua;15;PA;1;1;1;1;497.7;590.8;588.8;470.2;0;1;140;200;120;140;100;700
3244166;2024;25094726;2507507;João Pessoa;25;PB;2;1;1;2507507;João Pessoa;25;PB;1;1;1;1;537.3;402.4;360.4;388.6;1;4;0;0;0;0;0;0
1627122;2024;43139132;4318705;São Leopoldo;43;RS;2;1;1;4304606;Canoas;43;RS;1;1;1;1;461.5;445.5;495.4;575.4;1;1;120;140;120;120;140;640
1073106;2024;23252391;2304400;Fortaleza;23;CE;2;1;1;2304400;Fortaleza;23;CE;1;1;1;1;400.3;497.2;550.7;437.2;1;1;120;120;120;120;120;600
2755431;2024;29434017;2908002;Coaraci;29;BA;2;1;1;2908002;Coaraci;29;BA;0;0;0;0;NA;NA;NA;NA;1;NA;NA;NA;NA;NA;NA;NA
933944;2024;NA;NA;;NA;;NA;NA;NA;2105302;Imperatriz;21;MA;0;1;1;0;NA;390.9;403.8;NA;0;1;80;100;100;80;100;460
191407;2024;NA;NA;;NA;;NA;NA;NA;5221403;Trindade;52;GO;1;1;1;1;424;581.3;537.2;428.3;0;1;140;200;120;160;200;820
975173;2024;NA;NA;;NA;;NA;NA;NA;2211001;Teresina;22;PI;1;1;1;1;460.9;559.1;503.3;495.2;0;1;140;200;120;180;200;840
3509298;2024;NA;NA;;NA;;NA;NA;NA;1501402;Belém;15;PA;1;1;1;1;444.4;513.3;486.2;437.7;1;6;0;0;0;0;0;0
52445;2024;NA;NA;;NA;;NA;NA;NA;3148004;Patos de Minas;31;MG;0;0;0;0;NA;NA;NA;NA;1;NA;NA;NA;NA;NA;NA;NA
1888905;2024;NA;NA;;NA;;NA;NA;NA;3550308;São Paulo;35;SP;1;1;1;1;588.1;633;656.7;687.9;0;1;160;200;200;200;200;960
2225070;2024;NA;NA;;NA;;NA;NA;NA;1302603;Manaus;13;AM;0;0;0;0;NA;NA;NA;NA;1;NA;NA;NA;NA;NA;NA;NA
3220491;2024;33166927;3302403;Macaé;33;RJ;4;1;1;3302403;Macaé;33;RJ;1;1;1;1;578.8;573.3;567.5;725.2;0;1;160;180;180;200;200;920
1371821;2024;NA;NA;;NA;;NA;NA;NA;3552205;Sorocaba;35;SP;1;1;1;1;595;603.2;517.2;492.5;0;1;160;180;160;180;200;880
999660;2024;53011996;5300108;Brasília;53;DF;2;1;1;5300108;Brasília;53;DF;1;1;1;1;372.2;369.6;561.2;506.2;1;1;120;160;120;120;40;560
409208;2024;NA;NA;;NA;;NA;NA;NA;2304350;Forquilha;23;CE;0;0;0;0;NA;NA;NA;NA;1;NA;NA;NA;NA;NA;NA;NA
3679180;2024;NA;NA;;NA;;NA;NA;NA;2926608;Ribeira do Pombal;29;BA;1;1;1;1;561;568;541.5;628.1;1;1;120;120;120;100;0;460
994164;2024;NA;NA;;NA;;NA;NA;NA;3108008;Bom Sucesso;31;MG;0;0;0;0;NA;NA;NA;NA;0;NA;NA;NA;NA;NA;NA;NA
3170968;2024;NA;NA;;NA;;NA;NA;NA;2110500;São Bento;21;MA;1;1;1;1;498.7;509.4;496.8;371.5;0;1;120;200;80;160;140;700
1714936;2024;NA;NA;;NA;;NA;NA;NA;3171303;Viçosa;31;MG;0;0;0;0;NA;NA;NA;NA;0;NA;NA;NA;NA;NA;NA;NA
1302316;2024;NA;NA;;NA;;NA;NA;NA;3107307;Bocaiúva;31;MG;1;1;1;1;575.6;596.7;547.1;440.5;1;4;0;0;0;0;0;0
1276408;2024;23041854;2306306;Itapajé;23;CE;2;1;1;2306306;Itapajé;23;CE;0;0;0;0;NA;NA;NA;NA;1;NA;NA;NA;NA;NA;NA;NA
2459412;2024;33098972;3302205;Itaperuna;33;RJ;2;1;1;3300605;Bom Jesus do Itabapoana;33;RJ;0;0;0;0;NA;NA;NA;NA;0;NA;NA;NA;NA;NA;NA;NA
3992426;2024;50010026;5008008;Terenos;50;MS;2;1;1;5002704;Campo Grande;50;MS;0;0;0;0;NA;NA;NA;NA;0;NA;NA;NA;NA;NA;NA;NA
2456909;2024;NA;NA;;NA;;NA;NA;NA;2408102;Natal;24;RN;1;1;1;1;424;358.1;519;515.3;0;1;140;180;160;180;180;840
2593538;2024;NA;NA;;NA;;NA;NA;NA;3138203;Lavras;31;MG;1;1;1;1;611.8;687;584.9;734.8;0;1;160;200;180;200;200;940
31692;2024;NA;NA;;NA;;NA;NA;NA;2105104;Icatu;21;MA;1;1;1;1;432.8;504;438.5;381.5;1;1;80;120;80;80;20;380
188853;2024;NA;NA;;NA;;NA;NA;NA;1507300;São Félix do Xingu;15;PA;1;1;1;1;504.3;577;563.4;459.3;0;1;120;140;120;160;160;700
3880932;2024;NA;NA;;NA;;NA;NA;NA;1501402;Belém;15;PA;1;1;1;1;506.6;597.3;592;443.5;1;1;120;120;120;100;140;600
230702;2024;NA;NA;;NA;;NA;NA;NA;3121605;Diamantina;31;MG;0;0;0;0;NA;NA;NA;NA;1;NA;NA;NA;NA;NA;NA;NA
3227958;2024;NA;NA;;NA;;NA;NA;NA;1709500;Gurupi;17;TO;1;1;1;1;466.2;600.2;598.9;402.3;0;1;120;160;120;120;160;680
2155734;2024;NA;NA;;NA;;NA;NA;NA;5300108;Brasília;53;DF;1;1;1;1;597.4;586.3;646.5;605.8;0;1;100;160;100;120;140;620
3885877;2024;NA;NA;;NA;;NA;NA;NA;2312304;São Benedito;23;CE;1;1;1;1;474.9;435.3;531.6;403.9;1;1;140;200;140;200;180;860
4294161;2024;NA;NA;;NA;;NA;NA;NA;2111300;São Luís;21;MA;0;0;0;0;NA;NA;NA;NA;1;NA;NA;NA;NA;NA;NA;NA
495517;2024;25126750;2508901;Mamanguape;25;PB;4;1;1;2508901;Mamanguape;25;PB;1;1;1;1;516.4;487.7;575.7;575.3;0;1;160;200;180;200;180;920
1129671;2024;NA;NA;;NA;;NA;NA;NA;1504208;Marabá;15;PA;0;1;1;0;NA;475.9;524.7;NA;1;1;140;180;120;160;100;700
1685439;2024;NA;NA;;NA;;NA;NA;NA;4314902;Porto Alegre;43;RS;0;0;0;0;NA;NA;NA;NA;0;NA;NA;NA;NA;NA;NA;NA
1343690;2024;NA;NA;;NA;;NA;NA;NA;4103701;Cambé;41;PR;1;1;1;1;615.6;633.6;578.1;682;0;1;120;140;120;120;120;620
1264375;2024;31141976;3169356;Três Marias;31;MG;2;1;1;3169356;Três Marias;31;MG;1;1;1;1;435.4;487.2;472.8;563.4;0;1;120;160;120;120;120;640
3386537;2024;21022100;2111300;São Luís;21;MA;2;1;1;2111300;São Luís;21;MA;1;1;1;1;386.6;345.6;393.6;409;0;1;100;120;120;120;100;560
4160686;2024;43021034;4301701;Barão de Cotegipe;43;RS;2;1;1;4307005;Erechim;43;RS;0;0;0;0;NA;NA;NA;NA;1;NA;NA;NA;NA;NA;NA;NA
418751;2024;43101801;4314407;Pelotas;43;RS;2;1;1;4314407;Pelotas;43;RS;1;1;1;1;507;462.1;510.2;553;1;1;120;160;120;120;120;640
838099;2024;42016002;4202404;Blumenau;42;SC;2;1;1;4202404;Blumenau;42;SC;0;0;0;0;NA;NA;NA;NA;1;NA;NA;NA;NA;NA;NA;NA
4263511;2024;NA;NA;;NA;;NA;NA;NA;4315602;Rio Grande;43;RS;0;0;0;0;NA;NA;NA;NA;0;NA;NA;NA;NA;NA;NA;NA
2696689;2024;23121459;2312700;Senador Pompeu;23;CE;2;1;1;2312700;Senador Pompeu;23;CE;0;0;0;0;NA;NA;NA;NA;1;NA;NA;NA;NA;NA;NA;NA
1354137;2024;35024934;3529302;Matão;35;SP;2;1;1;3529302;Matão;35;SP;0;0;0;0;NA;NA;NA;NA;0;NA;NA;NA;NA;NA;NA;NA
2663756;2024;35923000;3529005;Marília;35;SP;2;1;1;3529005;Marília;35;SP;1;1;1;1;482.2;480.7;481.8;471.8;1;1;100;120;60;80;0;360
2599565;2024;NA;NA;;NA;;NA;NA;NA;3550308;São Paulo;35;SP;1;1;1;1;575;545.1;519.4;698.5;0;1;140;200;140;120;120;720
1019701;2024;NA;NA;;NA;;NA;NA;NA;2307304;Juazeiro do Norte;23;CE;1;1;1;1;692;568.9;565.1;740.6;0;1;140;200;180;200;200;920
3817154;2024;NA;NA;;NA;;NA;NA;NA;4203808;Canoinhas;42;SC;1;1;1;1;664.8;631.5;590;712.4;0;1;120;120;140;120;100;600
2573960;2024;NA;NA;;NA;;NA;NA;NA;4301602;Bagé;43;RS;1;1;1;1;368.6;532.2;534.7;494.9;1;1;120;100;140;120;140;620
3001825;2024;NA;NA;;NA;;NA;NA;NA;1301852;Iranduba;13;AM;0;1;1;0;NA;412.4;343.8;NA;1;1;100;120;60;80;80;440
2733840;2024;NA;NA;;NA;;NA;NA;NA;2202604;Castelo do Piauí;22;PI;1;1;1;1;393.2;303.1;514;430.6;1;4;0;0;0;0;0;0
3141938;2024;NA;NA;;NA;;NA;NA;NA;2207702;Parnaíba;22;PI;1;1;1;1;724.2;719.1;721.2;884;0;1;160;200;180;200;200;940
2839474;2024;NA;NA;;NA;;NA;NA;NA;1302603;Manaus;13;AM;0;0;0;0;NA;NA;NA;NA;1;NA;NA;NA;NA;NA;NA;NA
241635;2024;31137910;3164704;São Sebastião do Paraíso;31;MG;2;1;1;3164704;São Sebastião do Paraíso;31;MG;1;1;1;1;360.3;341.4;489.5;401;1;1;60;100;60;40;0;260
1836630;2024;NA;NA;;NA;;NA;NA;NA;2607901;Jaboatão dos Guararapes;26;PE;1;1;1;1;475.9;453.5;536.6;453.8;1;1;80;120;100;80;120;500
1204728;2024;NA;NA;;NA;;NA;NA;NA;2400505;Alexandria;24;RN;1;1;1;1;493.7;478.1;427.6;386.9;1;1;100;120;80;120;0;420
2799559;2024;NA;NA;;NA;;NA;NA;NA;2303709;Caucaia;23;CE;1;1;1;1;644;602.8;619.3;725.6;1;1;140;200;140;180;160;820
3432195;2024;NA;NA;;NA;;NA;NA;NA;3503802;Artur Nogueira;35;SP;1;1;1;1;477.7;579.2;565.1;571.7;0;1;160;160;140;200;160;820
136441;2024;53009479;5300108;Brasília;53;DF;2;1;1;5300108;Brasília;53;DF;1;1;1;1;588.8;698.4;655.5;708.2;1;1;160;200;160;200;200;920
2411958;2024;35045718;3509502;Campinas;35;SP;2;1;1;3519071;Hortolândia;35;SP;0;0;0;0;NA;NA;NA;NA;1;NA;NA;NA;NA;NA;NA;NA
3067884;2024;35108364;3530607;Mogi das Cruzes;35;SP;4;1;1;3530607;Mogi das Cruzes;35;SP;1;1;1;1;594;556.3;548;579.9;0;1;140;160;140;180;140;760
3838607;2024;NA;NA;;NA;;NA;NA;NA;2927408;Salvador;29;BA;1;1;1;1;426.8;399.8;530.3;547.3;1;1;120;140;120;120;80;580
4248061;2024;NA;NA;;NA;;NA;NA;NA;2504009;Campina Grande;25;PB;1;1;1;1;394.9;545;549;470.4;1;1;120;120;120;100;100;560
4209070;2024;NA;NA;;NA;;NA;NA;NA;2408003;Mossoró;24;RN;0;0;0;0;NA;NA;NA;NA;1;NA;NA;NA;NA;NA;NA;NA
751559;2024;29433886;2912103;Ibicaraí;29;BA;2;1;1;2912103;Ibicaraí;29;BA;1;1;1;1;543.3;530.8;537.9;473.5;0;1;120;180;140;160;180;780
3306901;2024;NA;NA;;NA;;NA;NA;NA;3502101;Andradina;35;SP;0;0;0;0;NA;NA;NA;NA;1;NA;NA;NA;NA;NA;NA;NA
475848;2024;NA;NA;;NA;;NA;NA;NA;1200401;Rio Branco;12;AC;0;0;0;0;NA;NA;NA;NA;1;NA;NA;NA;NA;NA;NA;NA
2835194;2024;41384717;4126256;Sarandi;41;PR;2;1;1;4115200;Maringá;41;PR;1;1;1;1;438.7;516.8;523.1;562.8;0;1;160;160;140;100;60;620
2665537;2024;NA;NA;;NA;;NA;NA;NA;3304557;Rio de Janeiro;33;RJ;1;1;1;1;593.8;557.2;517.2;563.2;0;1;140;140;120;140;180;720
288874;2024;35290749;3543303;Ribeirão Pires;35;SP;2;1;1;3529401;Mauá;35;SP;1;1;1;1;545.8;576.7;586.4;647.6;1;1;140;180;140;160;200;820
2900559;2024;35024119;3543402;Ribeirão Preto;35;SP;2;1;1;3543402;Ribeirão Preto;35;SP;1;1;1;1;544.5;538.1;544.1;664.5;1;1;120;160;140;160;120;700
955284;2024;15019403;1503101;Gurupá;15;PA;2;1;1;1505908;Porto de Moz;15;PA;1;1;1;1;472.6;416.3;349.1;444.8;1;1;140;160;120;160;120;700
4118064;2024;NA;NA;;NA;;NA;NA;NA;4314100;Passo Fundo;43;RS;0;0;0;0;NA;NA;NA;NA;1;NA;NA;NA;NA;NA;NA;NA
3629318;2024;NA;NA;;NA;;NA;NA;NA;3304557;Rio de Janeiro;33;RJ;1;1;1;1;400.1;494.8;488.5;432.6;0;1;120;160;120;120;80;600
1926504;2024;NA;NA;;NA;;NA;NA;NA;1600303;Macapá;16;AP;1;1;1;1;512.8;519;505.3;420.1;1;1;100;120;80;80;80;460
3689188;2024;NA;NA;;NA;;NA;NA;NA;3122306;Divinópolis;31;MG;1;1;1;1;395.5;536.8;519.8;472.9;1;1;100;120;120;120;0;460
1173243;2024;NA;NA;;NA;;NA;NA;NA;2913606;Ilhéus;29;BA;1;1;1;1;403;300.3;389;433.9;1;1;120;60;40;60;40;320
4073503;2024;NA;NA;;NA;;NA;NA;NA;4202404;Blumenau;42;SC;1;1;1;1;617.1;630.3;656.5;667.4;0;1;160;200;140;140;120;760
1093401;2024;NA;NA;;NA;;NA;NA;NA;2507507;João Pessoa;25;PB;0;0;0;0;NA;NA;NA;NA;0;NA;NA;NA;NA;NA;NA;NA
3948502;2024;NA;NA;;NA;;NA;NA;NA;4104808;Cascavel;41;PR;1;1;1;1;599.7;602.6;557.9;668.1;0;1;160;200;180;200;200;940
2099962;2024;NA;NA;;NA;;NA;NA;NA;3118601;Contagem;31;MG;1;1;1;1;374.9;544.8;533.9;421.3;0;1;160;200;140;180;140;820
2882722;2024;41128370;4106902;Curitiba;41;PR;4;1;1;4106902;Curitiba;41;PR;1;1;1;1;451.3;491.9;476.2;507.8;1;1;160;180;140;160;140;780
4024945;2024;35020989;3538709;Piracicaba;35;SP;2;1;1;3538709;Piracicaba;35;SP;0;0;0;0;NA;NA;NA;NA;0;NA;NA;NA;NA;NA;NA;NA
35471;2024;27034895;2704302;Maceió;27;AL;4;1;1;2704708;Marechal Deodoro;27;AL;1;1;1;1;575.8;649.4;622;610.3;1;1;160;200;180;200;200;940
194525;2024;32079842;3205010;Sooretama;32;ES;2;2;1;3205010;Sooretama;32;ES;1;1;1;1;423.4;497.4;512.4;438;0;1;140;180;160;100;80;660
1397667;2024;NA;NA;;NA;;NA;NA;NA;3550308;São Paulo;35;SP;1;1;1;1;573.1;579.8;527.8;698.9;0;1;120;120;120;120;120;600
48394;2024;35033352;3541703;Quatá;35;SP;2;2;1;3535507;Paraguaçu Paulista;35;SP;1;1;1;1;387.5;494.9;533.1;412.5;0;1;120;120;100;100;20;460
2441558;2024;NA;NA;;NA;;NA;NA;NA;5212204;Jussara;52;GO;1;1;1;1;454.6;548.7;496.3;420.8;1;1;100;120;100;120;120;560
2671393;2024;NA;NA;;NA;;NA;NA;NA;3501608;Americana;35;SP;1;1;1;1;481;510.8;570.9;468.6;0;1;160;200;140;140;140;780
171315;2024;23068183;2304400;Fortaleza;23;CE;2;1;1;2304400;Fortaleza;23;CE;1;1;1;1;379.4;452.6;490.9;452;1;1;100;120;120;120;140;600
296626;2024;23010851;2312304;São Benedito;23;CE;2;1;1;2312304;São Benedito;23;CE;1;1;1;1;366.8;503.1;482;486.3;1;1;120;160;120;140;120;660
3034375;2024;NA;NA;;NA;;NA;NA;NA;2408102;Natal;24;RN;1;1;1;1;409.2;295.3;512.7;412.3;0;1;140;200;140;140;100;720
80984;2024;32040695;3205309;Vitória;32;ES;2;1;1;3205309;Vitória;32;ES;1;1;1;1;481.8;504;532.8;556.1;0;1;140;200;120;140;200;800
1647090;2024;NA;NA;;NA;;NA;NA;NA;2211308;Valença do Piauí;22;PI;1;1;1;1;593.5;628.8;610.8;669.4;0;1;160;200;180;200;200;940
2188350;2024;NA;NA;;NA;;NA;NA;NA;2201903;Bom Jesus;22;PI;1;1;1;1;540.5;519.5;581.8;447.7;1;1;160;160;120;140;160;740
923860;2024;22025740;2211001;Teresina;22;PI;4;1;1;2211001;Teresina;22;PI;1;1;1;1;671.4;682;653.5;930.2;0;1;180;200;180;200;200;960
2397176;2024;31031984;3103900;Araújos;31;MG;2;1;1;3122306;Divinópolis;31;MG;1;1;1;1;516.9;527.6;546;394;0;1;120;140;140;140;100;640
290395;2024;NA;NA;;NA;;NA;NA;NA;1500958;Aurora do Pará;15;PA;1;1;1;1;447.3;498.1;542.6;458.9;0;1;140;160;140;120;160;720
2516539;2024;NA;NA;;NA;;NA;NA;NA;4104253;Campo Magro;41;PR;1;1;1;1;563.8;378.6;439.9;502.3;1;1;100;140;100;100;100;540
66782;2024;NA;NA;;NA;;NA;NA;NA;2700300;Arapiraca;27;AL;1;1;1;1;447.8;408.5;445.8;423.3;1;1;100;120;80;80;100;480
2484087;2024;NA;NA;;NA;;NA;NA;NA;2307304;Juazeiro do Norte;23;CE;0;0;0;0;NA;NA;NA;NA;0;NA;NA;NA;NA;NA;NA;NA
4035686;2024;NA;NA;;NA;;NA;NA;NA;4106902;Curitiba;41;PR;0;0;0;0;NA;NA;NA;NA;0;NA;NA;NA;NA;NA;NA;NA
3383294;2024;NA;NA;;NA;;NA;NA;NA;4321303;Taquari;43;RS;1;1;1;1;377.8;531.4;517.1;506.8;1;1;140;160;120;140;120;680
519815;2024;31382507;3170206;Uberlândia;31;MG;4;1;1;3170206;Uberlândia;31;MG;1;1;1;1;514.5;602.6;588.7;443.9;0;1;120;160;140;140;100;660
3426613;2024;35019720;3525904;Jundiaí;35;SP;2;1;1;3525904;Jundiaí;35;SP;1;1;1;1;544.2;591.1;596.1;701.7;0;1;120;120;120;120;160;640
1652835;2024;NA;NA;;NA;;NA;NA;NA;2708600;São Miguel dos Campos;27;AL;1;1;1;1;518.4;551.5;553.5;599.5;1;1;140;160;120;120;120;660
85491;2024;26182106;2608800;Lajedo;26;PE;2;1;1;2608800;Lajedo;26;PE;1;1;1;1;391.4;482.6;425.1;422.4;1;1;120;120;80;100;80;500
1001454;2024;NA;NA;;NA;;NA;NA;NA;2612208;Salgueiro;26;PE;0;0;0;0;NA;NA;NA;NA;0;NA;NA;NA;NA;NA;NA;NA
1277625;2024;42043301;4203907;Capinzal;42;SC;2;1;1;4209003;Joaçaba;42;SC;1;1;1;1;440;479.5;531.7;581.1;0;1;120;200;120;140;120;700
3763585;2024;29009197;2928406;Santa Rita de Cássia;29;BA;2;1;1;2928406;Santa Rita de Cássia;29;BA;0;0;0;0;NA;NA;NA;NA;1;NA;NA;NA;NA;NA;NA;NA
72887;2024;NA;NA;;NA;;NA;NA;NA;3552809;Taboão da Serra;35;SP;1;1;1;1;507.8;582.3;545.6;621.5;0;1;120;120;120;120;80;560
1711079;2024;NA;NA;;NA;;NA;NA;NA;2208809;Regeneração;22;PI;1;1;1;1;401.4;415;409.6;471.7;1;1;80;120;80;80;80;440
1442436;2024;NA;NA;;NA;;NA;NA;NA;2605202;Escada;26;PE;0;0;0;0;NA;NA;NA;NA;0;NA;NA;NA;NA;NA;NA;NA
2969821;2024;NA;NA;;NA;;NA;NA;NA;3551504;Serrana;35;SP;1;1;1;1;567;600.6;588.1;746.8;0;1;160;200;160;180;180;880
2803423;2024;NA;NA;;NA;;NA;NA;NA;4117602;Palmas;41;PR;1;1;1;1;587;532.4;570.8;583.5;0;1;100;120;120;160;180;680
2811501;2024;NA;NA;;NA;;NA;NA;NA;2504009;Campina Grande;25;PB;1;1;1;1;514.1;355.2;436;451.6;1;1;80;40;40;80;40;280
110900;2024;41031873;4113700;Londrina;41;PR;2;1;1;4113700;Londrina;41;PR;1;1;1;1;574.1;577.4;543.8;581.8;1;1;140;160;140;160;160;760
2009956;2024;NA;NA;;NA;;NA;NA;NA;4314902;Porto Alegre;43;RS;1;1;1;1;492.1;535;543.5;545.4;1;1;120;180;140;180;120;740
2306622;2024;NA;NA;;NA;;NA;NA;NA;2110708;São Domingos do Maranhão;21;MA;0;0;0;0;NA;NA;NA;NA;0;NA;NA;NA;NA;NA;NA;NA
483743;2024;NA;NA;;NA;;NA;NA;NA;4209102;Joinville;42;SC;1;1;1;1;456.6;512.5;546.9;414.5;0;1;80;120;40;60;40;340
2838566;2024;NA;NA;;NA;;NA;NA;NA;2930709;Simões Filho;29;BA;1;1;1;1;416.8;483;357.1;411.6;1;4;0;0;0;0;0;0
3858503;2024;26187507;2611606;Recife;26;PE;4;1;1;2611606;Recife;26;PE;1;1;1;1;598.4;596;563.1;672;0;1;140;200;160;160;180;840
2056708;2024;41029712;4113700;Londrina;41;PR;2;1;1;4113700;Londrina;41;PR;1;1;1;1;506.9;420.2;531.5;471.6;0;1;120;160;140;120;120;660
1710788;2024;21093660;2105302;Imperatriz;21;MA;2;1;1;2105302;Imperatriz;21;MA;1;1;1;1;503.6;469.4;508.9;436.1;1;1;140;160;140;160;200;800
3156536;2024;12007617;1200500;Sena Madureira;12;AC;2;1;1;1200500;Sena Madureira;12;AC;1;1;1;1;393.7;419.9;468.2;463.3;1;1;120;120;120;80;20;460
2359289;2024;NA;NA;;NA;;NA;NA;NA;3550308;São Paulo;35;SP;1;1;1;1;590.2;552.9;588.5;621.9;0;1;160;200;160;160;160;840
4305067;2024;NA;NA;;NA;;NA;NA;NA;2704302;Maceió;27;AL;0;0;0;0;NA;NA;NA;NA;0;NA;NA;NA;NA;NA;NA;NA
133704;2024;NA;NA;;NA;;NA;NA;NA;3301009;Campos dos Goytacazes;33;RJ;0;0;0;0;NA;NA;NA;NA;0;NA;NA;NA;NA;NA;NA;NA
1153588;2024;29195608;2927408;Salvador;29;BA;4;1;1;2927408;Salvador;29;BA;1;1;1;1;554.6;604.9;555.2;470.4;0;1;100;160;160;160;160;740
2697498;2024;42000262;4205407;Florianópolis;42;SC;4;1;1;4205407;Florianópolis;42;SC;1;1;1;1;568.1;645.5;629;697.8;0;1;100;140;100;120;100;560
2414959;2024;35037473;3550308;São Paulo;35;SP;2;1;1;3550308;São Paulo;35;SP;1;1;1;1;368.1;506.9;526.3;386.9;0;1;120;200;120;120;100;660
3949470;2024;NA;NA;;NA;;NA;NA;NA;3304557;Rio de Janeiro;33;RJ;0;0;0;0;NA;NA;NA;NA;1;NA;NA;NA;NA;NA;NA;NA
2286004;2024;NA;NA;;NA;;NA;NA;NA;3161106;São Francisco;31;MG;1;1;1;1;477.7;481.1;598.1;588;0;1;160;120;120;100;120;620
226132;2024;NA;NA;;NA;;NA;NA;NA;2111607;São Raimundo das Mangabeiras;21;MA;0;0;0;0;NA;NA;NA;NA;1;NA;NA;NA;NA;NA;NA;NA
2628005;2024;35044167;3557105;Votuporanga;35;SP;2;1;1;3557105;Votuporanga;35;SP;0;0;0;0;NA;NA;NA;NA;0;NA;NA;NA;NA;NA;NA;NA
1289998;2024;13108727;1302603;Manaus;13;AM;4;1;1;1302603;Manaus;13;AM;1;1;1;1;535.1;646.1;620.8;698.2;0;1;140;140;120;80;140;620
882086;2024;23074060;2304400;Fortaleza;23;CE;2;1;1;2304400;Fortaleza;23;CE;1;1;1;1;417;293.2;383.7;428.8;1;1;120;180;100;120;80;600
3558799;2024;NA;NA;;NA;;NA;NA;NA;3550308;São Paulo;35;SP;1;1;1;1;494.4;553.7;561.8;497.3;1;1;120;140;120;140;120;640
9918;2024;23074060;2304400;Fortaleza;23;CE;2;1;1;2304400;Fortaleza;23;CE;1;1;1;1;504.1;561.3;560.1;594.2;0;1;140;200;120;160;200;820
3270120;2024;NA;NA;;NA;;NA;NA;NA;3170701;Varginha;31;MG;1;1;1;1;570;572;568.1;654.4;0;1;120;160;120;140;20;560
78151;2024;15583430;1501808;Breves;15;PA;2;1;1;1501808;Breves;15;PA;1;1;1;1;554.4;387.8;522.2;453.1;1;1;160;160;140;120;160;740
812514;2024;29273790;2920403;Manoel Vitorino;29;BA;2;1;1;2918001;Jequié;29;BA;1;1;1;1;433.5;397.2;434.7;484.9;0;1;80;100;80;80;60;400
2311717;2024;NA;NA;;NA;;NA;NA;NA;2312908;Sobral;23;CE;0;0;0;0;NA;NA;NA;NA;0;NA;NA;NA;NA;NA;NA;NA
2197287;2024;NA;NA;;NA;;NA;NA;NA;3200904;Barra de São Francisco;32;ES;1;1;1;1;581;578;568.5;522.8;1;1;140;120;100;120;0;480
337380;2024;35022585;3556800;Viradouro;35;SP;2;1;1;3506102;Bebedouro;35;SP;1;1;1;1;430.3;464.9;516.6;635.8;0;1;120;180;160;200;80;740
2604457;2024;NA;NA;;NA;;NA;NA;NA;2906709;Cândido Sales;29;BA;0;0;0;0;NA;NA;NA;NA;0;NA;NA;NA;NA;NA;NA;NA
2876764;2024;NA;NA;;NA;;NA;NA;NA;4106902;Curitiba;41;PR;0;0;0;0;NA;NA;NA;NA;0;NA;NA;NA;NA;NA;NA;NA
1314969;2024;NA;NA;;NA;;NA;NA;NA;4118204;Paranaguá;41;PR;1;1;1;1;441.3;330;455.2;441.8;0;1;120;120;80;120;120;560
2844274;2024;NA;NA;;NA;;NA;NA;NA;2303105;Cariré;23;CE;1;1;1;1;464.9;375.6;480.1;568.8;1;1;120;200;120;120;180;740
4113339;2024;NA;NA;;NA;;NA;NA;NA;4309209;Gravataí;43;RS;0;0;0;0;NA;NA;NA;NA;1;NA;NA;NA;NA;NA;NA;NA
1927361;2024;29034922;2924009;Paulo Afonso;29;BA;2;1;1;2924009;Paulo Afonso;29;BA;1;1;1;1;514.1;507.8;548.8;684.2;0;1;120;200;140;160;140;760
567452;2024;26061023;2612406;Sanharó;26;PE;2;1;1;2610905;Pesqueira;26;PE;1;1;1;1;505.3;525.5;553.5;651.4;0;1;160;200;200;200;180;940
187478;2024;33084238;3304557;Rio de Janeiro;33;RJ;2;1;1;3304557;Rio de Janeiro;33;RJ;0;1;1;0;NA;494.7;521;NA;0;4;0;0;0;0;0;0
2834159;2024;41026152;4101408;Apucarana;41;PR;2;1;1;4101408;Apucarana;41;PR;1;1;1;1;582.4;527.1;537.9;480.6;0;1;120;120;80;80;20;420
3538810;2024;29478448;2914802;Itabuna;29;BA;4;1;1;2914802;Itabuna;29;BA;1;1;1;1;573.8;574.5;506.4;698.2;0;1;140;180;140;160;140;760
3729616;2024;NA;NA;;NA;;NA;NA;NA;3169901;Ubá;31;MG;1;1;1;1;530.4;518.3;562.5;507.3;0;1;120;160;120;140;80;620
3600181;2024;35049499;3523404;Itatiba;35;SP;2;1;1;3523404;Itatiba;35;SP;1;1;1;1;618.1;524.4;563.8;606.7;0;1;140;160;120;140;120;680
2560290;2024;NA;NA;;NA;;NA;NA;NA;3303500;Nova Iguaçu;33;RJ;0;0;0;0;NA;NA;NA;NA;0;NA;NA;NA;NA;NA;NA;NA
4021526;2024;NA;NA;;NA;;NA;NA;NA;4310207;Ijuí;43;RS;0;0;0;0;NA;NA;NA;NA;0;NA;NA;NA;NA;NA;NA;NA
149033;2024;23128208;2307601;Limoeiro do Norte;23;CE;2;1;1;2307601;Limoeiro do Norte;23;CE;1;1;1;1;376.7;427.8;436;412;0;1;160;180;80;180;180;780
1476568;2024;31354899;3139201;Malacacheta;31;MG;4;2;1;3145307;Novo Cruzeiro;31;MG;1;1;1;1;542.9;445.6;498;456;0;1;100;120;100;80;100;500
4200836;2024;NA;NA;;NA;;NA;NA;NA;3509007;Caieiras;35;SP;1;1;1;1;502.7;541;576.2;473.9;0;1;180;180;160;180;140;840
3059023;2024;35029661;3530102;Mirandópolis;35;SP;2;1;1;3530102;Mirandópolis;35;SP;1;1;1;1;417.3;549.9;528;573.7;0;1;120;160;120;140;140;680
3302445;2024;NA;NA;;NA;;NA;NA;NA;4204608;Criciúma;42;SC;0;1;1;0;NA;497.5;501.5;NA;1;1;120;140;120;100;120;600
716384;2024;NA;NA;;NA;;NA;NA;NA;2507507;João Pessoa;25;PB;0;0;0;0;NA;NA;NA;NA;1;NA;NA;NA;NA;NA;NA;NA
838660;2024;43156851;4321667;Três Cachoeiras;43;RS;2;1;1;4321501;Torres;43;RS;1;1;1;1;563.2;571.3;590.8;643;0;1;160;200;180;200;160;900
4164697;2024;NA;NA;;NA;;NA;NA;NA;3303302;Niterói;33;RJ;0;0;0;0;NA;NA;NA;NA;0;NA;NA;NA;NA;NA;NA;NA
2347679;2024;31369969;3170206;Uberlândia;31;MG;4;1;1;3170206;Uberlândia;31;MG;1;1;1;1;593.4;684.5;656.4;677.8;0;1;160;200;160;200;200;920
2508117;2024;NA;NA;;NA;;NA;NA;NA;4108304;Foz do Iguaçu;41;PR;0;0;0;0;NA;NA;NA;NA;1;NA;NA;NA;NA;NA;NA;NA
3817320;2024;NA;NA;;NA;;NA;NA;NA;2908101;Cocos;29;BA;0;0;0;0;NA;NA;NA;NA;1;NA;NA;NA;NA;NA;NA;NA
2009558;2024;12026328;1200351;Marechal Thaumaturgo;12;AC;2;1;1;1200351;Marechal Thaumaturgo;12;AC;1;1;1;1;525.7;364.4;422.2;402.9;1;1;120;120;60;160;100;560
3893919;2024;NA;NA;;NA;;NA;NA;NA;3505708;Barueri;35;SP;0;0;0;0;NA;NA;NA;NA;0;NA;NA;NA;NA;NA;NA;NA
3211569;2024;22127275;2211605;Vila Nova do Piauí;22;PI;2;1;1;2208007;Picos;22;PI;0;0;0;0;NA;NA;NA;NA;1;NA;NA;NA;NA;NA;NA;NA
2524382;2024;31196720;3159803;Santa Vitória;31;MG;2;1;1;3134202;Ituiutaba;31;MG;0;1;1;0;NA;409.2;401.6;NA;1;1;80;120;80;80;0;360
3881566;2024;NA;NA;;NA;;NA;NA;NA;4101408;Apucarana;41;PR;1;1;1;1;526.6;546.8;599.8;630.6;0;1;160;180;180;120;120;760
1241407;2024;23078685;2304400;Fortaleza;23;CE;2;1;1;2304400;Fortaleza;23;CE;0;0;0;0;NA;NA;NA;NA;1;NA;NA;NA;NA;NA;NA;NA
1472710;2024;29279178;2933307;Vitória da Conquista;29;BA;2;1;1;2933307;Vitória da Conquista;29;BA;1;1;1;1;373.3;439.2;497.6;448.9;1;1;120;160;100;120;160;660
1823308;2024;NA;NA;;NA;;NA;NA;NA;3534401;Osasco;35;SP;1;1;1;1;740.2;645.3;647.6;855.8;0;1;160;200;160;180;200;900
1598467;2024;21154619;2102309;Buriti Bravo;21;MA;4;1;1;2102309;Buriti Bravo;21;MA;1;1;1;1;384;432.2;412.4;470.7;0;1;160;180;140;160;180;820
856317;2024;NA;NA;;NA;;NA;NA;NA;5220108;São Luís de Montes Belos;52;GO;1;1;1;1;491.1;500.5;543.2;513.4;0;1;120;140;120;120;120;620
4310554;2024;NA;NA;;NA;;NA;NA;NA;3549904;São José dos Campos;35;SP;1;1;1;1;621.3;604.7;628.2;722.8;0;1;120;140;120;160;60;600
523359;2024;35000486;3550308;São Paulo;35;SP;2;1;1;3550308;São Paulo;35;SP;1;1;1;1;538.2;550.5;624.7;597.3;0;1;160;200;140;160;160;820
420695;2024;31167541;3170206;Uberlândia;31;MG;2;1;1;3170206;Uberlândia;31;MG;0;1;1;0;NA;486.6;461.9;NA;0;1;140;100;80;100;60;480
3638571;2024;NA;NA;;NA;;NA;NA;NA;2404200;Goianinha;24;RN;1;1;1;1;429.4;318.6;490.2;442.4;1;1;140;140;140;120;140;680
397055;2024;NA;NA;;NA;;NA;NA;NA;2211001;Teresina;22;PI;1;1;1;1;373.8;412.1;448.7;486.7;1;1;140;140;140;160;120;700
1853425;2024;NA;NA;;NA;;NA;NA;NA;3543907;Rio Claro;35;SP;1;1;1;1;373.5;499;505.1;427;0;1;120;160;120;120;120;640
3142329;2024;26029243;2609154;Manari;26;PE;2;1;1;2606606;Ibimirim;26;PE;0;0;0;0;NA;NA;NA;NA;1;NA;NA;NA;NA;NA;NA;NA
1355515;2024;NA;NA;;NA;;NA;NA;NA;2513703;Santa Rita;25;PB;1;1;1;1;719.1;788.1;653.4;850.9;0;1;160;200;180;180;200;920
1912378;2024;31382388;3125101;Extrema;31;MG;4;1;1;3125101;Extrema;31;MG;1;1;1;1;520.3;497.8;523.9;638.2;0;1;140;160;120;160;120;700
3375526;2024;NA;NA;;NA;;NA;NA;NA;5200258;Águas Lindas de Goiás;52;GO;0;1;1;0;NA;416.6;491.2;NA;0;1;120;140;140;80;100;580
3888412;2024;NA;NA;;NA;;NA;NA;NA;5208707;Goiânia;52;GO;1;1;1;1;542.7;488.4;505.4;567.6;1;1;80;120;80;80;0;360
2797478;2024;26144417;2604106;Caruaru;26;PE;1;1;1;2604106;Caruaru;26;PE;1;1;1;1;580.5;634.7;592.7;690.5;0;1;160;200;200;160;200;920
201158;2024;31129062;3152105;Ponte Nova;31;MG;2;1;1;3152105;Ponte Nova;31;MG;1;1;1;1;500.9;598.8;594.5;655.4;0;1;160;200;180;200;200;940
1367464;2024;NA;NA;;NA;;NA;NA;NA;2201507;Batalha;22;PI;0;0;0;0;NA;NA;NA;NA;1;NA;NA;NA;NA;NA;NA;NA
3043347;2024;NA;NA;;NA;;NA;NA;NA;5208707;Goiânia;52;GO;1;1;1;1;585.1;510.2;556.3;645.2;0;1;160;200;160;180;180;880
2323720;2024;NA;NA;;NA;;NA;NA;NA;4108403;Francisco Beltrão;41;PR;1;1;1;1;508;577.4;575.8;591.1;0;1;140;140;140;140;140;700
3536048;2024;NA;NA;;NA;;NA;NA;NA;3550308;São Paulo;35;SP;1;1;1;1;381;355.2;546.7;593.1;0;1;140;200;160;120;160;780
836480;2024;23241314;2307650;Maracanaú;23;CE;2;1;1;2304400;Fortaleza;23;CE;1;1;1;1;459;463;520;473.5;1;1;120;160;120;120;80;600
1205073;2024;41158253;4101804;Araucária;41;PR;4;1;1;4101804;Araucária;41;PR;1;1;1;1;708.3;673.3;617.2;795.7;0;1;160;160;160;160;200;840
1710101;2024;NA;NA;;NA;;NA;NA;NA;2801306;Capela;28;SE;1;1;1;1;610.1;609.4;569.5;731.2;0;1;160;200;160;180;180;880
467969;2024;23118709;2310506;Pedra Branca;23;CE;2;1;1;2310506;Pedra Branca;23;CE;1;1;1;1;380.7;452.7;464.9;381.5;1;1;120;120;120;80;120;560
3931868;2024;NA;NA;;NA;;NA;NA;NA;2402303;Caraúbas;24;RN;0;0;0;0;NA;NA;NA;NA;1;NA;NA;NA;NA;NA;NA;NA
3956635;2024;35168002;3513108;Cravinhos;35;SP;4;1;1;3543402;Ribeirão Preto;35;SP;1;1;1;1;540.2;526;510.4;572.1;0;1;100;120;80;100;80;480
1225640;2024;NA;NA;;NA;;NA;NA;NA;4106902;Curitiba;41;PR;1;1;1;1;540.7;574.3;586.4;697.3;0;1;120;100;80;120;0;420
426040;2024;NA;NA;;NA;;NA;NA;NA;2708600;São Miguel dos Campos;27;AL;1;1;1;1;463.4;416.7;575.8;513.5;1;1;100;160;120;120;80;580
1367522;2024;NA;NA;;NA;;NA;NA;NA;3550308;São Paulo;35;SP;0;0;0;0;NA;NA;NA;NA;1;NA;NA;NA;NA;NA;NA;NA
3770540;2024;NA;NA;;NA;;NA;NA;NA;2111300;São Luís;21;MA;0;0;0;0;NA;NA;NA;NA;0;NA;NA;NA;NA;NA;NA;NA
2479856;2024;15587282;1500404;Alenquer;15;PA;2;1;1;1500404;Alenquer;15;PA;0;0;0;0;NA;NA;NA;NA;0;NA;NA;NA;NA;NA;NA;NA
1937417;2024;NA;NA;;NA;;NA;NA;NA;1302603;Manaus;13;AM;1;1;1;1;369.5;507.4;515.4;380.6;1;1;100;60;60;60;0;280
820538;2024;25127977;2508901;Mamanguape;25;PB;2;1;1;2508901;Mamanguape;25;PB;1;1;1;1;467;555.2;567.8;508.9;1;1;120;180;160;140;200;800
1547163;2024;NA;NA;;NA;;NA;NA;NA;3304557;Rio de Janeiro;33;RJ;1;1;1;1;606.1;659.7;588.8;821.5;0;1;160;180;160;180;180;860
4290471;2024;NA;NA;;NA;;NA;NA;NA;1400100;Boa Vista;14;RR;1;1;1;1;384.1;371.9;473.1;424.2;1;8;0;0;0;0;0;0
2299841;2024;NA;NA;;NA;;NA;NA;NA;2111300;São Luís;21;MA;0;0;0;0;NA;NA;NA;NA;0;NA;NA;NA;NA;NA;NA;NA
3061316;2024;51043408;5108402;Várzea Grande;51;MT;2;1;1;5108402;Várzea Grande;51;MT;1;1;1;1;547.7;536.2;482.4;597.3;1;1;160;80;140;160;20;560
2454082;2024;NA;NA;;NA;;NA;NA;NA;3304557;Rio de Janeiro;33;RJ;0;0;0;0;NA;NA;NA;NA;0;NA;NA;NA;NA;NA;NA;NA
3894601;2024;NA;NA;;NA;;NA;NA;NA;2509701;Monteiro;25;PB;1;1;1;1;379.3;352.1;471.4;402.7;0;1;100;100;80;80;80;440
4183939;2024;NA;NA;;NA;;NA;NA;NA;3131307;Ipatinga;31;MG;1;1;1;1;368.2;525.4;499.7;579.3;0;1;160;160;160;160;200;840
759888;2024;35009763;3510609;Carapicuíba;35;SP;2;1;1;3510609;Carapicuíba;35;SP;1;1;1;1;441.4;490.4;528.1;550.7;1;1;120;140;80;100;80;520
1184908;2024;35902287;3550308;São Paulo;35;SP;2;1;1;3550308;São Paulo;35;SP;1;1;1;1;434.5;578.6;553.7;417.7;0;1;120;120;120;120;80;560
1163088;2024;29182123;2927408;Salvador;29;BA;2;1;1;2927408;Salvador;29;BA;1;1;1;1;385.4;400.8;531.7;413.5;0;1;120;80;40;120;20;380
1297217;2024;NA;NA;;NA;;NA;NA;NA;2927408;Salvador;29;BA;1;1;1;1;579.9;602.4;591;703.5;0;1;100;140;120;120;160;640
1495998;2024;NA;NA;;NA;;NA;NA;NA;3162500;São João del Rei;31;MG;1;1;1;1;530.4;529.6;547.2;618.4;0;1;140;180;160;180;140;800
714875;2024;NA;NA;;NA;;NA;NA;NA;1501501;Benevides;15;PA;0;0;0;0;NA;NA;NA;NA;1;NA;NA;NA;NA;NA;NA;NA
660968;2024;29192226;2927408;Salvador;29;BA;2;1;1;2927408;Salvador;29;BA;0;0;0;0;NA;NA;NA;NA;1;NA;NA;NA;NA;NA;NA;NA
2054018;2024;NA;NA;;NA;;NA;NA;NA;2907806;Cícero Dantas;29;BA;1;1;1;1;477.1;507.2;546.8;375.2;0;4;0;0;0;0;0;0
2879365;2024;NA;NA;;NA;;NA;NA;NA;2504009;Campina Grande;25;PB;1;1;1;1;536.3;568.1;544.8;623.1;0;1;160;200;180;160;180;880
4151826;2024;NA;NA;;NA;;NA;NA;NA;3140001;Mariana;31;MG;0;0;0;0;NA;NA;NA;NA;0;NA;NA;NA;NA;NA;NA;NA
312443;2024;NA;NA;;NA;;NA;NA;NA;3543402;Ribeirão Preto;35;SP;1;1;1;1;382.7;384.4;504.1;474;0;1;120;140;100;140;100;600
4245155;2024;NA;NA;;NA;;NA;NA;NA;4314407;Pelotas;43;RS;0;0;0;0;NA;NA;NA;NA;1;NA;NA;NA;NA;NA;NA;NA
3892211;2024;NA;NA;;NA;;NA;NA;NA;3147006;Paracatu;31;MG;1;1;1;1;565.1;364.2;481.7;617.1;0;1;120;120;120;120;140;620
3695637;2024;NA;NA;;NA;;NA;NA;NA;1505536;Parauapebas;15;PA;1;1;1;1;528.7;564.1;600.9;457.4;1;1;120;180;120;120;100;640
2907938;2024;NA;NA;;NA;;NA;NA;NA;2900702;Alagoinhas;29;BA;0;0;0;0;NA;NA;NA;NA;1;NA;NA;NA;NA;NA;NA;NA
2873206;2024;NA;NA;;NA;;NA;NA;NA;3300456;Belford Roxo;33;RJ;0;0;0;0;NA;NA;NA;NA;0;NA;NA;NA;NA;NA;NA;NA
587129;2024;25063405;2509339;Matinhas;25;PB;2;2;1;2500403;Alagoa Nova;25;PB;0;0;0;0;NA;NA;NA;NA;0;NA;NA;NA;NA;NA;NA;NA
2451309;2024;NA;NA;;NA;;NA;NA;NA;2211001;Teresina;22;PI;1;1;1;1;381.4;427.4;498.9;447.5;0;1;140;120;120;120;140;640
386545;2024;NA;NA;;NA;;NA;NA;NA;4124053;Santa Terezinha de Itaipu;41;PR;1;1;1;1;602;672.6;584.1;662.4;0;1;140;180;160;160;160;800
1480317;2024;43178740;4314902;Porto Alegre;43;RS;4;1;1;4314902;Porto Alegre;43;RS;1;1;1;1;543.1;514.3;551.3;636.1;0;1;140;120;160;180;200;800
626213;2024;NA;NA;;NA;;NA;NA;NA;1501402;Belém;15;PA;0;0;0;0;NA;NA;NA;NA;0;NA;NA;NA;NA;NA;NA;NA
913303;2024;NA;NA;;NA;;NA;NA;NA;3303203;Nilópolis;33;RJ;1;1;1;1;589;641.7;595.8;687.3;0;1;160;200;160;180;200;900
868126;2024;NA;NA;;NA;;NA;NA;NA;2927408;Salvador;29;BA;1;1;1;1;410.1;433.2;565.5;473.4;0;1;100;120;120;140;120;600
708285;2024;35134259;3549904;São José dos Campos;35;SP;4;1;1;3549904;São José dos Campos;35;SP;1;1;1;1;610;683.4;665;677;0;1;140;160;140;160;160;760
1773754;2024;NA;NA;;NA;;NA;NA;NA;2504009;Campina Grande;25;PB;1;1;1;1;490.3;411.4;455.7;396.2;0;1;80;120;80;80;140;500
1508154;2024;NA;NA;;NA;;NA;NA;NA;1100205;Porto Velho;11;RO;0;0;0;0;NA;NA;NA;NA;1;NA;NA;NA;NA;NA;NA;NA
663482;2024;NA;NA;;NA;;NA;NA;NA;2914000;Ipirá;29;BA;1;1;1;1;413.5;427.7;463.3;559.5;0;1;80;120;80;80;40;400
1315373;2024;NA;NA;;NA;;NA;NA;NA;1702406;Arraias;17;TO;1;1;1;1;416.8;381.2;477.2;437;0;1;80;120;80;140;0;420
2483425;2024;42041864;4209003;Joaçaba;42;SC;4;1;1;4203600;Campos Novos;42;SC;1;1;1;1;601.7;647.4;592.2;712;0;1;160;160;160;160;200;840
4306368;2024;35039317;3550308;São Paulo;35;SP;2;1;1;3550308;São Paulo;35;SP;1;1;1;1;557.2;593.1;558.5;616.5;0;1;140;180;160;180;180;840
302963;2024;24050741;2409506;Pedra Grande;24;RN;2;1;1;2405801;João Câmara;24;RN;1;1;1;1;442.7;376.7;495.9;419.5;0;1;120;140;60;120;120;560
406950;2024;35013419;3538006;Pindamonhangaba;35;SP;2;1;1;3538006;Pindamonhangaba;35;SP;1;1;1;1;383.3;451;532.2;633.8;1;1;140;160;120;160;140;720
2336427;2024;15173437;1505536;Parauapebas;15;PA;4;1;1;1505536;Parauapebas;15;PA;1;1;1;1;549.5;571;579.5;634.9;0;1;120;160;120;200;200;800
2435487;2024;NA;NA;;NA;;NA;NA;NA;2307304;Juazeiro do Norte;23;CE;0;0;0;0;NA;NA;NA;NA;0;NA;NA;NA;NA;NA;NA;NA
2755575;2024;NA;NA;;NA;;NA;NA;NA;2313500;Trairi;23;CE;1;1;1;1;420.8;421.2;459.4;410;0;1;120;160;80;140;20;520
2357535;2024;60027441;5106299;Paranaíta;51;MT;2;1;1;5100250;Alta Floresta;51;MT;1;1;1;1;422.2;511.6;453.9;458.6;0;1;120;180;120;120;120;660
1918425;2024;29181470;2927408;Salvador;29;BA;2;1;1;2927408;Salvador;29;BA;0;0;0;0;NA;NA;NA;NA;0;NA;NA;NA;NA;NA;NA;NA
3266510;2024;NA;NA;;NA;;NA;NA;NA;3550308;São Paulo;35;SP;0;0;0;0;NA;NA;NA;NA;0;NA;NA;NA;NA;NA;NA;NA
2884927;2024;41131690;4106902;Curitiba;41;PR;4;1;1;4106902;Curitiba;41;PR;1;1;1;1;592.8;612.1;596.7;474;0;1;140;160;140;140;140;720
4208892;2024;NA;NA;;NA;;NA;NA;NA;1302603;Manaus;13;AM;1;1;1;1;402.2;366.5;428;413.1;1;1;120;140;80;120;100;560
118884;2024;NA;NA;;NA;;NA;NA;NA;3510609;Carapicuíba;35;SP;0;0;0;0;NA;NA;NA;NA;1;NA;NA;NA;NA;NA;NA;NA
3107601;2024;41127722;4106902;Curitiba;41;PR;4;1;1;4106902;Curitiba;41;PR;1;1;1;1;681.8;711.4;630.3;773.3;0;1;140;180;120;140;140;720
3200957;2024;35049414;3552403;Sumaré;35;SP;2;1;1;4112009;Jaguariaíva;41;PR;0;0;0;0;NA;NA;NA;NA;1;NA;NA;NA;NA;NA;NA;NA
1515708;2024;NA;NA;;NA;;NA;NA;NA;4318002;São Borja;43;RS;0;0;0;0;NA;NA;NA;NA;1;NA;NA;NA;NA;NA;NA;NA
4199199;2024;NA;NA;;NA;;NA;NA;NA;3304557;Rio de Janeiro;33;RJ;0;1;1;0;NA;432.6;407.1;NA;0;1;100;120;100;100;20;440
389596;2024;14321050;1400100;Boa Vista;14;RR;2;1;1;1400100;Boa Vista;14;RR;1;1;1;1;482.9;430.9;482;409.5;1;1;120;120;120;120;60;540
1908341;2024;NA;NA;;NA;;NA;NA;NA;4106902;Curitiba;41;PR;1;1;1;1;409.8;607;492.1;428.5;0;1;140;200;140;200;200;880
3047579;2024;NA;NA;;NA;;NA;NA;NA;3549904;São José dos Campos;35;SP;1;1;1;1;374.6;490.6;557;486.5;0;1;120;180;140;160;160;760
1589336;2024;NA;NA;;NA;;NA;NA;NA;4323002;Viamão;43;RS;0;0;0;0;NA;NA;NA;NA;0;NA;NA;NA;NA;NA;NA;NA
3234458;2024;NA;NA;;NA;;NA;NA;NA;1302603;Manaus;13;AM;1;1;1;1;548;471.8;530.5;479.4;0;1;120;60;120;100;100;500
4102113;2024;NA;NA;;NA;;NA;NA;NA;3170107;Uberaba;31;MG;0;0;0;0;NA;NA;NA;NA;0;NA;NA;NA;NA;NA;NA;NA
3573811;2024;NA;NA;;NA;;NA;NA;NA;1501402;Belém;15;PA;0;1;1;0;NA;449.7;438.7;NA;1;1;140;200;140;160;140;780
830490;2024;NA;NA;;NA;;NA;NA;NA;3302205;Itaperuna;33;RJ;1;1;1;1;483.5;448.7;564;549.6;0;1;120;160;120;120;120;640
604807;2024;NA;NA;;NA;;NA;NA;NA;2800308;Aracaju;28;SE;1;1;1;1;381.4;553.3;568;417.6;0;1;120;180;120;120;120;660
1106531;2024;NA;NA;;NA;;NA;NA;NA;2302701;Campos Sales;23;CE;1;1;1;1;558.6;565.4;574.5;601.1;1;1;140;200;180;200;200;920
1278307;2024;NA;NA;;NA;;NA;NA;NA;3118601;Contagem;31;MG;1;1;1;1;593;606.9;645;682.5;0;1;140;180;160;200;160;840
1345;2024;NA;NA;;NA;;NA;NA;NA;3203205;Linhares;32;ES;1;1;1;1;561.9;561.5;510.6;433.4;0;1;160;200;160;200;180;900
2184609;2024;NA;NA;;NA;;NA;NA;NA;2927408;Salvador;29;BA;1;1;1;1;507;573.3;606.1;683.1;0;1;140;140;160;180;180;800
1397506;2024;35562282;3503901;Arujá;35;SP;2;1;1;3503901;Arujá;35;SP;1;1;1;1;490.3;602.4;598.1;664.7;0;1;160;180;160;180;200;880
909981;2024;NA;NA;;NA;;NA;NA;NA;5208707;Goiânia;52;GO;1;1;1;1;438.2;519.6;522.4;496.3;0;1;140;140;140;180;160;760
2732327;2024;35923199;3518800;Guarulhos;35;SP;2;1;1;3518800;Guarulhos;35;SP;1;1;1;1;449.2;554.1;551.1;438.3;0;1;140;180;140;140;120;720
4327729;2024;NA;NA;;NA;;NA;NA;NA;4312401;Montenegro;43;RS;1;1;1;1;572.5;545.6;569.3;473.6;1;1;120;180;120;160;140;720
1468808;2024;NA;NA;;NA;;NA;NA;NA;1502103;Cametá;15;PA;1;1;1;1;380;384.8;392.9;513;1;1;80;40;40;80;0;240
2658826;2024;NA;NA;;NA;;NA;NA;NA;3306305;Volta Redonda;33;RJ;1;1;1;1;547.8;513;524.3;512.3;1;1;120;140;120;120;20;520
944529;2024;35921543;3548708;São Bernardo do Campo;35;SP;2;1;1;3548708;São Bernardo do Campo;35;SP;1;1;1;1;562.7;619.9;613.8;683.2;1;1;160;160;120;160;200;800
3917370;2024;NA;NA;;NA;;NA;NA;NA;3507605;Bragança Paulista;35;SP;1;1;1;1;540.2;543.7;561.4;507.7;0;1;120;180;120;120;100;640
3426478;2024;NA;NA;;NA;;NA;NA;NA;3510203;Capão Bonito;35;SP;0;0;0;0;NA;NA;NA;NA;0;NA;NA;NA;NA;NA;NA;NA
1534974;2024;13042149;1303403;Parintins;13;AM;2;1;1;1303403;Parintins;13;AM;1;1;1;1;529.9;565.3;577.5;467.6;1;1;160;180;140;200;160;840
3466888;2024;NA;NA;;NA;;NA;NA;NA;2904902;Cachoeira;29;BA;1;1;1;1;483.2;412.3;442.1;379.7;1;1;80;100;60;100;120;460
1048993;2024;35005320;3550308;São Paulo;35;SP;2;1;1;3550308;São Paulo;35;SP;1;1;1;1;367.6;456.1;489.3;400.1;0;1;160;180;180;180;160;860
2959734;2024;NA;NA;;NA;;NA;NA;NA;3136702;Juiz de Fora;31;MG;1;1;1;1;612.7;653.5;606.1;740.6;0;1;160;200;200;200;200;960
419314;2024;NA;NA;;NA;;NA;NA;NA;2926608;Ribeira do Pombal;29;BA;0;0;0;0;NA;NA;NA;NA;1;NA;NA;NA;NA;NA;NA;NA
1676839;2024;29132711;2926509;Ribeira do Amparo;29;BA;2;1;1;2926608;Ribeira do Pombal;29;BA;1;1;1;1;376.1;408.9;516.2;588.1;0;1;120;160;120;180;140;720
3000653;2024;NA;NA;;NA;;NA;NA;NA;2507507;João Pessoa;25;PB;1;1;1;1;474.1;303.5;476.5;484.2;1;1;80;80;80;80;0;320
1644855;2024;NA;NA;;NA;;NA;NA;NA;1508100;Tucuruí;15;PA;0;0;0;0;NA;NA;NA;NA;1;NA;NA;NA;NA;NA;NA;NA
3239740;2024;41026470;4101507;Arapongas;41;PR;2;1;1;4101507;Arapongas;41;PR;0;1;1;0;NA;462.2;426.5;NA;1;1;100;120;120;100;80;520
1730829;2024;NA;NA;;NA;;NA;NA;NA;2930709;Simões Filho;29;BA;0;0;0;0;NA;NA;NA;NA;0;NA;NA;NA;NA;NA;NA;NA
3717197;2024;NA;NA;;NA;;NA;NA;NA;2933307;Vitória da Conquista;29;BA;1;1;1;1;424.7;528.5;482.3;631;1;1;120;120;120;100;140;600
3071972;2024;32039832;3205200;Vila Velha;32;ES;4;1;1;3205200;Vila Velha;32;ES;1;1;1;1;486.2;520.9;540;475.9;0;1;160;180;180;200;200;920
441301;2024;NA;NA;;NA;;NA;NA;NA;2803005;Itabaianinha;28;SE;1;1;1;1;456.7;419.9;461.4;392.1;1;1;80;120;120;120;100;540
3991874;2024;NA;NA;;NA;;NA;NA;NA;3303302;Niterói;33;RJ;0;0;0;0;NA;NA;NA;NA;0;NA;NA;NA;NA;NA;NA;NA
1112686;2024;NA;NA;;NA;;NA;NA;NA;2211001;Teresina;22;PI;1;1;1;1;526.9;459.5;565.9;537.7;1;1;140;160;180;180;180;840
1326237;2024;23243082;2310308;Parambu;23;CE;2;1;1;2310308;Parambu;23;CE;1;1;1;1;415.8;355.8;474.8;391.2;1;1;100;120;100;120;60;500
1214154;2024;23323612;2309607;Pacajus;23;CE;2;1;1;2309607;Pacajus;23;CE;1;1;1;1;511.9;456.8;473.6;627.8;1;1;140;180;140;120;140;720
2266630;2024;27037037;2704302;Maceió;27;AL;2;1;1;2704302;Maceió;27;AL;1;1;1;1;440.8;479.2;493.8;499.4;1;1;100;120;120;100;80;520
348617;2024;NA;NA;;NA;;NA;NA;NA;2927200;Ruy Barbosa;29;BA;0;1;1;0;NA;0;0;NA;0;1;140;200;160;180;180;860
3135207;2024;43341055;4308102;Feliz;43;RS;1;2;1;4313201;Nova Petrópolis;43;RS;1;1;1;1;606.5;621.1;634.5;719.3;0;1;120;140;120;140;120;640
766306;2024;25033794;2503555;Cacimbas;25;PB;2;1;1;2510808;Patos;25;PB;1;1;1;1;472.4;401.6;454.8;393.7;1;1;140;160;160;160;100;720
428838;2024;NA;NA;;NA;;NA;NA;NA;3157807;Santa Luzia;31;MG;1;1;1;1;483.2;512.8;493.5;541.5;0;1;120;120;100;100;80;520
2765799;2024;NA;NA;;NA;;NA;NA;NA;2408102;Natal;24;RN;0;0;0;0;NA;NA;NA;NA;1;NA;NA;NA;NA;NA;NA;NA
1553924;2024;NA;NA;;NA;;NA;NA;NA;2313401;Tianguá;23;CE;1;1;1;1;627;677.6;585.7;532;0;1;140;160;140;160;200;800
2922888;2024;50033611;5002704;Campo Grande;50;MS;4;1;1;5002704;Campo Grande;50;MS;1;1;1;1;553.3;579.1;556.7;692.6;0;1;160;160;120;120;60;620
945885;2024;NA;NA;;NA;;NA;NA;NA;4314407;Pelotas;43;RS;0;0;0;0;NA;NA;NA;NA;0;NA;NA;NA;NA;NA;NA;NA
1731731;2024;NA;NA;;NA;;NA;NA;NA;2600500;Águas Belas;26;PE;0;0;0;0;NA;NA;NA;NA;0;NA;NA;NA;NA;NA;NA;NA
2927466;2024;21490210;2102077;Bom Lugar;21;MA;2;1;1;2101202;Bacabal;21;MA;1;1;1;1;447.4;450.3;402.8;437.1;0;1;160;200;140;160;80;740
1473680;2024;NA;NA;;NA;;NA;NA;NA;2408003;Mossoró;24;RN;0;0;0;0;NA;NA;NA;NA;0;NA;NA;NA;NA;NA;NA;NA
4050912;2024;NA;NA;;NA;;NA;NA;NA;3304557;Rio de Janeiro;33;RJ;1;1;1;1;490.1;483.4;542.9;448.6;0;1;120;100;140;80;20;460
953798;2024;NA;NA;;NA;;NA;NA;NA;3534401;Osasco;35;SP;1;1;1;1;421.8;376.4;487.3;514.9;1;4;0;0;0;0;0;0
779505;2024;NA;NA;;NA;;NA;NA;NA;5300108;Brasília;53;DF;0;0;0;0;NA;NA;NA;NA;1;NA;NA;NA;NA;NA;NA;NA
4120302;2024;NA;NA;;NA;;NA;NA;NA;2407104;Macaíba;24;RN;0;0;0;0;NA;NA;NA;NA;1;NA;NA;NA;NA;NA;NA;NA
2883984;2024;NA;NA;;NA;;NA;NA;NA;2927408;Salvador;29;BA;0;0;0;0;NA;NA;NA;NA;1;NA;NA;NA;NA;NA;NA;NA
3889003;2024;NA;NA;;NA;;NA;NA;NA;1600501;Oiapoque;16;AP;0;0;0;0;NA;NA;NA;NA;1;NA;NA;NA;NA;NA;NA;NA
2470138;2024;NA;NA;;NA;;NA;NA;NA;3122306;Divinópolis;31;MG;1;1;1;1;568.8;563.9;582.2;598;0;1;120;160;80;120;0;480
1481023;2024;43105688;4314902;Porto Alegre;43;RS;2;1;1;4314902;Porto Alegre;43;RS;1;1;1;1;513.2;499.3;435.3;381;1;1;140;120;100;120;100;580
2353168;2024;35106768;3550308;São Paulo;35;SP;4;1;1;3550308;São Paulo;35;SP;1;1;1;1;559.4;570.2;595.7;683.4;0;1;160;200;160;180;200;900
1986043;2024;29181801;2927408;Salvador;29;BA;4;1;1;2927408;Salvador;29;BA;1;1;1;1;537;609.2;608.9;681.1;0;1;160;200;180;180;200;920
1501202;2024;NA;NA;;NA;;NA;NA;NA;1303809;São Gabriel da Cachoeira;13;AM;0;0;0;0;NA;NA;NA;NA;1;NA;NA;NA;NA;NA;NA;NA
649601;2024;33046816;3300456;Belford Roxo;33;RJ;2;1;1;3300456;Belford Roxo;33;RJ;0;0;0;0;NA;NA;NA;NA;1;NA;NA;NA;NA;NA;NA;NA
2026118;2024;31166553;3170206;Uberlândia;31;MG;1;2;1;3170206;Uberlândia;31;MG;1;1;1;1;532.5;434.8;549.6;497.4;1;1;160;180;140;200;200;880
731824;2024;NA;NA;;NA;;NA;NA;NA;1505304;Oriximiná;15;PA;1;1;1;1;413.6;480.8;486.9;418.4;0;1;100;120;40;80;0;340
2063151;2024;NA;NA;;NA;;NA;NA;NA;2202000;Buriti dos Lopes;22;PI;1;1;1;1;632.6;487.6;489.3;656.2;1;1;120;120;120;120;100;580
2946931;2024;29536200;2919157;Lapão;29;BA;2;2;1;2919157;Lapão;29;BA;1;1;1;1;441.4;498.4;513.6;542.7;1;1;160;160;160;160;160;800
3770854;2024;NA;NA;;NA;;NA;NA;NA;2708006;Santana do Ipanema;27;AL;1;1;1;1;370.8;368.4;337.1;404.6;0;1;100;40;40;100;0;280
1425703;2024;35046425;3518800;Guarulhos;35;SP;2;1;1;3518800;Guarulhos;35;SP;1;1;1;1;463.3;555.9;557.7;407.9;0;1;140;160;140;120;120;680
523993;2024;53006062;5300108;Brasília;53;DF;2;1;1;5300108;Brasília;53;DF;0;0;0;0;NA;NA;NA;NA;1;NA;NA;NA;NA;NA;NA;NA
1614279;2024;35023000;3505906;Batatais;35;SP;2;1;1;3505906;Batatais;35;SP;1;1;1;1;466.8;590.4;540.2;495;0;1;120;180;120;120;80;620
3163385;2024;29202604;2933208;Vera Cruz;29;BA;2;1;1;2933208;Vera Cruz;29;BA;0;0;0;0;NA;NA;NA;NA;1;NA;NA;NA;NA;NA;NA;NA
603323;2024;NA;NA;;NA;;NA;NA;NA;1501402;Belém;15;PA;1;1;1;1;626.3;694.4;678.5;708.8;1;1;120;120;120;120;100;580
680775;2024;NA;NA;;NA;;NA;NA;NA;2111300;São Luís;21;MA;1;1;1;1;391.9;556.4;591.8;598.9;1;1;160;160;140;180;160;800
3563030;2024;NA;NA;;NA;;NA;NA;NA;2303709;Caucaia;23;CE;0;0;0;0;NA;NA;NA;NA;1;NA;NA;NA;NA;NA;NA;NA
1247601;2024;35028794;3549805;São José do Rio Preto;35;SP;2;1;1;3549805;São José do Rio Preto;35;SP;1;1;1;1;509.1;594.8;587.9;734.8;0;1;160;200;160;180;160;860
876998;2024;NA;NA;;NA;;NA;NA;NA;2504009;Campina Grande;25;PB;0;0;0;0;NA;NA;NA;NA;0;NA;NA;NA;NA;NA;NA;NA
3881546;2024;NA;NA;;NA;;NA;NA;NA;3549805;São José do Rio Preto;35;SP;1;1;1;1;434.5;559.1;538;632.9;1;1;140;200;160;140;140;780
2346010;2024;NA;NA;;NA;;NA;NA;NA;4315602;Rio Grande;43;RS;1;1;1;1;533.3;561;559;376.9;1;1;100;120;60;80;20;380
3118742;2024;NA;NA;;NA;;NA;NA;NA;3105608;Barbacena;31;MG;1;1;1;1;472.5;583.8;574;514.9;0;1;160;140;140;160;200;800
3285925;2024;NA;NA;;NA;;NA;NA;NA;2101509;Barão de Grajaú;21;MA;0;0;0;0;NA;NA;NA;NA;0;NA;NA;NA;NA;NA;NA;NA
2247615;2024;NA;NA;;NA;;NA;NA;NA;4216602;São José;42;SC;1;1;1;1;426.7;517;596;501;1;1;120;180;120;120;140;680
1157088;2024;29417163;2900702;Alagoinhas;29;BA;2;1;1;2900702;Alagoinhas;29;BA;1;1;1;1;377.2;404.8;493.9;465.4;1;1;100;120;80;120;40;460
2472476;2024;41025890;4101408;Apucarana;41;PR;2;1;1;4115200;Maringá;41;PR;1;1;1;1;545.4;495.2;524.1;412.6;1;1;120;160;120;120;0;520
1084110;2024;52030873;5201405;Aparecida de Goiânia;52;GO;2;1;1;5201405;Aparecida de Goiânia;52;GO;1;1;1;1;501.2;518.7;494.8;440.1;1;1;160;180;160;180;160;840
2203770;2024;NA;NA;;NA;;NA;NA;NA;2602100;Bom Conselho;26;PE;0;0;0;0;NA;NA;NA;NA;1;NA;NA;NA;NA;NA;NA;NA
3466156;2024;35111867;3552205;Sorocaba;35;SP;4;1;1;3552205;Sorocaba;35;SP;1;1;1;1;594;742.6;633.7;748.2;0;1;140;100;60;100;20;420
392781;2024;NA;NA;;NA;;NA;NA;NA;4307005;Erechim;43;RS;1;1;1;1;560;609.5;604.5;636.3;1;1;140;180;160;140;180;800
3729771;2024;43038174;4304606;Canoas;43;RS;2;1;1;4304606;Canoas;43;RS;1;1;1;1;503.8;515.5;509.1;412.4;1;1;120;160;140;160;100;680
1408740;2024;NA;NA;;NA;;NA;NA;NA;2927408;Salvador;29;BA;0;1;1;0;NA;0;472.3;NA;1;4;0;0;0;0;0;0
1273061;2024;23162350;2301901;Barbalha;23;CE;2;1;1;2301901;Barbalha;23;CE;0;0;0;0;NA;NA;NA;NA;0;NA;NA;NA;NA;NA;NA;NA
1517040;2024;13232215;1303007;Nhamundá;13;AM;2;2;1;1303007;Nhamundá;13;AM;1;1;1;1;479.7;392.8;385.8;380;1;1;100;100;60;100;0;360
3722963;2024;NA;NA;;NA;;NA;NA;NA;2506004;Esperança;25;PB;1;1;1;1;493.6;578.6;567.7;396.1;0;1;140;120;120;120;80;580
3880133;2024;NA;NA;;NA;;NA;NA;NA;2611101;Petrolina;26;PE;0;0;0;0;NA;NA;NA;NA;1;NA;NA;NA;NA;NA;NA;NA
2495992;2024;NA;NA;;NA;;NA;NA;NA;2402600;Ceará-Mirim;24;RN;1;1;1;1;391.6;321.9;491.5;399.6;1;1;120;140;120;120;120;620
3427381;2024;NA;NA;;NA;;NA;NA;NA;2111300;São Luís;21;MA;1;1;1;1;587.4;630.6;584;708.9;0;1;100;140;160;160;140;700
3452888;2024;NA;NA;;NA;;NA;NA;NA;1302603;Manaus;13;AM;1;1;1;1;412.5;482.5;472.5;467.5;1;1;100;120;60;80;100;460
3594176;2024;NA;NA;;NA;;NA;NA;NA;4322608;Venâncio Aires;43;RS;0;0;0;0;NA;NA;NA;NA;1;NA;NA;NA;NA;NA;NA;NA
2704888;2024;35008886;3548708;São Bernardo do Campo;35;SP;2;1;1;3548708;São Bernardo do Campo;35;SP;1;1;1;1;383.2;478.5;505.8;492;1;1;120;160;120;120;120;640
4085219;2024;NA;NA;;NA;;NA;NA;NA;5103403;Cuiabá;51;MT;0;0;0;0;NA;NA;NA;NA;0;NA;NA;NA;NA;NA;NA;NA
534864;2024;NA;NA;;NA;;NA;NA;NA;2927408;Salvador;29;BA;1;1;1;1;483.9;338.4;574;424.3;0;1;120;160;120;160;180;740
2198193;2024;NA;NA;;NA;;NA;NA;NA;2105104;Icatu;21;MA;1;1;1;1;483.5;536.1;451.5;512.2;0;1;160;200;160;200;200;920
2290455;2024;NA;NA;;NA;;NA;NA;NA;3501608;Americana;35;SP;1;1;1;1;640.4;640.1;592.8;673.2;0;1;160;200;160;180;200;900
1459088;2024;NA;NA;;NA;;NA;NA;NA;2408102;Natal;24;RN;1;1;1;1;676.1;747.6;681.7;841;0;1;160;180;160;200;200;900
2970067;2024;23259493;2303006;Caridade;23;CE;2;1;1;2302800;Canindé;23;CE;1;1;1;1;454.1;553;557.4;582.7;1;1;160;180;180;200;200;920
1961160;2024;35165086;3512803;Cosmópolis;35;SP;4;1;1;3503802;Artur Nogueira;35;SP;1;1;1;1;580.8;637.1;645.4;625;0;1;160;200;180;160;180;880
4313179;2024;NA;NA;;NA;;NA;NA;NA;3515004;Embu das Artes;35;SP;1;1;1;1;494;568.8;537.7;440;0;1;80;160;120;120;120;600
2725430;2024;60024698;4207700;Ipumirim;42;SC;2;2;1;4219507;Xanxerê;42;SC;1;1;1;1;380;401.5;515.7;500.9;1;1;100;120;100;120;100;540
1014653;2024;NA;NA;;NA;;NA;NA;NA;5211503;Itumbiara;52;GO;0;0;0;0;NA;NA;NA;NA;1;NA;NA;NA;NA;NA;NA;NA
1298242;2024;NA;NA;;NA;;NA;NA;NA;2613602;São José do Egito;26;PE;1;1;1;1;533.1;484.5;580.4;585.4;1;1;160;200;180;200;160;900
1149576;2024;32035004;3201308;Cariacica;32;ES;2;1;1;3201308;Cariacica;32;ES;1;1;1;1;582;625.2;620.9;657.6;0;1;120;180;140;180;140;760
3110934;2024;NA;NA;;NA;;NA;NA;NA;3503802;Artur Nogueira;35;SP;1;0;0;1;536.1;NA;NA;614.8;0;NA;NA;NA;NA;NA;NA;NA
3936635;2024;NA;NA;;NA;;NA;NA;NA;3538709;Piracicaba;35;SP;0;0;0;0;NA;NA;NA;NA;0;NA;NA;NA;NA;NA;NA;NA
2291048;2024;NA;NA;;NA;;NA;NA;NA;2312908;Sobral;23;CE;1;1;1;1;571.8;549;563.3;543.2;0;1;120;200;120;120;100;660
1994795;2024;NA;NA;;NA;;NA;NA;NA;2304202;Crato;23;CE;1;1;1;1;693.2;678.1;617.3;781.8;0;1;160;180;160;180;140;820
2481125;2024;NA;NA;;NA;;NA;NA;NA;2709301;União dos Palmares;27;AL;0;0;0;0;NA;NA;NA;NA;1;NA;NA;NA;NA;NA;NA;NA
4235441;2024;NA;NA;;NA;;NA;NA;NA;4301008;Arroio do Meio;43;RS;1;1;1;1;611.9;602.4;579;609.4;0;1;160;200;180;200;200;940
3684692;2024;33031363;3304201;Resende;33;RJ;4;1;1;3304201;Resende;33;RJ;1;1;1;1;568.2;630.9;574.1;617.5;0;1;140;140;120;180;160;740
2654649;2024;NA;NA;;NA;;NA;NA;NA;5103403;Cuiabá;51;MT;1;1;1;1;656.8;627.7;616.1;668.6;1;1;160;180;160;200;160;860
3529310;2024;NA;NA;;NA;;NA;NA;NA;5201108;Anápolis;52;GO;1;1;1;1;532.5;534.1;480.5;459.9;0;1;120;200;160;200;160;840
2154558;2024;NA;NA;;NA;;NA;NA;NA;1302603;Manaus;13;AM;1;1;1;1;487.1;439;458.4;403.1;0;3;0;0;0;0;0;0
438416;2024;35393400;3550308;São Paulo;35;SP;2;1;1;3550308;São Paulo;35;SP;1;1;1;1;452.5;502.3;549.9;612.4;0;1;140;160;140;160;160;760
1785217;2024;23074159;2304400;Fortaleza;23;CE;2;1;1;2304400;Fortaleza;23;CE;1;1;1;1;590.2;569.8;570.5;576.5;1;1;120;140;120;120;140;640
1454227;2024;35904831;3513405;Cruzeiro;35;SP;2;1;1;3513405;Cruzeiro;35;SP;1;1;1;1;537.9;489.5;489.5;386.2;0;1;100;140;100;60;0;400
774069;2024;35024797;3549409;São Joaquim da Barra;35;SP;2;1;1;3549409;São Joaquim da Barra;35;SP;1;1;1;1;545.5;570.6;593.2;621;0;1;160;180;160;180;200;880
3177086;2024;NA;NA;;NA;;NA;NA;NA;3515004;Embu das Artes;35;SP;1;1;1;1;467.6;531.3;546.4;493;1;1;120;180;100;100;40;540
1273545;2024;35027443;3525706;José Bonifácio;35;SP;2;1;1;3525706;José Bonifácio;35;SP;1;1;1;1;576.6;607.8;571.5;644.2;0;1;120;160;120;120;140;660
3554387;2024;13045938;1303502;Pauini;13;AM;2;1;1;1303502;Pauini;13;AM;0;0;0;0;NA;NA;NA;NA;1;NA;NA;NA;NA;NA;NA;NA
2607311;2024;35021520;3526704;Leme;35;SP;2;1;1;3526704;Leme;35;SP;0;0;0;0;NA;NA;NA;NA;1;NA;NA;NA;NA;NA;NA;NA
4154723;2024;NA;NA;;NA;;NA;NA;NA;2207801;Paulistana;22;PI;1;1;1;1;478.4;523.2;534.6;545.9;1;1;100;120;100;120;0;440
2458929;2024;NA;NA;;NA;;NA;NA;NA;3118601;Contagem;31;MG;1;1;1;1;643.3;658.8;641.6;707.1;0;1;160;200;160;160;200;880
2934838;2024;NA;NA;;NA;;NA;NA;NA;2303204;Caririaçu;23;CE;1;1;1;1;372.4;516.3;504.4;384.4;1;1;140;180;120;140;140;720
2310599;2024;NA;NA;;NA;;NA;NA;NA;4314902;Porto Alegre;43;RS;0;1;1;0;NA;410;577.1;NA;0;1;120;180;120;140;160;720
48319;2024;NA;NA;;NA;;NA;NA;NA;2302800;Canindé;23;CE;0;0;0;0;NA;NA;NA;NA;1;NA;NA;NA;NA;NA;NA;NA
3475001;2024;51046903;5107040;Primavera do Leste;51;MT;2;1;1;5107040;Primavera do Leste;51;MT;1;1;1;1;445.6;340.6;392.6;541.9;1;1;120;120;80;80;0;400
2085402;2024;NA;NA;;NA;;NA;NA;NA;2103000;Caxias;21;MA;1;1;1;1;592.3;647.3;557.1;700.3;1;1;100;120;140;120;140;620
1965600;2024;NA;NA;;NA;;NA;NA;NA;3550308;São Paulo;35;SP;0;2;2;0;NA;NA;NA;NA;1;NA;NA;NA;NA;NA;NA;NA
323703;2024;NA;NA;;NA;;NA;NA;NA;4315602;Rio Grande;43;RS;0;0;0;0;NA;NA;NA;NA;1;NA;NA;NA;NA;NA;NA;NA
377682;2024;NA;NA;;NA;;NA;NA;NA;1501204;Baião;15;PA;0;1;1;0;NA;357.3;344.4;NA;1;1;120;140;120;140;80;600
4051515;2024;NA;NA;;NA;;NA;NA;NA;4314902;Porto Alegre;43;RS;1;1;1;1;390.6;426.3;496.8;400.2;1;6;0;0;0;0;0;0
3068190;2024;NA;NA;;NA;;NA;NA;NA;3550308;São Paulo;35;SP;1;1;1;1;490.3;487.3;473.8;483.1;0;1;120;160;120;120;160;680
3800202;2024;NA;NA;;NA;;NA;NA;NA;2607901;Jaboatão dos Guararapes;26;PE;0;0;0;0;NA;NA;NA;NA;0;NA;NA;NA;NA;NA;NA;NA
2989401;2024;50013904;5002100;Bela Vista;50;MS;2;1;1;5002100;Bela Vista;50;MS;1;1;1;1;434.4;503.8;598.6;558.4;1;1;160;200;160;140;160;820
598600;2024;25067141;2501906;Belém;25;PB;2;1;1;2501500;Bananeiras;25;PB;1;1;1;1;542.4;530;522.5;387;0;1;140;200;180;180;180;880
1630267;2024;35040034;3518602;Guariba;35;SP;2;1;1;3524303;Jaboticabal;35;SP;1;1;1;1;419.9;396.5;493.2;427.1;1;1;120;160;120;80;40;520
1174254;2024;35364435;3550308;São Paulo;35;SP;4;1;1;3550308;São Paulo;35;SP;0;0;0;0;NA;NA;NA;NA;1;NA;NA;NA;NA;NA;NA;NA
2089267;2024;NA;NA;;NA;;NA;NA;NA;3525300;Jaú;35;SP;0;0;0;0;NA;NA;NA;NA;1;NA;NA;NA;NA;NA;NA;NA
2787825;2024;52103137;5208707;Goiânia;52;GO;4;1;1;5208707;Goiânia;52;GO;1;1;1;1;534;528.6;560.2;625;0;1;160;120;120;140;160;700
1413433;2024;35018569;3509502;Campinas;35;SP;2;1;1;3509502;Campinas;35;SP;1;1;1;1;527.3;648.5;544.7;671.9;0;1;100;120;100;120;180;620
2978093;2024;NA;NA;;NA;;NA;NA;NA;3550308;São Paulo;35;SP;1;1;1;1;607.9;609.8;573.1;705;0;1;120;120;120;120;140;620
1916062;2024;NA;NA;;NA;;NA;NA;NA;2111300;São Luís;21;MA;1;1;1;1;494.5;384.4;481.1;426.6;0;1;120;140;140;140;140;680
1899895;2024;NA;NA;;NA;;NA;NA;NA;2512101;Pombal;25;PB;1;1;1;1;481.6;519.9;522.1;638.5;0;1;100;160;140;120;120;640
2634368;2024;NA;NA;;NA;;NA;NA;NA;3303203;Nilópolis;33;RJ;1;1;1;1;406;451;520;543.3;1;1;160;200;200;180;200;940
2678663;2024;41086201;4108403;Francisco Beltrão;41;PR;2;1;1;4108403;Francisco Beltrão;41;PR;1;1;1;1;406.3;415;547.6;383.1;1;1;120;160;120;120;120;640
695485;2024;NA;NA;;NA;;NA;NA;NA;3550308;São Paulo;35;SP;0;0;0;0;NA;NA;NA;NA;0;NA;NA;NA;NA;NA;NA;NA
719699;2024;NA;NA;;NA;;NA;NA;NA;3303500;Nova Iguaçu;33;RJ;0;0;0;0;NA;NA;NA;NA;0;NA;NA;NA;NA;NA;NA;NA
548558;2024;NA;NA;;NA;;NA;NA;NA;2802809;Indiaroba;28;SE;0;0;0;0;NA;NA;NA;NA;1;NA;NA;NA;NA;NA;NA;NA
3163234;2024;43093892;4313508;Osório;43;RS;2;1;1;4313508;Osório;43;RS;1;1;1;1;385.3;374.4;525;423.5;1;1;120;180;120;120;100;640
2585203;2024;23062738;2303709;Caucaia;23;CE;2;1;1;2303709;Caucaia;23;CE;0;1;1;0;NA;414.7;479.8;NA;0;4;0;0;0;0;0;0
1999516;2024;NA;NA;;NA;;NA;NA;NA;2210508;São Pedro do Piauí;22;PI;1;1;1;1;417.8;391.9;478.3;383.1;0;1;100;100;80;120;0;400
3502931;2024;13005081;1300607;Benjamin Constant;13;AM;2;1;1;1300607;Benjamin Constant;13;AM;0;0;0;0;NA;NA;NA;NA;1;NA;NA;NA;NA;NA;NA;NA
1200595;2024;NA;NA;;NA;;NA;NA;NA;3118601;Contagem;31;MG;0;1;1;0;NA;561.7;564.6;NA;1;1;100;120;100;100;20;440
483134;2024;25094130;2507507;João Pessoa;25;PB;2;1;1;2507507;João Pessoa;25;PB;1;1;1;1;451.2;379.5;490;465.8;1;1;120;80;80;80;0;360
264349;2024;NA;NA;;NA;;NA;NA;NA;1505536;Parauapebas;15;PA;1;1;1;1;504.3;518.7;553.5;584;0;1;160;200;180;180;200;920
3590776;2024;31294471;3136702;Juiz de Fora;31;MG;1;1;1;3136702;Juiz de Fora;31;MG;1;1;1;1;559.1;681;614;700.6;0;1;120;180;140;160;160;760
1338955;2024;25017934;2516201;Sousa;25;PB;4;1;1;2516201;Sousa;25;PB;1;1;1;1;626;593.7;520.2;770.4;0;1;120;180;120;160;160;740
102596;2024;35031297;3547106;Santa Mercedes;35;SP;2;1;1;3514403;Dracena;35;SP;1;1;1;1;388.9;418.7;486.4;578.5;1;1;120;200;120;100;60;600
3612818;2024;35154404;3548500;Santos;35;SP;4;1;1;3518701;Guarujá;35;SP;1;1;1;1;622.1;604.1;590.6;705.1;0;1;160;200;180;180;200;920
4322041;2024;NA;NA;;NA;;NA;NA;NA;4316907;Santa Maria;43;RS;0;0;0;0;NA;NA;NA;NA;1;NA;NA;NA;NA;NA;NA;NA
2464439;2024;NA;NA;;NA;;NA;NA;NA;3300407;Barra Mansa;33;RJ;0;0;0;0;NA;NA;NA;NA;1;NA;NA;NA;NA;NA;NA;NA
2486111;2024;29050910;2910859;Filadélfia;29;BA;2;1;1;2930105;Senhor do Bonfim;29;BA;0;0;0;0;NA;NA;NA;NA;1;NA;NA;NA;NA;NA;NA;NA
1149927;2024;15113388;1503804;Jacundá;15;PA;2;1;1;1503804;Jacundá;15;PA;0;1;1;0;NA;413.4;449.4;NA;1;6;0;0;0;0;0;0
1579091;2024;23180226;2303709;Caucaia;23;CE;2;1;1;2303709;Caucaia;23;CE;1;1;1;1;440.1;422.2;508.3;402.4;1;1;100;120;100;120;0;440
2219832;2024;33071926;3304557;Rio de Janeiro;33;RJ;4;1;1;3304557;Rio de Janeiro;33;RJ;1;1;1;1;587.9;580.2;592.7;440.4;0;1;140;160;140;180;180;800
1557906;2024;NA;NA;;NA;;NA;NA;NA;2309300;Nova Russas;23;CE;1;1;1;1;396.9;443.4;312.3;484.6;1;1;80;120;40;100;0;340
1614932;2024;29191378;2927408;Salvador;29;BA;2;1;1;2927408;Salvador;29;BA;0;1;1;0;NA;443.2;510.4;NA;0;4;0;0;0;0;0;0
2867471;2024;24045535;2405306;Januário Cicco;24;RN;2;1;1;2411502;Santo Antônio;24;RN;0;0;0;0;NA;NA;NA;NA;1;NA;NA;NA;NA;NA;NA;NA
819750;2024;NA;NA;;NA;;NA;NA;NA;3550308;São Paulo;35;SP;1;1;1;1;463;486.4;585.6;437.1;1;1;120;180;140;120;100;660
844403;2024;22256725;2211001;Teresina;22;PI;2;1;1;2211001;Teresina;22;PI;1;1;1;1;467.4;612.6;629.8;651.6;1;1;160;200;160;200;200;920
2362688;2024;NA;NA;;NA;;NA;NA;NA;3303302;Niterói;33;RJ;0;0;0;0;NA;NA;NA;NA;0;NA;NA;NA;NA;NA;NA;NA
3684730;2024;NA;NA;;NA;;NA;NA;NA;3557105;Votuporanga;35;SP;1;1;1;1;589.9;675.4;645.1;644.1;0;1;140;80;120;100;0;440
4177115;2024;NA;NA;;NA;;NA;NA;NA;3304557;Rio de Janeiro;33;RJ;0;0;0;0;NA;NA;NA;NA;0;NA;NA;NA;NA;NA;NA;NA
1121325;2024;32063199;3205309;Vitória;32;ES;2;1;1;3205309;Vitória;32;ES;1;1;1;1;444.4;540.5;549.6;571.6;0;1;100;160;100;120;120;600
3820510;2024;NA;NA;;NA;;NA;NA;NA;3304557;Rio de Janeiro;33;RJ;1;1;1;1;613.7;572.3;594;775.7;0;1;160;200;160;200;200;920
1272373;2024;NA;NA;;NA;;NA;NA;NA;2611804;Ribeirão;26;PE;1;1;1;1;563.9;597.6;611.6;495.9;0;1;140;200;140;180;180;840
1819870;2024;NA;NA;;NA;;NA;NA;NA;3170206;Uberlândia;31;MG;1;1;1;1;461.9;366.9;466.7;430.5;1;1;120;160;120;120;120;640
2858102;2024;41029712;4113700;Londrina;41;PR;2;1;1;4113700;Londrina;41;PR;1;1;1;1;574.6;516.3;531;558.1;0;4;0;0;0;0;0;0
1821643;2024;NA;NA;;NA;;NA;NA;NA;2927408;Salvador;29;BA;0;0;0;0;NA;NA;NA;NA;1;NA;NA;NA;NA;NA;NA;NA
493376;2024;NA;NA;;NA;;NA;NA;NA;2611002;Petrolândia;26;PE;1;1;1;1;499.8;515.5;492.4;466.8;0;1;120;120;100;120;140;600
4013390;2024;NA;NA;;NA;;NA;NA;NA;3127701;Governador Valadares;31;MG;0;0;0;0;NA;NA;NA;NA;0;NA;NA;NA;NA;NA;NA;NA
2179722;2024;29129435;2916500;Itapicuru;29;BA;2;1;1;2807402;Tobias Barreto;28;SE;1;1;1;1;359.7;389.3;401.3;449.9;1;1;120;160;120;120;80;600
1664932;2024;41028066;4115754;Mauá da Serra;41;PR;2;1;1;4115754;Mauá da Serra;41;PR;1;1;1;1;412.7;451.7;507.8;400.2;1;1;120;140;120;120;100;600
2061743;2024;NA;NA;;NA;;NA;NA;NA;1501402;Belém;15;PA;1;1;1;1;417.9;514.3;516.4;381.2;0;1;140;160;160;200;140;800
1334472;2024;NA;NA;;NA;;NA;NA;NA;3135209;Januária;31;MG;0;0;0;0;NA;NA;NA;NA;1;NA;NA;NA;NA;NA;NA;NA
1559040;2024;NA;NA;;NA;;NA;NA;NA;3518800;Guarulhos;35;SP;1;1;1;1;484.8;502.2;591.8;578.3;0;1;120;140;100;120;120;600
490035;2024;29178231;2919207;Lauro de Freitas;29;BA;2;1;1;2919207;Lauro de Freitas;29;BA;1;1;1;1;439.8;461.5;517.9;474.8;1;1;80;160;80;100;160;580
135539;2024;22026037;2211001;Teresina;22;PI;4;1;1;2211001;Teresina;22;PI;1;1;1;1;534.4;624.1;566.4;645;1;1;120;200;140;180;200;840
2930762;2024;NA;NA;;NA;;NA;NA;NA;3547809;Santo André;35;SP;0;0;0;0;NA;NA;NA;NA;0;NA;NA;NA;NA;NA;NA;NA
1824551;2024;42024501;4206900;Ibirama;42;SC;2;1;1;4214805;Rio do Sul;42;SC;0;0;0;0;NA;NA;NA;NA;0;NA;NA;NA;NA;NA;NA;NA
2681980;2024;NA;NA;;NA;;NA;NA;NA;2611101;Petrolina;26;PE;0;0;0;0;NA;NA;NA;NA;1;NA;NA;NA;NA;NA;NA;NA
1259837;2024;NA;NA;;NA;;NA;NA;NA;4216602;São José;42;SC;1;1;1;1;552.6;555.3;570.1;518.4;0;1;120;120;80;120;120;560
1453018;2024;NA;NA;;NA;;NA;NA;NA;2103406;Coelho Neto;21;MA;1;1;1;1;409.5;377.6;441.9;442.4;1;1;80;120;100;60;100;460
2276520;2024;NA;NA;;NA;;NA;NA;NA;3304557;Rio de Janeiro;33;RJ;0;0;0;0;NA;NA;NA;NA;0;NA;NA;NA;NA;NA;NA;NA
1987862;2024;NA;NA;;NA;;NA;NA;NA;3106200;Belo Horizonte;31;MG;1;1;1;1;533.8;535.2;576.7;596.8;0;1;120;140;120;100;40;520
4023275;2024;NA;NA;;NA;;NA;NA;NA;2611606;Recife;26;PE;1;1;1;1;441.9;565.4;530.2;648.8;1;1;160;200;180;200;180;920
3010242;2024;NA;NA;;NA;;NA;NA;NA;5220454;Senador Canedo;52;GO;1;1;1;1;455.9;518.2;521.2;396.6;1;1;100;160;80;100;160;600
4004505;2024;NA;NA;;NA;;NA;NA;NA;3304557;Rio de Janeiro;33;RJ;0;0;0;0;NA;NA;NA;NA;1;NA;NA;NA;NA;NA;NA;NA
1664991;2024;35004704;3550308;São Paulo;35;SP;2;1;1;3550308;São Paulo;35;SP;1;1;1;1;514.7;609;575.8;523.4;0;1;120;160;120;120;120;640
3705209;2024;NA;NA;;NA;;NA;NA;NA;3304557;Rio de Janeiro;33;RJ;0;0;0;0;NA;NA;NA;NA;0;NA;NA;NA;NA;NA;NA;NA
1707535;2024;NA;NA;;NA;;NA;NA;NA;5208905;Goiás;52;GO;1;1;1;1;552.2;453.4;495.2;411.8;0;1;60;80;60;60;0;260
3403146;2024;NA;NA;;NA;;NA;NA;NA;2105401;Itapecuru Mirim;21;MA;1;1;1;1;400.9;0;353.9;395.5;0;4;0;0;0;0;0;0
3114094;2024;NA;NA;;NA;;NA;NA;NA;5208707;Goiânia;52;GO;1;1;1;1;401.2;372.5;465;435.6;1;1;100;120;80;80;0;380
186136;2024;NA;NA;;NA;;NA;NA;NA;1501402;Belém;15;PA;1;1;1;1;399.2;516.2;573.4;414.7;0;1;120;180;160;140;160;760
2505115;2024;NA;NA;;NA;;NA;NA;NA;2613602;São José do Egito;26;PE;1;1;1;1;432.7;377.5;454.5;458.4;1;6;0;0;0;0;0;0
726224;2024;25093878;2507507;João Pessoa;25;PB;2;1;1;2507507;João Pessoa;25;PB;1;1;1;1;543.1;561;573.5;432.9;0;1;120;140;120;160;180;720
3682694;2024;33096694;3301702;Duque de Caxias;33;RJ;2;1;1;3301702;Duque de Caxias;33;RJ;0;0;0;0;NA;NA;NA;NA;1;NA;NA;NA;NA;NA;NA;NA
4071501;2024;NA;NA;;NA;;NA;NA;NA;1302603;Manaus;13;AM;0;0;0;0;NA;NA;NA;NA;0;NA;NA;NA;NA;NA;NA;NA
2583170;2024;NA;NA;;NA;;NA;NA;NA;1500909;Augusto Corrêa;15;PA;1;1;1;1;462.3;404.5;387.7;409.7;1;1;120;120;100;120;80;540
3143491;2024;NA;NA;;NA;;NA;NA;NA;3300100;Angra dos Reis;33;RJ;1;1;1;1;385.6;447.4;534.3;534.8;0;1;160;180;160;200;140;840
250202;2024;NA;NA;;NA;;NA;NA;NA;2802908;Itabaiana;28;SE;1;1;1;1;430;515.9;478.8;434.1;0;1;60;120;80;80;80;420
955329;2024;NA;NA;;NA;;NA;NA;NA;2704302;Maceió;27;AL;1;1;1;1;439.8;461.1;546.5;646.1;0;1;120;160;140;120;120;660
3124385;2024;25083597;2501302;Aroeiras;25;PB;2;1;1;2501302;Aroeiras;25;PB;0;0;0;0;NA;NA;NA;NA;1;NA;NA;NA;NA;NA;NA;NA
2927211;2024;NA;NA;;NA;;NA;NA;NA;2614501;Surubim;26;PE;0;0;0;0;NA;NA;NA;NA;1;NA;NA;NA;NA;NA;NA;NA
1374523;2024;NA;NA;;NA;;NA;NA;NA;3304524;Rio das Ostras;33;RJ;1;1;1;1;480.8;583;546.6;468.7;1;1;120;120;120;120;100;580
4030608;2024;28021045;2806701;São Cristóvão;28;SE;2;1;1;2806701;São Cristóvão;28;SE;1;1;1;1;475.3;363.6;361.9;466.3;1;1;100;120;120;120;100;560
887825;2024;NA;NA;;NA;;NA;NA;NA;1400100;Boa Vista;14;RR;1;1;1;1;498.9;541.4;542.1;443.7;0;1;120;160;120;120;120;640
1472344;2024;26063280;2614709;Tacaimbó;26;PE;2;1;1;2601706;Belo Jardim;26;PE;1;1;1;1;378.4;463.7;368.1;463.3;1;1;140;180;160;180;160;820
1367041;2024;NA;NA;;NA;;NA;NA;NA;2927408;Salvador;29;BA;1;1;1;1;538.7;366;568.7;618.1;1;1;100;120;80;140;20;460
3384026;2024;35113967;3540705;Porto Ferreira;35;SP;4;1;1;3540705;Porto Ferreira;35;SP;1;1;1;1;597.5;602.8;608.3;606.9;0;1;120;140;120;120;80;580
1537376;2024;29291119;2932903;Valença;29;BA;1;1;1;2932903;Valença;29;BA;1;1;1;1;573;547.5;588.2;510.2;0;1;100;40;40;100;40;320
864653;2024;NA;NA;;NA;;NA;NA;NA;2921708;Morro do Chapéu;29;BA;1;1;1;1;400.2;341.6;419.9;418.9;1;1;100;120;100;120;100;540
2530126;2024;NA;NA;;NA;;NA;NA;NA;2600054;Abreu e Lima;26;PE;1;1;1;1;419.9;362.6;523.1;482.4;1;1;140;160;120;180;200;800
3280495;2024;NA;NA;;NA;;NA;NA;NA;2933307;Vitória da Conquista;29;BA;1;1;1;1;462.7;526.8;499.1;513.3;0;1;140;120;120;160;200;740
4274872;2024;NA;NA;;NA;;NA;NA;NA;1500800;Ananindeua;15;PA;0;0;0;0;NA;NA;NA;NA;0;NA;NA;NA;NA;NA;NA;NA
388777;2024;35165943;3538709;Piracicaba;35;SP;4;1;1;3538709;Piracicaba;35;SP;1;1;1;1;530.1;666.1;634.8;662.7;0;1;140;200;160;140;200;840
549312;2024;15567648;1500800;Ananindeua;15;PA;4;1;1;1500800;Ananindeua;15;PA;1;1;1;1;585.2;571.4;593.5;451.1;0;1;160;200;200;180;200;940
3718449;2024;23162406;2304202;Crato;23;CE;2;1;1;2304202;Crato;23;CE;0;1;1;0;NA;423.2;560.4;NA;1;1;120;120;80;120;0;440
3898321;2024;NA;NA;;NA;;NA;NA;NA;2927408;Salvador;29;BA;1;1;1;1;572;618.6;529.8;669.6;0;1;120;140;120;160;120;660
3434058;2024;NA;NA;;NA;;NA;NA;NA;3548500;Santos;35;SP;1;1;1;1;480.5;622.8;555.9;464.6;0;1;120;160;120;120;140;660
1310554;2024;NA;NA;;NA;;NA;NA;NA;2704302;Maceió;27;AL;1;1;1;1;617.8;629.6;612.9;687.5;0;1;120;180;140;160;200;800
3905325;2024;33022267;3303401;Nova Friburgo;33;RJ;4;1;1;3303401;Nova Friburgo;33;RJ;1;1;1;1;574.5;547.6;478.4;655;0;1;100;160;140;120;120;640
3725861;2024;NA;NA;;NA;;NA;NA;NA;2910800;Feira de Santana;29;BA;0;1;1;0;NA;371.3;379.3;NA;0;1;120;140;120;120;80;580
1331662;2024;42090601;4213609;Porto União;42;SC;4;1;1;4213609;Porto União;42;SC;1;1;1;1;619.1;641.2;632.6;778.1;1;1;160;200;200;200;180;940
2514305;2024;NA;NA;;NA;;NA;NA;NA;2923803;Paripiranga;29;BA;1;1;1;1;378.3;492.6;525.1;398.3;1;1;120;140;100;120;120;600
3920435;2024;NA;NA;;NA;;NA;NA;NA;4203204;Camboriú;42;SC;0;0;0;0;NA;NA;NA;NA;0;NA;NA;NA;NA;NA;NA;NA
2460797;2024;NA;NA;;NA;;NA;NA;NA;1500404;Alenquer;15;PA;1;1;1;1;477;396;408.3;422.5;1;1;100;120;80;100;60;460
4241361;2024;29115604;2906808;Cansanção;29;BA;2;1;1;2906808;Cansanção;29;BA;0;0;0;0;NA;NA;NA;NA;0;NA;NA;NA;NA;NA;NA;NA
489835;2024;NA;NA;;NA;;NA;NA;NA;2111102;São João dos Patos;21;MA;0;0;0;0;NA;NA;NA;NA;0;NA;NA;NA;NA;NA;NA;NA
4090812;2024;41024044;4115200;Maringá;41;PR;2;1;1;4115200;Maringá;41;PR;1;1;1;1;604.8;481.9;615.1;444.6;0;1;120;140;120;120;80;580
2743617;2024;NA;NA;;NA;;NA;NA;NA;3304557;Rio de Janeiro;33;RJ;1;1;1;1;650.5;590.7;588.6;714.9;0;1;140;200;180;180;180;880
1047794;2024;35444091;3505708;Barueri;35;SP;3;1;1;3505708;Barueri;35;SP;1;1;1;1;595.3;602.7;595.9;675.1;0;1;120;160;100;120;140;640
4324595;2024;43085598;4311809;Marau;43;RS;2;1;1;4311809;Marau;43;RS;0;0;0;0;NA;NA;NA;NA;1;NA;NA;NA;NA;NA;NA;NA
2230569;2024;NA;NA;;NA;;NA;NA;NA;3550308;São Paulo;35;SP;1;1;1;1;366.8;493.3;484.6;458.9;0;1;120;180;160;160;140;760
417462;2024;NA;NA;;NA;;NA;NA;NA;3171303;Viçosa;31;MG;0;0;0;0;NA;NA;NA;NA;1;NA;NA;NA;NA;NA;NA;NA
7999;2024;35015568;3508009;Buri;35;SP;2;1;1;3522406;Itapeva;35;SP;1;1;1;1;425.9;383.2;479.5;416.7;1;1;120;40;40;120;20;340
524832;2024;23040297;2310209;Paracuru;23;CE;2;1;1;2310209;Paracuru;23;CE;1;1;1;1;380.7;496.6;536.6;416.3;1;1;120;120;120;120;40;520
2230459;2024;33026360;3300209;Araruama;33;RJ;4;1;1;3300209;Araruama;33;RJ;1;1;1;1;541.2;616.3;567.1;704.2;1;1;160;160;120;160;160;760
3568674;2024;NA;NA;;NA;;NA;NA;NA;1501402;Belém;15;PA;1;1;1;1;456.3;559.1;529.6;394.8;0;1;100;120;100;120;40;480
167905;2024;21031509;2105005;Humberto de Campos;21;MA;2;1;1;2105005;Humberto de Campos;21;MA;1;1;1;1;413.5;529;500.8;402.6;0;1;120;180;140;140;140;720
3134784;2024;NA;NA;;NA;;NA;NA;NA;2927408;Salvador;29;BA;0;0;0;0;NA;NA;NA;NA;1;NA;NA;NA;NA;NA;NA;NA
4022753;2024;NA;NA;;NA;;NA;NA;NA;3169406;Três Pontas;31;MG;1;1;1;1;451;375.3;373.7;439;1;1;80;80;80;80;0;320
3135094;2024;35150198;3518800;Guarulhos;35;SP;4;1;1;3518800;Guarulhos;35;SP;1;1;1;1;524.8;580.4;556.5;479.3;0;1;160;180;180;200;200;920
2814945;2024;31082635;3162401;São João da Ponte;31;MG;2;1;1;3138658;Lontra;31;MG;0;0;0;0;NA;NA;NA;NA;1;NA;NA;NA;NA;NA;NA;NA
2561246;2024;NA;NA;;NA;;NA;NA;NA;3148103;Patrocínio;31;MG;1;1;1;1;421.5;525.5;499.9;508.7;0;1;140;200;120;160;180;800
3732405;2024;NA;NA;;NA;;NA;NA;NA;3105400;Barão de Cocais;31;MG;1;1;1;1;376.9;426.5;439.6;418.5;0;1;100;120;100;120;0;440
225129;2024;31032751;3116605;Cláudio;31;MG;2;1;1;3116605;Cláudio;31;MG;1;1;1;1;674.7;642.7;602.2;784.1;0;1;160;180;160;200;200;900
3181388;2024;NA;NA;;NA;;NA;NA;NA;3506003;Bauru;35;SP;1;1;1;1;490.6;521.2;563.8;553.4;0;1;140;120;120;140;140;660
700495;2024;NA;NA;;NA;;NA;NA;NA;2910800;Feira de Santana;29;BA;1;1;1;1;586.9;635.7;622;755.4;0;1;120;180;120;140;140;700
1644430;2024;15002853;1505304;Oriximiná;15;PA;2;1;1;1505304;Oriximiná;15;PA;1;1;1;1;450.6;389.8;372.7;391.3;1;1;100;120;100;120;100;540
1519680;2024;22027483;2211001;Teresina;22;PI;2;1;1;2211001;Teresina;22;PI;1;1;1;1;463.3;558.6;576.6;607.1;1;1;140;180;120;160;180;780
3932134;2024;NA;NA;;NA;;NA;NA;NA;1100122;Ji-Paraná;11;RO;1;1;1;1;445.7;462.8;399.6;405.9;0;1;80;160;100;120;140;600
2286192;2024;33010110;3301009;Campos dos Goytacazes;33;RJ;2;1;1;3301009;Campos dos Goytacazes;33;RJ;1;1;1;1;435.6;498.1;510;507;1;1;100;140;120;120;120;600
1254637;2024;29340535;2914604;Irecê;29;BA;4;1;1;2914604;Irecê;29;BA;1;1;1;1;383.3;562.8;569;429.8;1;1;120;140;120;120;140;640
598682;2024;NA;NA;;NA;;NA;NA;NA;3557006;Votorantim;35;SP;1;1;1;1;588.9;576.1;563.6;658.7;0;1;140;200;160;160;160;820
3942547;2024;52045110;5205802;Corumbá de Goiás;52;GO;2;1;1;5217302;Pirenópolis;52;GO;1;1;1;1;472.6;537.8;532.2;487;0;1;120;120;100;100;20;460
3493051;2024;13090259;1300680;Boa Vista do Ramos;13;AM;2;1;1;1300680;Boa Vista do Ramos;13;AM;0;0;0;0;NA;NA;NA;NA;1;NA;NA;NA;NA;NA;NA;NA
175532;2024;NA;NA;;NA;;NA;NA;NA;2111300;São Luís;21;MA;1;1;1;1;452;393.2;429.7;526.1;1;1;120;120;80;120;60;500
902848;2024;NA;NA;;NA;;NA;NA;NA;3304557;Rio de Janeiro;33;RJ;0;0;0;0;NA;NA;NA;NA;0;NA;NA;NA;NA;NA;NA;NA
1732129;2024;NA;NA;;NA;;NA;NA;NA;2608800;Lajedo;26;PE;0;0;0;0;NA;NA;NA;NA;1;NA;NA;NA;NA;NA;NA;NA
1926518;2024;35031082;3500105;Adamantina;35;SP;2;1;1;3500105;Adamantina;35;SP;0;1;1;0;NA;499.7;479.1;NA;1;1;120;180;120;120;120;660
1354186;2024;41133501;4106902;Curitiba;41;PR;4;1;1;4106902;Curitiba;41;PR;1;1;1;1;581.4;533.5;540.1;648;0;1;120;180;140;160;80;680
2986586;2024;35154842;3515509;Fernandópolis;35;SP;4;1;1;3515509;Fernandópolis;35;SP;1;1;1;1;390.3;347.4;443.1;578.7;0;1;100;120;100;120;20;460
3206901;2024;NA;NA;;NA;;NA;NA;NA;3304201;Resende;33;RJ;0;0;0;0;NA;NA;NA;NA;0;NA;NA;NA;NA;NA;NA;NA
1779703;2024;29387736;2910800;Feira de Santana;29;BA;2;1;1;2910800;Feira de Santana;29;BA;1;1;1;1;526.2;412.8;498.6;424.8;0;1;140;180;140;140;120;720
3481351;2024;43391079;4303509;Camaquã;43;RS;1;1;1;4303509;Camaquã;43;RS;1;1;1;1;573.1;646.2;578.8;639.6;0;1;120;180;120;140;160;720
312731;2024;NA;NA;;NA;;NA;NA;NA;1500107;Abaetetuba;15;PA;0;0;0;0;NA;NA;NA;NA;1;NA;NA;NA;NA;NA;NA;NA
3308713;2024;33444218;3306305;Volta Redonda;33;RJ;1;1;1;3306305;Volta Redonda;33;RJ;0;0;0;0;NA;NA;NA;NA;0;NA;NA;NA;NA;NA;NA;NA
1384409;2024;24328308;2409407;Pau dos Ferros;24;RN;1;1;1;2409407;Pau dos Ferros;24;RN;1;1;1;1;458.6;460.5;522.7;454.7;1;1;160;180;160;180;200;880
649061;2024;NA;NA;;NA;;NA;NA;NA;5208707;Goiânia;52;GO;1;1;1;1;537.6;547.6;586.5;584.4;0;1;140;160;160;140;160;760
3283032;2024;NA;NA;;NA;;NA;NA;NA;2516300;Sumé;25;PB;0;0;0;0;NA;NA;NA;NA;1;NA;NA;NA;NA;NA;NA;NA
1381947;2024;33136718;3303203;Nilópolis;33;RJ;1;1;1;3303203;Nilópolis;33;RJ;1;1;1;1;542.1;561;564.1;538;1;1;120;180;120;120;140;680
1786907;2024;42010160;4215455;Sangão;42;SC;2;1;1;4218707;Tubarão;42;SC;0;1;1;0;NA;361.1;481.7;NA;1;1;120;120;80;100;0;420
3952247;2024;NA;NA;;NA;;NA;NA;NA;1506807;Santarém;15;PA;0;1;1;0;NA;465.7;518.2;NA;1;1;120;180;120;160;140;720
2127278;2024;NA;NA;;NA;;NA;NA;NA;4323002;Viamão;43;RS;0;0;0;0;NA;NA;NA;NA;1;NA;NA;NA;NA;NA;NA;NA
1880128;2024;NA;NA;;NA;;NA;NA;NA;2305407;Icó;23;CE;1;1;1;1;451.7;447.5;464.7;408.8;1;1;80;120;100;100;120;520
3699598;2024;NA;NA;;NA;;NA;NA;NA;4118402;Paranavaí;41;PR;0;0;0;0;NA;NA;NA;NA;0;NA;NA;NA;NA;NA;NA;NA
2150269;2024;NA;NA;;NA;;NA;NA;NA;3304557;Rio de Janeiro;33;RJ;1;1;1;1;628.5;638.6;649;752;0;1;120;120;100;140;140;620
4181895;2024;NA;NA;;NA;;NA;NA;NA;1302603;Manaus;13;AM;0;1;1;0;NA;441.4;464;NA;0;6;0;0;0;0;0;0
2556273;2024;35042043;3548708;São Bernardo do Campo;35;SP;2;1;1;3548708;São Bernardo do Campo;35;SP;1;1;1;1;366.7;448.6;442.2;470.4;0;1;100;140;120;120;100;580
743599;2024;NA;NA;;NA;;NA;NA;NA;2111300;São Luís;21;MA;0;0;0;0;NA;NA;NA;NA;1;NA;NA;NA;NA;NA;NA;NA
420912;2024;NA;NA;;NA;;NA;NA;NA;2207900;Pedro II;22;PI;1;1;1;1;593.5;570.5;577.3;564.5;0;1;120;180;120;140;200;760
3981842;2024;NA;NA;;NA;;NA;NA;NA;4304606;Canoas;43;RS;1;1;1;1;470.2;406.9;487.8;392.5;1;1;100;120;60;120;120;520
192554;2024;NA;NA;;NA;;NA;NA;NA;3550308;São Paulo;35;SP;1;1;1;1;590.8;437.8;451.6;470.3;0;1;140;200;180;200;200;920
2954554;2024;NA;NA;;NA;;NA;NA;NA;2105302;Imperatriz;21;MA;1;1;1;1;626.6;679.2;623.4;701;1;1;160;200;160;160;140;820
1624510;2024;NA;NA;;NA;;NA;NA;NA;2211001;Teresina;22;PI;1;1;1;1;485.8;551.2;494.8;392.8;0;8;0;0;0;0;0;0
3512466;2024;31253413;3106200;Belo Horizonte;31;MG;2;1;1;3106200;Belo Horizonte;31;MG;1;1;1;1;514.8;428.1;515.3;420.9;0;1;140;120;120;140;160;680
203797;2024;35004157;3550308;São Paulo;35;SP;2;1;1;3550308;São Paulo;35;SP;1;1;1;1;476.7;512.1;524.4;481.4;0;1;100;160;120;120;0;500
2540064;2024;NA;NA;;NA;;NA;NA;NA;3304557;Rio de Janeiro;33;RJ;0;0;0;0;NA;NA;NA;NA;0;NA;NA;NA;NA;NA;NA;NA
3044478;2024;NA;NA;;NA;;NA;NA;NA;2903201;Barreiras;29;BA;1;1;1;1;448.3;556.9;579.6;724;1;1;100;180;120;100;140;640
2219213;2024;NA;NA;;NA;;NA;NA;NA;3520301;Iguape;35;SP;1;1;1;1;456.4;499.5;505.1;624;0;1;120;120;120;100;100;560
1110564;2024;35037692;3550308;São Paulo;35;SP;2;1;1;3516408;Franco da Rocha;35;SP;1;1;1;1;412.3;513.9;573.8;404.4;0;1;120;160;120;100;120;620
4030690;2024;NA;NA;;NA;;NA;NA;NA;4323002;Viamão;43;RS;1;1;1;1;528;572.1;567.9;474.1;1;1;100;140;120;120;0;480
3875451;2024;NA;NA;;NA;;NA;NA;NA;5300108;Brasília;53;DF;0;0;0;0;NA;NA;NA;NA;0;NA;NA;NA;NA;NA;NA;NA
4242199;2024;NA;NA;;NA;;NA;NA;NA;4208906;Jaraguá do Sul;42;SC;0;0;0;0;NA;NA;NA;NA;0;NA;NA;NA;NA;NA;NA;NA
549694;2024;35039895;3509502;Campinas;35;SP;2;1;1;3509502;Campinas;35;SP;0;0;0;0;NA;NA;NA;NA;0;NA;NA;NA;NA;NA;NA;NA
1406227;2024;NA;NA;;NA;;NA;NA;NA;2507507;João Pessoa;25;PB;1;1;1;1;411.7;465.3;459.6;468.8;1;1;40;80;40;40;0;200
3621007;2024;NA;NA;;NA;;NA;NA;NA;1302603;Manaus;13;AM;0;0;0;0;NA;NA;NA;NA;0;NA;NA;NA;NA;NA;NA;NA
3639154;2024;41071972;4104808;Cascavel;41;PR;2;1;1;4104808;Cascavel;41;PR;0;0;0;0;NA;NA;NA;NA;0;NA;NA;NA;NA;NA;NA;NA
3891547;2024;NA;NA;;NA;;NA;NA;NA;3550308;São Paulo;35;SP;0;0;0;0;NA;NA;NA;NA;0;NA;NA;NA;NA;NA;NA;NA
41530;2024;NA;NA;;NA;;NA;NA;NA;2918407;Juazeiro;29;BA;1;1;1;1;391.1;429.9;430.1;398.7;0;1;80;80;80;80;80;400
118375;2024;35045950;3526902;Limeira;35;SP;2;1;1;3501608;Americana;35;SP;1;1;1;1;538.1;600.9;588.8;635.4;0;1;140;180;160;160;180;820
81813;2024;NA;NA;;NA;;NA;NA;NA;3304557;Rio de Janeiro;33;RJ;1;1;1;1;652.5;711.1;647.6;803.5;0;1;160;180;180;200;200;920
3081329;2024;23258748;2304400;Fortaleza;23;CE;4;1;1;2304400;Fortaleza;23;CE;1;1;1;1;470;390;394.5;377.5;1;1;120;120;120;120;0;480
2887161;2024;NA;NA;;NA;;NA;NA;NA;2109908;Santa Inês;21;MA;0;1;1;0;NA;482.7;467.7;NA;0;1;80;100;80;80;0;340
1610816;2024;NA;NA;;NA;;NA;NA;NA;2909802;Cruz das Almas;29;BA;1;1;1;1;460.6;531.3;555.1;454.2;0;1;120;140;100;120;80;560
3447175;2024;29457491;2933307;Vitória da Conquista;29;BA;2;2;1;2933307;Vitória da Conquista;29;BA;0;0;0;0;NA;NA;NA;NA;1;NA;NA;NA;NA;NA;NA;NA
2061666;2024;NA;NA;;NA;;NA;NA;NA;4314902;Porto Alegre;43;RS;1;1;1;1;477.6;567.2;547.1;407.8;0;1;100;160;100;120;40;520
1530586;2024;NA;NA;;NA;;NA;NA;NA;2903201;Barreiras;29;BA;1;1;1;1;455;499;513.2;533.9;0;1;120;120;120;120;100;580
1430180;2024;NA;NA;;NA;;NA;NA;NA;2921708;Morro do Chapéu;29;BA;1;1;1;1;466.9;348;432.1;450.5;1;1;140;200;160;180;200;880
4022348;2024;NA;NA;;NA;;NA;NA;NA;3304557;Rio de Janeiro;33;RJ;1;1;1;1;623.6;593.5;590.8;605.9;1;1;160;200;160;180;160;860
22967;2024;NA;NA;;NA;;NA;NA;NA;4119608;Pitanga;41;PR;1;1;1;1;639.2;619.9;603.9;755.5;0;1;120;200;120;120;180;740
2511686;2024;NA;NA;;NA;;NA;NA;NA;4301602;Bagé;43;RS;0;0;0;0;NA;NA;NA;NA;1;NA;NA;NA;NA;NA;NA;NA
4013991;2024;NA;NA;;NA;;NA;NA;NA;4113700;Londrina;41;PR;1;1;1;1;447.9;547.3;566.2;618.3;0;1;160;160;120;140;140;720
3857356;2024;NA;NA;;NA;;NA;NA;NA;1506187;Rondon do Pará;15;PA;1;1;1;1;484;490.1;511.8;420.5;1;1;120;80;60;100;40;400
3093449;2024;41139976;4115705;Matinhos;41;PR;2;1;1;4115705;Matinhos;41;PR;1;1;1;1;403.7;384.5;437.3;375.3;1;1;60;80;40;80;0;260
72548;2024;28036069;2804805;Nossa Senhora do Socorro;28;SE;2;1;1;2800308;Aracaju;28;SE;1;1;1;1;500.1;542.7;507.2;519;1;8;0;0;0;0;0;0
3962420;2024;NA;NA;;NA;;NA;NA;NA;2311306;Quixadá;23;CE;1;1;1;1;521.8;505.7;541;565.2;0;1;120;120;100;120;140;600
1554142;2024;24058246;2408102;Natal;24;RN;2;1;1;2403251;Parnamirim;24;RN;1;1;1;1;433.9;488.1;516.5;516.8;1;1;120;180;120;140;120;680
3926175;2024;NA;NA;;NA;;NA;NA;NA;4108304;Foz do Iguaçu;41;PR;1;1;1;1;497.5;517.6;565.3;404;1;1;120;120;120;120;120;600
1692409;2024;NA;NA;;NA;;NA;NA;NA;3550308;São Paulo;35;SP;0;1;1;0;NA;377.7;531.3;NA;1;1;100;160;120;120;0;500
1540453;2024;53016378;5300108;Brasília;53;DF;2;1;1;5300108;Brasília;53;DF;1;1;1;1;455.4;469.5;506;495;0;1;140;140;120;120;40;560
2183592;2024;43143954;4319505;São Sebastião do Caí;43;RS;2;1;1;4318705;São Leopoldo;43;RS;1;1;1;1;531.5;501.3;561.4;382.9;1;1;140;160;140;160;160;760
683605;2024;NA;NA;;NA;;NA;NA;NA;3139607;Mantena;31;MG;1;1;1;1;548.6;586.7;555.6;615.8;0;1;100;180;120;120;160;680
284246;2024;NA;NA;;NA;;NA;NA;NA;2408904;Parelhas;24;RN;0;0;0;0;NA;NA;NA;NA;0;NA;NA;NA;NA;NA;NA;NA
4126049;2024;NA;NA;;NA;;NA;NA;NA;3550308;São Paulo;35;SP;1;1;1;1;451.4;503.1;525.1;421.3;1;1;100;120;80;100;60;460
2826518;2024;NA;NA;;NA;;NA;NA;NA;2609402;Moreno;26;PE;1;1;1;1;550.9;564.4;581.3;773.6;0;1;160;180;140;180;180;840
2314179;2024;NA;NA;;NA;;NA;NA;NA;2403103;Currais Novos;24;RN;1;1;1;1;451.8;504.3;526.1;389.8;1;1;80;120;80;120;100;500
1608082;2024;NA;NA;;NA;;NA;NA;NA;3530607;Mogi das Cruzes;35;SP;1;1;1;1;511.6;600.4;575.3;664.9;0;1;140;180;140;200;180;840
2302833;2024;33061670;3304144;Queimados;33;RJ;4;1;1;3304144;Queimados;33;RJ;1;1;1;1;581.4;632;564.7;649.1;0;1;160;180;160;200;200;900
341262;2024;35025045;3519600;Ibitinga;35;SP;2;1;1;3519600;Ibitinga;35;SP;1;1;1;1;598.8;604;536.6;564.5;0;1;140;200;160;200;200;900
1855409;2024;NA;NA;;NA;;NA;NA;NA;1400100;Boa Vista;14;RR;1;1;1;1;582;530;542.8;688;0;1;100;120;100;120;100;540
4239402;2024;NA;NA;;NA;;NA;NA;NA;3550308;São Paulo;35;SP;1;1;1;1;417.9;492.1;488.8;424.2;1;1;100;120;80;120;80;500
255174;2024;NA;NA;;NA;;NA;NA;NA;3554003;Tatuí;35;SP;1;1;1;1;578.7;608.2;675.3;672.2;0;1;120;160;120;120;0;520
1783599;2024;NA;NA;;NA;;NA;NA;NA;4105805;Colombo;41;PR;1;1;1;1;505.1;601.4;590.4;576.1;0;1;140;140;120;160;100;660
621583;2024;31196142;3118007;Congonhas;31;MG;4;1;1;3118007;Congonhas;31;MG;1;1;1;1;603.6;643.4;614.2;642.9;1;1;160;180;160;200;200;900
312263;2024;42011639;4204608;Criciúma;42;SC;2;1;1;4204608;Criciúma;42;SC;1;1;1;1;405.2;420.7;557.7;583.8;1;1;120;160;120;120;160;680
2802768;2024;16003128;1600303;Macapá;16;AP;4;1;1;1600303;Macapá;16;AP;1;1;1;1;412.3;505;614.8;442.5;0;1;160;200;160;160;200;880
283765;2024;25048350;2515203;São Sebastião do Umbuzeiro;25;PB;2;1;1;2509701;Monteiro;25;PB;1;1;1;1;501;491.3;538.3;527.9;0;1;140;160;120;160;140;720
3066511;2024;42038901;4210100;Mafra;42;SC;4;1;1;4210100;Mafra;42;SC;1;1;1;1;450;371.6;479.2;400.9;1;1;160;120;120;160;80;640
3779559;2024;NA;NA;;NA;;NA;NA;NA;1505502;Paragominas;15;PA;0;0;0;0;NA;NA;NA;NA;0;NA;NA;NA;NA;NA;NA;NA
104616;2024;42074150;4219309;Videira;42;SC;4;1;1;4219309;Videira;42;SC;1;1;1;1;549.8;534.6;459.7;616;0;1;120;200;120;120;80;640
2719233;2024;NA;NA;;NA;;NA;NA;NA;3550308;São Paulo;35;SP;1;1;1;1;528.3;596.2;597.5;615.3;0;1;120;160;120;120;120;640
2389575;2024;35022512;3553203;Taiúva;35;SP;2;1;1;3506102;Bebedouro;35;SP;0;0;0;0;NA;NA;NA;NA;1;NA;NA;NA;NA;NA;NA;NA
803923;2024;21159580;2103000;Caxias;21;MA;2;1;1;2103000;Caxias;21;MA;1;1;1;1;438.6;533.7;569.8;439.2;0;1;160;160;160;160;140;780
570432;2024;26132230;2606002;Garanhuns;26;PE;2;1;1;2606002;Garanhuns;26;PE;1;1;1;1;511.7;541.8;569.3;599.9;1;1;140;140;140;160;160;740
2335775;2024;NA;NA;;NA;;NA;NA;NA;3525706;José Bonifácio;35;SP;1;1;1;1;488.2;545.8;467.8;465.3;1;1;100;120;100;100;20;440
2176786;2024;31167339;3170206;Uberlândia;31;MG;2;1;1;3170206;Uberlândia;31;MG;1;1;1;1;574.8;556.2;478.6;621.5;0;1;120;200;160;160;160;800
969795;2024;NA;NA;;NA;;NA;NA;NA;3132404;Itajubá;31;MG;1;1;1;1;456;560.7;542.1;547;0;1;120;160;140;120;120;660
1519320;2024;28026667;2803500;Lagarto;28;SE;2;1;1;2803500;Lagarto;28;SE;1;1;1;1;375.5;350.8;409.3;388.4;1;1;80;80;80;100;80;420
987563;2024;NA;NA;;NA;;NA;NA;NA;3115300;Cataguases;31;MG;1;1;1;1;496.6;549.6;571.3;418.6;1;1;100;120;100;100;100;520
3246080;2024;NA;NA;;NA;;NA;NA;NA;1501709;Bragança;15;PA;1;1;1;1;408.2;494.1;549.3;407.1;1;1;120;200;140;180;200;840
66732;2024;NA;NA;;NA;;NA;NA;NA;4321204;Taquara;43;RS;1;1;1;1;529.2;595;551;564.6;1;1;140;160;120;180;120;720
917623;2024;NA;NA;;NA;;NA;NA;NA;1500107;Abaetetuba;15;PA;1;1;1;1;458.8;480.7;476.5;417.9;1;1;100;120;120;120;100;560
3121774;2024;31015121;3105608;Barbacena;31;MG;2;1;1;3105608;Barbacena;31;MG;1;1;1;1;502.9;343.8;425.8;605;0;1;140;140;120;120;140;660
2047343;2024;35438261;3513009;Cotia;35;SP;2;1;1;3513009;Cotia;35;SP;1;1;1;1;513.7;468;538.7;557.9;0;1;100;120;100;120;120;560
3528324;2024;NA;NA;;NA;;NA;NA;NA;3106200;Belo Horizonte;31;MG;0;0;0;0;NA;NA;NA;NA;1;NA;NA;NA;NA;NA;NA;NA
1755757;2024;15011380;1506807;Santarém;15;PA;2;1;1;1506807;Santarém;15;PA;1;1;1;1;461.7;383.5;383.4;395;0;1;120;120;120;120;120;600
3312606;2024;NA;NA;;NA;;NA;NA;NA;1501709;Bragança;15;PA;0;0;0;0;NA;NA;NA;NA;1;NA;NA;NA;NA;NA;NA;NA
2135386;2024;NA;NA;;NA;;NA;NA;NA;2914703;Itaberaba;29;BA;1;1;1;1;581.1;625.4;623.3;642.5;0;1;160;140;160;120;140;720
3243686;2024;32035527;3205002;Serra;32;ES;2;1;1;3205002;Serra;32;ES;1;1;1;1;494.9;499.3;542.2;379.1;0;1;120;140;120;100;100;580
2853927;2024;NA;NA;;NA;;NA;NA;NA;3152204;Porteirinha;31;MG;1;1;1;1;410.6;515.5;491;467.2;1;1;140;180;120;160;180;780
3512632;2024;33187789;3304557;Rio de Janeiro;33;RJ;4;1;1;3304557;Rio de Janeiro;33;RJ;1;1;1;1;520.9;479.9;497.7;605.3;0;1;80;160;100;100;40;480
2427874;2024;21199582;2111300;São Luís;21;MA;1;1;1;2111201;São José de Ribamar;21;MA;1;1;1;1;574.9;582.6;594.2;674.1;0;1;120;180;140;160;140;740
1279585;2024;23043660;2313807;Uruburetama;23;CE;2;1;1;2313807;Uruburetama;23;CE;0;0;0;0;NA;NA;NA;NA;0;NA;NA;NA;NA;NA;NA;NA
763814;2024;33021880;3303401;Nova Friburgo;33;RJ;2;1;1;3303401;Nova Friburgo;33;RJ;1;1;1;1;378.8;345.1;390.5;392.8;0;1;140;200;180;180;100;800
2560689;2024;60009130;2931350;Teixeira de Freitas;29;BA;4;1;1;2931350;Teixeira de Freitas;29;BA;1;1;1;1;410.8;432.9;482.2;442.5;1;1;120;160;120;180;120;700
3705029;2024;NA;NA;;NA;;NA;NA;NA;2910727;Eunápolis;29;BA;1;1;1;1;448.1;412.9;478.4;447.2;0;1;100;120;80;100;100;500
2700711;2024;NA;NA;;NA;;NA;NA;NA;2310704;Pentecoste;23;CE;0;0;0;0;NA;NA;NA;NA;1;NA;NA;NA;NA;NA;NA;NA
1970782;2024;52033457;5208707;Goiânia;52;GO;2;1;1;5208707;Goiânia;52;GO;0;0;0;0;NA;NA;NA;NA;0;NA;NA;NA;NA;NA;NA;NA
1113937;2024;NA;NA;;NA;;NA;NA;NA;2103208;Chapadinha;21;MA;0;1;1;0;NA;439.2;444.2;NA;0;1;80;120;80;120;0;400
4025474;2024;NA;NA;;NA;;NA;NA;NA;3534401;Osasco;35;SP;1;1;1;1;431.1;285.4;374.9;453.2;1;1;100;120;80;100;40;440
3858771;2024;35917102;3523107;Itaquaquecetuba;35;SP;2;1;1;3523107;Itaquaquecetuba;35;SP;1;1;1;1;565.4;587.8;559;464.3;0;1;120;140;100;120;140;620
3743148;2024;26126621;2611606;Recife;26;PE;2;1;1;2611606;Recife;26;PE;0;0;0;0;NA;NA;NA;NA;0;NA;NA;NA;NA;NA;NA;NA
887525;2024;17046270;1702109;Araguaína;17;TO;2;1;1;1702109;Araguaína;17;TO;1;1;1;1;523.5;484.5;528.4;630.3;1;1;160;200;180;160;200;900
3352518;2024;NA;NA;;NA;;NA;NA;NA;3171303;Viçosa;31;MG;1;1;1;1;486.4;580.2;538.3;581.3;0;1;180;180;180;200;200;940
3312821;2024;NA;NA;;NA;;NA;NA;NA;4106902;Curitiba;41;PR;1;1;1;1;648.5;654.2;643.5;681.5;0;1;140;120;120;120;100;600
4070885;2024;27215830;2706307;Palmeira dos Índios;27;AL;1;1;1;2706307;Palmeira dos Índios;27;AL;1;1;1;1;479.2;577.5;644.5;663.2;1;1;140;180;140;160;160;780
979333;2024;NA;NA;;NA;;NA;NA;NA;4318903;São Luiz Gonzaga;43;RS;0;0;0;0;NA;NA;NA;NA;1;NA;NA;NA;NA;NA;NA;NA
1400557;2024;NA;NA;;NA;;NA;NA;NA;2800308;Aracaju;28;SE;1;1;1;1;591.5;549.5;572;582.8;1;1;120;120;80;120;60;500
862390;2024;27036030;2704302;Maceió;27;AL;4;1;1;2704302;Maceió;27;AL;1;1;1;1;578.9;592.4;562.4;655.1;0;1;100;140;120;100;200;660
2559840;2024;NA;NA;;NA;;NA;NA;NA;1501402;Belém;15;PA;1;1;1;1;494.1;439.2;570.7;461.1;0;1;160;200;120;200;200;880
3863023;2024;NA;NA;;NA;;NA;NA;NA;3300456;Belford Roxo;33;RJ;0;0;0;0;NA;NA;NA;NA;1;NA;NA;NA;NA;NA;NA;NA
1629723;2024;27037053;2704302;Maceió;27;AL;2;1;1;2704302;Maceió;27;AL;1;1;1;1;502;462.8;493.4;435.5;0;4;0;0;0;0;0;0
3514667;2024;43038360;4304606;Canoas;43;RS;2;1;1;4304606;Canoas;43;RS;1;1;1;1;514.6;547.2;554;511.7;0;1;100;140;120;80;80;520
1344567;2024;NA;NA;;NA;;NA;NA;NA;3170107;Uberaba;31;MG;1;1;1;1;377.1;553;488.7;402.4;1;6;0;0;0;0;0;0
3131962;2024;NA;NA;;NA;;NA;NA;NA;2919553;Luís Eduardo Magalhães;29;BA;1;1;1;1;542.7;508.6;573.1;593.2;1;1;140;200;120;160;160;780
3237081;2024;NA;NA;;NA;;NA;NA;NA;1501501;Benevides;15;PA;1;1;1;1;402;528.8;500;488.2;0;1;120;120;120;120;120;600
2028361;2024;42153379;4216206;São Francisco do Sul;42;SC;4;1;1;4216206;São Francisco do Sul;42;SC;0;0;0;0;NA;NA;NA;NA;1;NA;NA;NA;NA;NA;NA;NA
625493;2024;NA;NA;;NA;;NA;NA;NA;2512705;Remígio;25;PB;0;0;0;0;NA;NA;NA;NA;0;NA;NA;NA;NA;NA;NA;NA
1626868;2024;43000304;4314407;Pelotas;43;RS;2;1;1;4301305;Arroio Grande;43;RS;1;1;1;1;569.6;615.3;567.7;758.7;0;1;180;200;160;180;200;920
1638396;2024;NA;NA;;NA;;NA;NA;NA;2700300;Arapiraca;27;AL;0;0;0;0;NA;NA;NA;NA;1;NA;NA;NA;NA;NA;NA;NA
2735381;2024;35923047;3550308;São Paulo;35;SP;2;1;1;3550308;São Paulo;35;SP;1;1;1;1;561.7;576;542.6;537.3;0;1;120;120;120;120;120;600
3648954;2024;NA;NA;;NA;;NA;NA;NA;2902609;Baixa Grande;29;BA;1;1;1;1;448.7;492.5;487.7;441.3;1;1;120;180;100;120;140;660
1284726;2024;17001005;1702554;Augustinópolis;17;TO;2;1;1;1702554;Augustinópolis;17;TO;0;0;0;0;NA;NA;NA;NA;1;NA;NA;NA;NA;NA;NA;NA
189325;2024;NA;NA;;NA;;NA;NA;NA;3304557;Rio de Janeiro;33;RJ;1;1;1;1;439.1;540.9;528.7;564.8;0;1;120;100;100;120;0;440
1542580;2024;35456470;3548906;São Carlos;35;SP;1;1;1;3548906;São Carlos;35;SP;1;1;1;1;617;670.7;634.5;745.6;0;1;160;200;160;180;160;860
1936408;2024;29181526;2927408;Salvador;29;BA;2;1;1;2927408;Salvador;29;BA;1;1;1;1;535.3;530;502.2;464.5;0;4;0;0;0;0;0;0
1432757;2024;15170403;1504802;Monte Alegre;15;PA;2;2;1;1504802;Monte Alegre;15;PA;1;1;1;1;363.5;372.2;493.1;467.9;1;1;120;160;120;160;200;760
4135733;2024;NA;NA;;NA;;NA;NA;NA;3304557;Rio de Janeiro;33;RJ;0;0;0;0;NA;NA;NA;NA;0;NA;NA;NA;NA;NA;NA;NA
384580;2024;NA;NA;;NA;;NA;NA;NA;2501005;Araruna;25;PB;1;1;1;1;527.1;598.7;594.7;459.5;1;1;100;140;140;120;60;560
1762429;2024;21153922;2103406;Coelho Neto;21;MA;2;1;1;2103406;Coelho Neto;21;MA;0;1;1;0;NA;460.9;430.3;NA;1;1;80;120;80;80;60;420
3777066;2024;25058991;2512747;Riachão;25;PB;2;1;1;2501005;Araruna;25;PB;0;0;0;0;NA;NA;NA;NA;1;NA;NA;NA;NA;NA;NA;NA
3802890;2024;NA;NA;;NA;;NA;NA;NA;3547809;Santo André;35;SP;1;1;1;1;530.6;582.8;561.3;664.9;0;1;120;120;140;120;100;600
2749713;2024;NA;NA;;NA;;NA;NA;NA;3304904;São Gonçalo;33;RJ;1;1;1;1;459.5;358.9;419.2;493.1;1;1;140;200;160;160;160;820
2830252;2024;NA;NA;;NA;;NA;NA;NA;4314407;Pelotas;43;RS;1;1;1;1;390.5;458.6;491.6;429.8;1;1;120;120;120;120;80;560
1027876;2024;NA;NA;;NA;;NA;NA;NA;2507507;João Pessoa;25;PB;1;1;1;1;620;668.4;567.5;782.4;0;1;140;180;140;160;200;820
4236661;2024;NA;NA;;NA;;NA;NA;NA;3550308;São Paulo;35;SP;1;1;1;1;477.7;457.1;523.5;400.3;0;1;160;160;160;200;180;860
2402981;2024;NA;NA;;NA;;NA;NA;NA;3304557;Rio de Janeiro;33;RJ;1;1;1;1;674.2;588.5;616.9;800.8;0;1;160;180;160;180;200;880
1474311;2024;33186278;3304557;Rio de Janeiro;33;RJ;4;1;1;3304557;Rio de Janeiro;33;RJ;1;1;1;1;602.9;574.5;606.6;675.4;0;1;160;200;200;200;200;960
3211298;2024;NA;NA;;NA;;NA;NA;NA;3522307;Itapetininga;35;SP;1;1;1;1;616.4;489.9;527.8;668.2;0;4;0;0;0;0;0;0
3445910;2024;35405243;3550308;São Paulo;35;SP;2;1;1;3550308;São Paulo;35;SP;1;0;0;1;453;NA;NA;399;1;NA;NA;NA;NA;NA;NA;NA
1120570;2024;NA;NA;;NA;;NA;NA;NA;2919207;Lauro de Freitas;29;BA;1;1;1;1;511.3;567.3;567.6;469.8;0;1;120;120;120;120;80;560
2873114;2024;NA;NA;;NA;;NA;NA;NA;3534401;Osasco;35;SP;1;1;1;1;582.5;639.3;636.8;628.3;0;1;120;180;140;100;120;660
345345;2024;29182123;2927408;Salvador;29;BA;2;1;1;2927408;Salvador;29;BA;0;1;1;0;NA;561.6;598.3;NA;0;1;160;180;120;120;100;680
2596678;2024;35045962;3501608;Americana;35;SP;2;1;1;3501608;Americana;35;SP;1;1;1;1;381.2;414.6;551.5;447.8;1;1;140;140;120;140;120;660
43254;2024;35036651;3552205;Sorocaba;35;SP;2;1;1;3552205;Sorocaba;35;SP;1;1;1;1;498.2;513.4;501.7;481.4;1;1;120;160;80;100;140;600
864473;2024;NA;NA;;NA;;NA;NA;NA;3522505;Itapevi;35;SP;0;0;0;0;NA;NA;NA;NA;1;NA;NA;NA;NA;NA;NA;NA
331285;2024;NA;NA;;NA;;NA;NA;NA;3148103;Patrocínio;31;MG;1;1;1;1;579.2;582.3;590.4;585.7;0;1;160;200;160;180;160;860
3770688;2024;NA;NA;;NA;;NA;NA;NA;3118601;Contagem;31;MG;0;0;0;0;NA;NA;NA;NA;1;NA;NA;NA;NA;NA;NA;NA
1270755;2024;50006371;5002704;Campo Grande;50;MS;2;1;1;5002704;Campo Grande;50;MS;1;0;0;1;480.2;NA;NA;626.6;0;NA;NA;NA;NA;NA;NA;NA
3640888;2024;29097665;2910800;Feira de Santana;29;BA;2;1;1;2910800;Feira de Santana;29;BA;0;0;0;0;NA;NA;NA;NA;0;NA;NA;NA;NA;NA;NA;NA
3546679;2024;NA;NA;;NA;;NA;NA;NA;1506807;Santarém;15;PA;1;1;1;1;462.3;504;475.9;410.4;0;1;80;200;120;120;80;600
604234;2024;26109360;2607901;Jaboatão dos Guararapes;26;PE;2;1;1;2607901;Jaboatão dos Guararapes;26;PE;1;1;1;1;407;480.2;533.2;434.3;1;1;140;160;160;140;160;760
813290;2024;35008285;3547809;Santo André;35;SP;2;1;1;3547809;Santo André;35;SP;1;1;1;1;465.6;394.8;548.9;387.9;0;1;120;140;80;140;80;560
2041617;2024;NA;NA;;NA;;NA;NA;NA;3551009;São Vicente;35;SP;1;1;1;1;486.8;430.7;487.6;382.2;1;1;140;140;80;140;140;640
599887;2024;NA;NA;;NA;;NA;NA;NA;3550308;São Paulo;35;SP;0;0;0;0;NA;NA;NA;NA;1;NA;NA;NA;NA;NA;NA;NA
3547930;2024;NA;NA;;NA;;NA;NA;NA;2611606;Recife;26;PE;1;1;1;1;575.7;549.1;525.3;672.6;0;1;120;180;140;140;200;780
2875260;2024;NA;NA;;NA;;NA;NA;NA;3552502;Suzano;35;SP;0;0;0;0;NA;NA;NA;NA;0;NA;NA;NA;NA;NA;NA;NA
1921657;2024;NA;NA;;NA;;NA;NA;NA;2111706;São Vicente Ferrer;21;MA;0;0;0;0;NA;NA;NA;NA;0;NA;NA;NA;NA;NA;NA;NA
66599;2024;NA;NA;;NA;;NA;NA;NA;5300108;Brasília;53;DF;0;0;0;0;NA;NA;NA;NA;1;NA;NA;NA;NA;NA;NA;NA
3778383;2024;NA;NA;;NA;;NA;NA;NA;3552205;Sorocaba;35;SP;1;1;1;1;409.1;382.7;500;449.6;0;1;120;180;120;120;100;640
4160154;2024;50028839;5002209;Bonito;50;MS;4;1;1;5002209;Bonito;50;MS;1;1;1;1;451.1;412.3;503.5;567.2;1;1;120;160;120;120;80;600
424370;2024;NA;NA;;NA;;NA;NA;NA;2304400;Fortaleza;23;CE;1;1;1;1;578.2;546.4;534.5;494.3;0;1;100;180;120;120;140;660
2481479;2024;NA;NA;;NA;;NA;NA;NA;4128104;Umuarama;41;PR;1;1;1;1;490;612.2;562.6;584.5;1;1;120;180;120;180;160;760
1867120;2024;26121654;2611606;Recife;26;PE;2;1;1;2611606;Recife;26;PE;1;1;1;1;433.8;435.7;477.2;378.4;0;1;120;120;40;120;40;440
4259523;2024;NA;NA;;NA;;NA;NA;NA;3552205;Sorocaba;35;SP;1;1;1;1;568.8;521.9;590;582.6;0;1;160;160;120;200;200;840
2203929;2024;NA;NA;;NA;;NA;NA;NA;3301876;Iguaba Grande;33;RJ;0;0;0;0;NA;NA;NA;NA;0;NA;NA;NA;NA;NA;NA;NA
3298115;2024;NA;NA;;NA;;NA;NA;NA;3541000;Praia Grande;35;SP;1;1;1;1;663.9;622.3;597.5;740.2;0;1;160;200;180;200;180;920
3396468;2024;NA;NA;;NA;;NA;NA;NA;2933307;Vitória da Conquista;29;BA;0;1;1;0;NA;601.9;592.1;NA;0;1;140;200;160;200;200;900
362482;2024;NA;NA;;NA;;NA;NA;NA;1500503;Almeirim;15;PA;0;0;0;0;NA;NA;NA;NA;1;NA;NA;NA;NA;NA;NA;NA
3993927;2024;NA;NA;;NA;;NA;NA;NA;2603009;Cabrobó;26;PE;0;0;0;0;NA;NA;NA;NA;1;NA;NA;NA;NA;NA;NA;NA
3588304;2024;NA;NA;;NA;;NA;NA;NA;1200609;Tarauacá;12;AC;1;1;1;1;568.9;535.7;523.4;566.8;0;1;160;180;200;200;140;880
543818;2024;NA;NA;;NA;;NA;NA;NA;2611606;Recife;26;PE;1;1;1;1;511.9;616.5;592.3;729.2;0;1;180;200;180;200;160;920
2573507;2024;NA;NA;;NA;;NA;NA;NA;5007109;Ribas do Rio Pardo;50;MS;0;0;0;0;NA;NA;NA;NA;0;NA;NA;NA;NA;NA;NA;NA
959872;2024;NA;NA;;NA;;NA;NA;NA;4300406;Alegrete;43;RS;0;0;0;0;NA;NA;NA;NA;0;NA;NA;NA;NA;NA;NA;NA
820471;2024;NA;NA;;NA;;NA;NA;NA;2803203;Itaporanga d'Ajuda;28;SE;1;1;1;1;383.6;415.9;396.8;380.6;1;1;60;100;60;80;0;300
908542;2024;NA;NA;;NA;;NA;NA;NA;2307304;Juazeiro do Norte;23;CE;1;1;1;1;538.6;479.6;503.3;499.4;0;1;160;200;180;180;180;900
416577;2024;41076877;4108304;Foz do Iguaçu;41;PR;2;1;1;4108304;Foz do Iguaçu;41;PR;1;1;1;1;478;576.9;563.1;698.5;0;1;160;200;160;180;200;900
4270212;2024;NA;NA;;NA;;NA;NA;NA;2403251;Parnamirim;24;RN;0;0;0;0;NA;NA;NA;NA;0;NA;NA;NA;NA;NA;NA;NA
3417460;2024;NA;NA;;NA;;NA;NA;NA;4309605;Horizontina;43;RS;1;1;1;1;535.3;579.3;587.6;520.1;0;1;120;140;120;140;120;640
790345;2024;31260908;3167202;Sete Lagoas;31;MG;4;1;1;3167202;Sete Lagoas;31;MG;1;1;1;1;683;721.3;683.9;820.5;0;1;160;200;180;200;200;940
826048;2024;22010521;2208403;Piripiri;22;PI;2;1;1;2208403;Piripiri;22;PI;1;1;1;1;406.2;444.8;508.5;489.5;0;1;140;180;140;140;140;740
4062219;2024;NA;NA;;NA;;NA;NA;NA;1503200;Igarapé-Açu;15;PA;0;0;0;0;NA;NA;NA;NA;0;NA;NA;NA;NA;NA;NA;NA
2474135;2024;52026531;5200902;Amorinópolis;52;GO;2;1;1;5210208;Iporá;52;GO;1;1;1;1;417;389.3;443;465.6;0;1;100;140;120;80;0;440
1745750;2024;NA;NA;;NA;;NA;NA;NA;3106200;Belo Horizonte;31;MG;1;1;1;1;603.1;521.3;573.8;673.4;1;1;140;200;160;120;160;780
1418220;2024;NA;NA;;NA;;NA;NA;NA;2408102;Natal;24;RN;1;1;1;1;535.4;511.8;475.5;432;1;1;160;160;140;140;140;740
2584540;2024;NA;NA;;NA;;NA;NA;NA;3170206;Uberlândia;31;MG;1;1;1;1;498.4;389.4;566.4;523.2;1;1;160;120;120;160;120;680
682874;2024;NA;NA;;NA;;NA;NA;NA;3529005;Marília;35;SP;1;1;1;1;496;480.9;580;626.2;0;1;180;180;160;180;160;860
3973399;2024;26121514;2611606;Recife;26;PE;4;1;1;2611606;Recife;26;PE;1;1;1;1;519.9;451.1;534;600.4;1;1;140;180;120;140;180;760
2472805;2024;21254036;2100055;Açailândia;21;MA;2;1;1;2100055;Açailândia;21;MA;1;1;1;1;382.3;309.1;543.2;379.5;0;1;140;160;120;120;60;600
3649578;2024;13105833;1301704;Humaitá;13;AM;2;1;1;1301704;Humaitá;13;AM;0;1;1;0;NA;372.2;387;NA;1;1;100;140;120;120;80;560
140996;2024;29390737;2918407;Juazeiro;29;BA;2;1;1;2918407;Juazeiro;29;BA;1;1;1;1;357.7;388.4;524.7;419.4;0;1;120;160;120;120;80;600
3695089;2024;NA;NA;;NA;;NA;NA;NA;2917706;Jaguarari;29;BA;1;1;1;1;471.1;552;586.3;419.6;0;1;160;180;140;160;160;800
2172835;2024;NA;NA;;NA;;NA;NA;NA;2611606;Recife;26;PE;1;1;1;1;610.3;680.7;632.7;698.1;0;1;140;180;140;160;120;740
305342;2024;NA;NA;;NA;;NA;NA;NA;4314407;Pelotas;43;RS;0;0;0;0;NA;NA;NA;NA;1;NA;NA;NA;NA;NA;NA;NA
2642329;2024;NA;NA;;NA;;NA;NA;NA;3550308;São Paulo;35;SP;1;1;1;1;417.7;550.7;575;538.4;0;1;120;120;120;120;120;600
2131182;2024;NA;NA;;NA;;NA;NA;NA;3522208;Itapecerica da Serra;35;SP;1;1;1;1;634.5;629;608.1;766.6;0;1;160;200;180;200;200;940
3867977;2024;NA;NA;;NA;;NA;NA;NA;2925105;Poções;29;BA;1;1;1;1;519.4;449.9;529.9;390.8;0;1;120;120;120;120;100;580
3098786;2024;NA;NA;;NA;;NA;NA;NA;2612505;Santa Cruz do Capibaribe;26;PE;1;1;1;1;413;423.6;494.9;415.1;0;1;80;120;80;60;40;380
313535;2024;31075345;3139409;Manhuaçu;31;MG;2;1;1;3113404;Caratinga;31;MG;1;1;1;1;575.9;605.2;579.2;648.5;0;1;140;180;120;160;160;760
3425235;2024;NA;NA;;NA;;NA;NA;NA;3138203;Lavras;31;MG;1;1;1;1;594.8;549.1;574.1;541.3;1;1;160;200;160;200;140;860
2689405;2024;31055000;3121100;Delfim Moreira;31;MG;2;1;1;3132404;Itajubá;31;MG;1;1;1;1;505.4;483.4;418.4;462;1;1;120;120;140;160;140;680
3712572;2024;NA;NA;;NA;;NA;NA;NA;3541000;Praia Grande;35;SP;0;0;0;0;NA;NA;NA;NA;0;NA;NA;NA;NA;NA;NA;NA
1694094;2024;NA;NA;;NA;;NA;NA;NA;2108603;Pinheiro;21;MA;1;1;1;1;508.4;565.8;579.2;516.8;1;1;160;200;160;200;200;920
2679336;2024;NA;NA;;NA;;NA;NA;NA;2933604;Xique-Xique;29;BA;1;1;1;1;402.9;465.8;503.5;384.9;1;1;100;160;100;140;120;620
4157834;2024;29434017;2908002;Coaraci;29;BA;2;1;1;2908002;Coaraci;29;BA;1;1;1;1;388.7;415.1;381.6;442.6;1;6;0;0;0;0;0;0
1084533;2024;43144144;4319604;São Sepé;43;RS;2;1;1;4319604;São Sepé;43;RS;1;1;1;1;506.4;558.9;553.2;614.7;0;1;160;200;160;200;140;860
266958;2024;NA;NA;;NA;;NA;NA;NA;3152501;Pouso Alegre;31;MG;0;0;0;0;NA;NA;NA;NA;1;NA;NA;NA;NA;NA;NA;NA
16248;2024;15125440;1505536;Parauapebas;15;PA;2;1;1;1505536;Parauapebas;15;PA;1;1;1;1;451.7;411.2;433.3;409.8;1;1;140;160;80;120;120;620
67000;2024;NA;NA;;NA;;NA;NA;NA;1507953;Tailândia;15;PA;0;1;1;0;NA;317.7;352.9;NA;1;1;80;120;80;60;60;400
4205775;2024;NA;NA;;NA;;NA;NA;NA;3303500;Nova Iguaçu;33;RJ;1;1;1;1;638.6;652.2;611.4;639.7;1;1;160;180;160;120;160;780
1990228;2024;NA;NA;;NA;;NA;NA;NA;3304557;Rio de Janeiro;33;RJ;1;0;0;1;549.4;NA;NA;630.1;0;NA;NA;NA;NA;NA;NA;NA
3645663;2024;NA;NA;;NA;;NA;NA;NA;2609303;Mirandiba;26;PE;1;1;1;1;589;638.3;549.6;630;1;1;120;120;100;120;80;540
1169965;2024;NA;NA;;NA;;NA;NA;NA;3548708;São Bernardo do Campo;35;SP;0;1;1;0;NA;529.6;554;NA;0;1;120;140;120;120;100;600
3433182;2024;NA;NA;;NA;;NA;NA;NA;4104907;Castro;41;PR;1;1;1;1;519.6;620.6;560.7;585.8;0;1;120;160;140;120;100;640
2723884;2024;NA;NA;;NA;;NA;NA;NA;3305208;São Pedro da Aldeia;33;RJ;1;1;1;1;415.7;530.6;504.5;403.2;1;1;120;180;120;120;120;660
833159;2024;NA;NA;;NA;;NA;NA;NA;3550308;São Paulo;35;SP;1;1;1;1;440.3;533.3;494.4;445.4;1;1;100;160;140;120;140;660
75295;2024;33058768;3303500;Nova Iguaçu;33;RJ;2;1;1;3303500;Nova Iguaçu;33;RJ;0;0;0;0;NA;NA;NA;NA;1;NA;NA;NA;NA;NA;NA;NA
197360;2024;NA;NA;;NA;;NA;NA;NA;3502101;Andradina;35;SP;1;1;1;1;463.6;525.9;551.3;689.6;0;1;160;140;120;140;140;700
3550570;2024;NA;NA;;NA;;NA;NA;NA;2927408;Salvador;29;BA;0;0;0;0;NA;NA;NA;NA;1;NA;NA;NA;NA;NA;NA;NA
3386077;2024;29242231;2905206;Caetité;29;BA;2;1;1;2905206;Caetité;29;BA;0;0;0;0;NA;NA;NA;NA;1;NA;NA;NA;NA;NA;NA;NA
1294684;2024;15581900;1501402;Belém;15;PA;4;1;1;1501402;Belém;15;PA;1;1;1;1;671;646.3;606.2;677.4;0;1;160;200;200;200;200;960
4288015;2024;NA;NA;;NA;;NA;NA;NA;4314902;Porto Alegre;43;RS;0;0;0;0;NA;NA;NA;NA;1;NA;NA;NA;NA;NA;NA;NA
621989;2024;35155226;3526001;Junqueirópolis;35;SP;4;1;1;3514403;Dracena;35;SP;1;1;1;1;522.5;573.2;561.7;681.5;0;1;160;200;180;180;200;920
2793891;2024;NA;NA;;NA;;NA;NA;NA;1600303;Macapá;16;AP;1;1;1;1;428.7;548.3;543.3;610.3;0;1;140;140;120;140;80;620
305412;2024;NA;NA;;NA;;NA;NA;NA;2111508;São Mateus do Maranhão;21;MA;1;1;1;1;489;424.3;476.5;470.6;1;4;0;0;0;0;0;0
319077;2024;NA;NA;;NA;;NA;NA;NA;2312304;São Benedito;23;CE;1;1;1;1;595.8;464;540.1;419.1;0;1;140;160;140;180;160;780
2633537;2024;NA;NA;;NA;;NA;NA;NA;3203908;Nova Venécia;32;ES;1;1;1;1;473.2;523.6;523.7;462.8;0;1;120;120;120;120;0;480
1578504;2024;NA;NA;;NA;;NA;NA;NA;3555000;Tupã;35;SP;1;1;1;1;470.5;422.6;384;604.2;0;1;140;100;120;160;120;640
834768;2024;NA;NA;;NA;;NA;NA;NA;2932002;Uauá;29;BA;0;0;0;0;NA;NA;NA;NA;1;NA;NA;NA;NA;NA;NA;NA
330911;2024;NA;NA;;NA;;NA;NA;NA;3304557;Rio de Janeiro;33;RJ;1;1;1;1;500.6;520;543.7;662.5;0;1;100;120;120;120;120;580
4313057;2024;43206875;4314902;Porto Alegre;43;RS;4;1;1;4314902;Porto Alegre;43;RS;0;0;0;0;NA;NA;NA;NA;0;NA;NA;NA;NA;NA;NA;NA
986995;2024;NA;NA;;NA;;NA;NA;NA;3523909;Itu;35;SP;1;1;1;1;549.1;552.8;493.7;496.6;0;1;140;180;120;140;160;740
1365443;2024;NA;NA;;NA;;NA;NA;NA;1500602;Altamira;15;PA;1;1;1;1;402.4;489.4;476.9;501.6;1;1;120;120;100;100;40;480
3889304;2024;41127820;4106902;Curitiba;41;PR;2;1;1;4106902;Curitiba;41;PR;0;0;0;0;NA;NA;NA;NA;0;NA;NA;NA;NA;NA;NA;NA
3142238;2024;NA;NA;;NA;;NA;NA;NA;3106200;Belo Horizonte;31;MG;0;0;0;0;NA;NA;NA;NA;0;NA;NA;NA;NA;NA;NA;NA
2897737;2024;NA;NA;;NA;;NA;NA;NA;2801306;Capela;28;SE;1;1;1;1;407.2;415.4;431.6;414.2;1;1;120;140;120;100;0;480
3945042;2024;35267685;3554102;Taubaté;35;SP;2;1;1;3554102;Taubaté;35;SP;1;1;1;1;502.7;538.2;498.4;441.4;1;1;120;100;80;100;0;400
3749706;2024;NA;NA;;NA;;NA;NA;NA;2906709;Cândido Sales;29;BA;0;0;0;0;NA;NA;NA;NA;0;NA;NA;NA;NA;NA;NA;NA
4144710;2024;NA;NA;;NA;;NA;NA;NA;3304557;Rio de Janeiro;33;RJ;0;1;1;0;NA;567.6;581.2;NA;1;1;160;180;160;180;180;860
554823;2024;NA;NA;;NA;;NA;NA;NA;2507507;João Pessoa;25;PB;0;0;0;0;NA;NA;NA;NA;0;NA;NA;NA;NA;NA;NA;NA
3480450;2024;NA;NA;;NA;;NA;NA;NA;2700300;Arapiraca;27;AL;1;1;1;1;483.1;487.9;520.3;589.7;0;1;160;200;180;200;200;940
2209901;2024;NA;NA;;NA;;NA;NA;NA;1500404;Alenquer;15;PA;0;0;0;0;NA;NA;NA;NA;1;NA;NA;NA;NA;NA;NA;NA
2250044;2024;NA;NA;;NA;;NA;NA;NA;1716109;Paraíso do Tocantins;17;TO;0;0;0;0;NA;NA;NA;NA;0;NA;NA;NA;NA;NA;NA;NA
2640477;2024;NA;NA;;NA;;NA;NA;NA;2311603;Redenção;23;CE;0;0;0;0;NA;NA;NA;NA;1;NA;NA;NA;NA;NA;NA;NA
1390171;2024;NA;NA;;NA;;NA;NA;NA;1505304;Oriximiná;15;PA;1;1;1;1;482.7;394.1;391.4;466.4;1;1;80;140;120;120;80;540
2608642;2024;35001028;3550308;São Paulo;35;SP;2;1;1;3550308;São Paulo;35;SP;1;1;1;1;467.4;481;489.9;416.3;0;1;120;120;120;120;140;620
383653;2024;NA;NA;;NA;;NA;NA;NA;3550308;São Paulo;35;SP;1;1;1;1;641.2;700.4;638.8;719.3;1;1;160;200;180;200;200;940
641303;2024;NA;NA;;NA;;NA;NA;NA;1505502;Paragominas;15;PA;0;0;0;0;NA;NA;NA;NA;0;NA;NA;NA;NA;NA;NA;NA
1690172;2024;23080132;2307650;Maracanaú;23;CE;2;1;1;2307650;Maracanaú;23;CE;0;1;1;0;NA;547.4;433.9;NA;0;4;0;0;0;0;0;0
2206265;2024;31001937;3106200;Belo Horizonte;31;MG;2;1;1;3106200;Belo Horizonte;31;MG;1;1;1;1;469.6;492.2;539.7;462.6;1;1;120;120;120;100;120;580
1674016;2024;31081329;3143302;Montes Claros;31;MG;2;1;1;3143302;Montes Claros;31;MG;1;1;1;1;521.7;591.1;567.7;591.2;0;1;160;160;120;200;180;820
3015861;2024;NA;NA;;NA;;NA;NA;NA;4318903;São Luiz Gonzaga;43;RS;0;1;1;0;NA;350.7;457.2;NA;1;1;120;160;120;120;140;660
3101808;2024;NA;NA;;NA;;NA;NA;NA;2801504;Carmópolis;28;SE;1;1;1;1;413.3;494;509.4;559.5;1;1;120;140;60;100;20;440
2633281;2024;21055750;2112902;Vitória do Mearim;21;MA;4;1;1;2101004;Arari;21;MA;1;1;1;1;408.3;410.1;423.5;410.3;1;8;0;0;0;0;0;0
3732121;2024;NA;NA;;NA;;NA;NA;NA;5300108;Brasília;53;DF;1;1;1;1;633.8;687.4;636.7;747;0;1;140;200;160;160;180;840
3578405;2024;NA;NA;;NA;;NA;NA;NA;3550308;São Paulo;35;SP;1;1;1;1;384;365.6;528.8;446.9;1;1;80;120;80;120;80;480
2154178;2024;NA;NA;;NA;;NA;NA;NA;3301900;Itaboraí;33;RJ;1;1;1;1;497.8;487;490.5;492.7;0;1;100;180;160;160;140;740
4070890;2024;NA;NA;;NA;;NA;NA;NA;3550308;São Paulo;35;SP;1;1;1;1;473.9;442;420.8;392.7;0;4;0;0;0;0;0;0
1237512;2024;NA;NA;;NA;;NA;NA;NA;2601102;Araripina;26;PE;1;1;1;1;385.1;413.7;458.9;397.6;1;1;80;120;80;100;60;440
4128232;2024;35925652;3515707;Ferraz de Vasconcelos;35;SP;2;1;1;3515707;Ferraz de Vasconcelos;35;SP;0;0;0;0;NA;NA;NA;NA;0;NA;NA;NA;NA;NA;NA;NA
3449677;2024;NA;NA;;NA;;NA;NA;NA;1301001;Carauari;13;AM;0;0;0;0;NA;NA;NA;NA;1;NA;NA;NA;NA;NA;NA;NA
3547070;2024;NA;NA;;NA;;NA;NA;NA;3304557;Rio de Janeiro;33;RJ;1;1;1;1;439.3;338.6;490.7;413.1;0;1;120;200;120;120;140;700
3570342;2024;NA;NA;;NA;;NA;NA;NA;1600303;Macapá;16;AP;1;1;1;1;433.8;384.8;527.4;407.5;0;1;120;120;100;100;0;440
4184426;2024;NA;NA;;NA;;NA;NA;NA;3507605;Bragança Paulista;35;SP;0;0;0;0;NA;NA;NA;NA;1;NA;NA;NA;NA;NA;NA;NA
3295019;2024;NA;NA;;NA;;NA;NA;NA;4304606;Canoas;43;RS;0;0;0;0;NA;NA;NA;NA;0;NA;NA;NA;NA;NA;NA;NA
1379464;2024;52274357;5201405;Aparecida de Goiânia;52;GO;2;1;1;5201405;Aparecida de Goiânia;52;GO;1;1;1;1;408.4;430.7;472.7;421.6;1;1;140;180;120;140;180;760
3672087;2024;31346799;3101607;Alfenas;31;MG;4;1;1;3101607;Alfenas;31;MG;1;1;1;1;488.1;562.8;596.6;613.5;0;1;160;200;180;200;160;900
3488895;2024;29457491;2933307;Vitória da Conquista;29;BA;2;2;1;2933307;Vitória da Conquista;29;BA;1;1;1;1;501.3;468.3;481.4;404.6;0;1;120;120;120;140;120;620
1094;2024;28018460;2800308;Aracaju;28;SE;2;1;1;2800308;Aracaju;28;SE;0;1;1;0;NA;471.4;497.8;NA;1;1;140;160;140;180;140;760
2525933;2024;NA;NA;;NA;;NA;NA;NA;4304606;Canoas;43;RS;1;1;1;1;520.9;563.3;564.7;459.6;0;1;120;120;120;120;120;600
4303496;2024;35909836;3541000;Praia Grande;35;SP;2;1;1;3541000;Praia Grande;35;SP;1;1;1;1;490.8;522.2;539;410.2;0;1;100;120;80;100;140;540
1702836;2024;NA;NA;;NA;;NA;NA;NA;5300108;Brasília;53;DF;1;1;1;1;545.5;570.4;563;495.7;0;1;140;180;120;160;180;780
1083112;2024;32064950;3201506;Colatina;32;ES;4;1;1;3201506;Colatina;32;ES;1;1;1;1;396.5;487.1;519.3;480.5;0;1;120;200;120;120;80;640
2028360;2024;NA;NA;;NA;;NA;NA;NA;2701407;Campo Alegre;27;AL;1;1;1;1;347.7;296.1;385.6;385.2;1;1;120;120;60;100;60;460
1659115;2024;NA;NA;;NA;;NA;NA;NA;4314902;Porto Alegre;43;RS;0;0;0;0;NA;NA;NA;NA;0;NA;NA;NA;NA;NA;NA;NA
1195387;2024;35022123;3503208;Araraquara;35;SP;2;1;1;3503208;Araraquara;35;SP;1;1;1;1;624.4;631.4;596.9;592.6;0;1;120;120;120;120;100;580
3619295;2024;NA;NA;;NA;;NA;NA;NA;3148004;Patos de Minas;31;MG;1;1;1;1;575.5;584.9;562.9;581.4;0;1;160;180;180;160;160;840
3971925;2024;NA;NA;;NA;;NA;NA;NA;1302603;Manaus;13;AM;1;1;1;1;368.3;493.4;511.9;393.4;1;1;120;200;140;160;160;780
845987;2024;NA;NA;;NA;;NA;NA;NA;2211001;Teresina;22;PI;1;1;1;1;356.2;320.9;475.6;459.1;1;1;120;140;120;120;100;600
2939806;2024;43081967;4311304;Lagoa Vermelha;43;RS;2;1;1;4311304;Lagoa Vermelha;43;RS;0;0;0;0;NA;NA;NA;NA;1;NA;NA;NA;NA;NA;NA;NA
227088;2024;23063599;2303709;Caucaia;23;CE;2;1;1;2303709;Caucaia;23;CE;1;1;1;1;562;589.9;547.6;555.6;1;1;100;120;60;120;120;520
1269862;2024;NA;NA;;NA;;NA;NA;NA;2924009;Paulo Afonso;29;BA;1;1;1;1;559.4;522.4;566.4;400.5;0;1;100;140;100;80;80;500
3908888;2024;26167158;2610004;Palmares;26;PE;2;1;1;2610004;Palmares;26;PE;0;0;0;0;NA;NA;NA;NA;0;NA;NA;NA;NA;NA;NA;NA
4263625;2024;NA;NA;;NA;;NA;NA;NA;2927408;Salvador;29;BA;0;0;0;0;NA;NA;NA;NA;0;NA;NA;NA;NA;NA;NA;NA
2250189;2024;NA;NA;;NA;;NA;NA;NA;2611606;Recife;26;PE;1;1;1;1;376.6;449.5;404.9;383.4;0;1;120;120;100;120;80;540
245657;2024;41360060;4101804;Araucária;41;PR;2;1;1;4101804;Araucária;41;PR;1;1;1;1;487.8;512.1;460.7;418.9;0;1;80;120;100;100;120;520
3715982;2024;NA;NA;;NA;;NA;NA;NA;1200401;Rio Branco;12;AC;1;1;1;1;599.2;630.3;660.1;519.3;0;1;160;180;160;180;160;840
4314618;2024;NA;NA;;NA;;NA;NA;NA;4304507;Canguçu;43;RS;0;0;0;0;NA;NA;NA;NA;1;NA;NA;NA;NA;NA;NA;NA
4209104;2024;NA;NA;;NA;;NA;NA;NA;4316907;Santa Maria;43;RS;1;1;1;1;388.2;476.5;487;380.2;0;1;100;120;80;80;60;440
2188610;2024;NA;NA;;NA;;NA;NA;NA;3305109;São João de Meriti;33;RJ;1;1;1;1;464.2;477;471.5;433.6;0;6;0;0;0;0;0;0
743768;2024;25028065;2504405;Conceição;25;PB;2;1;1;2504405;Conceição;25;PB;1;1;1;1;454.5;409.8;405.9;407.9;0;1;80;120;80;100;20;400
1977880;2024;33165998;3303302;Niterói;33;RJ;4;1;1;3303302;Niterói;33;RJ;1;1;1;1;635.5;649.9;603.2;729.9;0;1;160;200;180;200;200;940
466756;2024;31167436;3170206;Uberlândia;31;MG;2;1;1;3170206;Uberlândia;31;MG;1;1;1;1;613.7;644.2;588.9;657.8;0;1;140;140;160;160;200;800
2781531;2024;NA;NA;;NA;;NA;NA;NA;1501402;Belém;15;PA;1;1;1;1;666.8;723.7;643.6;830;0;1;120;120;160;160;200;760
720754;2024;NA;NA;;NA;;NA;NA;NA;4309209;Gravataí;43;RS;1;1;1;1;412.4;407.7;405.3;392.1;1;1;100;120;100;100;120;540
1324175;2024;NA;NA;;NA;;NA;NA;NA;1303106;Nova Olinda do Norte;13;AM;1;1;1;1;465.3;613.9;540;396.2;0;1;60;120;80;60;140;460
517075;2024;NA;NA;;NA;;NA;NA;NA;5106224;Nova Mutum;51;MT;0;0;0;0;NA;NA;NA;NA;1;NA;NA;NA;NA;NA;NA;NA
224168;2024;NA;NA;;NA;;NA;NA;NA;2108702;Pio XII;21;MA;0;0;0;0;NA;NA;NA;NA;0;NA;NA;NA;NA;NA;NA;NA
514022;2024;23125586;2306207;Itaiçaba;23;CE;2;1;1;2301109;Aracati;23;CE;1;1;1;1;528.3;414.7;547.4;421.4;1;1;120;180;140;120;180;740
3708160;2024;NA;NA;;NA;;NA;NA;NA;3106200;Belo Horizonte;31;MG;1;1;1;1;496.8;429.9;324.5;426.3;0;1;120;120;100;120;80;540
4211835;2024;NA;NA;;NA;;NA;NA;NA;1300508;Barreirinha;13;AM;1;1;1;1;413.5;365.8;384.5;431.2;0;3;0;0;0;0;0;0
1972027;2024;NA;NA;;NA;;NA;NA;NA;2700706;Batalha;27;AL;1;1;1;1;492.8;491.8;414;390.3;1;1;120;120;120;140;100;600
1130097;2024;53001095;5300108;Brasília;53;DF;4;1;1;5300108;Brasília;53;DF;1;1;1;1;639;677.2;627;761;0;1;140;200;200;160;200;900
3391609;2024;31383546;3170206;Uberlândia;31;MG;4;1;1;3170206;Uberlândia;31;MG;1;1;1;1;477.6;560.1;573.2;578.9;0;1;120;160;160;140;180;760
86326;2024;NA;NA;;NA;;NA;NA;NA;3304557;Rio de Janeiro;33;RJ;0;0;0;0;NA;NA;NA;NA;1;NA;NA;NA;NA;NA;NA;NA
1401166;2024;NA;NA;;NA;;NA;NA;NA;3548906;São Carlos;35;SP;0;0;0;0;NA;NA;NA;NA;1;NA;NA;NA;NA;NA;NA;NA
584951;2024;NA;NA;;NA;;NA;NA;NA;1504422;Marituba;15;PA;0;0;0;0;NA;NA;NA;NA;1;NA;NA;NA;NA;NA;NA;NA
2178319;2024;NA;NA;;NA;;NA;NA;NA;4118204;Paranaguá;41;PR;1;1;1;1;668.3;676.2;651.3;705.2;0;1;120;120;120;120;80;560
2246219;2024;NA;NA;;NA;;NA;NA;NA;2923803;Paripiranga;29;BA;1;1;1;1;455.7;409.7;313.8;386.2;1;1;140;180;120;140;180;760
1413637;2024;11029455;1100288;Rolim de Moura;11;RO;2;1;1;1100288;Rolim de Moura;11;RO;1;1;1;1;367.1;527.1;561.8;441.8;1;1;120;120;100;100;100;540
3030097;2024;NA;NA;;NA;;NA;NA;NA;3541406;Presidente Prudente;35;SP;1;1;1;1;366.8;410.1;467.7;389.7;1;1;100;120;80;100;0;400
2603469;2024;35025324;3508306;Cabrália Paulista;35;SP;2;1;1;3506003;Bauru;35;SP;1;1;1;1;530.5;576.5;574;587.8;0;1;160;180;160;180;160;840
1556575;2024;29181496;2927408;Salvador;29;BA;2;1;1;2927408;Salvador;29;BA;1;1;1;1;458.3;527.7;463.3;449.6;0;4;0;0;0;0;0;0
2702475;2024;29199930;2927408;Salvador;29;BA;2;1;1;2927408;Salvador;29;BA;0;0;0;0;NA;NA;NA;NA;1;NA;NA;NA;NA;NA;NA;NA
2653515;2024;NA;NA;;NA;;NA;NA;NA;2927408;Salvador;29;BA;1;1;1;1;587.2;609.9;611.4;547;0;1;140;140;120;120;80;600
472348;2024;NA;NA;;NA;;NA;NA;NA;2927408;Salvador;29;BA;1;1;1;1;609.3;552.2;593.6;511;1;1;120;120;120;160;160;680
2716030;2024;NA;NA;;NA;;NA;NA;NA;3514403;Dracena;35;SP;0;0;0;0;NA;NA;NA;NA;1;NA;NA;NA;NA;NA;NA;NA
848220;2024;NA;NA;;NA;;NA;NA;NA;4214805;Rio do Sul;42;SC;1;1;1;1;539.9;594.9;546.1;723.1;0;1;160;180;140;200;200;880
1983401;2024;35290658;3555000;Tupã;35;SP;2;1;1;3555000;Tupã;35;SP;0;0;0;0;NA;NA;NA;NA;1;NA;NA;NA;NA;NA;NA;NA
1462996;2024;NA;NA;;NA;;NA;NA;NA;2616407;Vitória de Santo Antão;26;PE;0;1;1;0;NA;373.6;474.7;NA;1;1;120;160;120;120;80;600
3747115;2024;NA;NA;;NA;;NA;NA;NA;5300108;Brasília;53;DF;1;1;1;1;477.7;519.6;521.7;472.6;1;1;120;120;120;120;40;520
3630109;2024;42068720;4208203;Itajaí;42;SC;2;1;1;4208203;Itajaí;42;SC;1;1;1;1;461.4;468;490.7;462.6;1;1;120;200;80;120;100;620
1329235;2024;13084860;1302603;Manaus;13;AM;2;1;1;1302603;Manaus;13;AM;0;0;0;0;NA;NA;NA;NA;0;NA;NA;NA;NA;NA;NA;NA
2964832;2024;NA;NA;;NA;;NA;NA;NA;2211001;Teresina;22;PI;1;1;1;1;530.7;448.5;493.6;536;1;1;180;200;180;200;160;920
4031111;2024;NA;NA;;NA;;NA;NA;NA;3547809;Santo André;35;SP;1;1;1;1;498.2;621.3;568.9;409.4;0;1;120;180;120;120;40;580
855144;2024;35045986;3525904;Jundiaí;35;SP;2;1;1;3556701;Vinhedo;35;SP;1;1;1;1;431.7;355.1;411.5;628.9;0;1;80;140;120;100;120;560
2790665;2024;NA;NA;;NA;;NA;NA;NA;4109401;Guarapuava;41;PR;1;1;1;1;507.9;493.1;558.1;441.9;0;1;120;120;120;120;100;580
1095297;2024;42000017;4205407;Florianópolis;42;SC;2;1;1;4205407;Florianópolis;42;SC;1;1;1;1;386.7;521.7;467.7;394.7;0;1;100;80;60;80;0;320
108562;2024;NA;NA;;NA;;NA;NA;NA;3105608;Barbacena;31;MG;1;1;1;1;737.8;715.5;659.2;858.6;0;1;160;200;160;200;200;920
4257608;2024;NA;NA;;NA;;NA;NA;NA;3304151;Quissamã;33;RJ;1;1;1;1;439.6;546.8;590.4;552.8;1;1;100;140;80;120;140;580
4038220;2024;NA;NA;;NA;;NA;NA;NA;1504703;Moju;15;PA;1;1;1;1;381.5;465;519;408.4;1;1;120;160;120;160;160;720
2137300;2024;NA;NA;;NA;;NA;NA;NA;5103403;Cuiabá;51;MT;1;1;1;1;542.5;577.3;609.7;604;0;1;160;180;180;200;180;900
1182547;2024;42029953;4209300;Lages;42;SC;2;1;1;4209300;Lages;42;SC;1;1;1;1;429.7;442.2;453.9;450.6;1;1;120;120;100;80;60;480
2170962;2024;35113748;3538709;Piracicaba;35;SP;4;1;1;3538709;Piracicaba;35;SP;1;1;1;1;517.6;567.3;591.5;619;0;1;140;180;160;140;160;780
3394178;2024;NA;NA;;NA;;NA;NA;NA;3302205;Itaperuna;33;RJ;1;1;1;1;443.8;517.7;486.7;498.3;0;1;140;160;140;160;40;640
2638978;2024;NA;NA;;NA;;NA;NA;NA;1302603;Manaus;13;AM;1;1;1;1;553.2;648;580.9;741.3;0;1;120;160;120;140;120;660
1988197;2024;29464773;2919553;Luís Eduardo Magalhães;29;BA;2;1;1;2919553;Luís Eduardo Magalhães;29;BA;1;1;1;1;534.9;530.8;535.6;466.4;0;1;80;140;120;100;40;480
890196;2024;41137841;4125506;São José dos Pinhais;41;PR;2;1;1;4125506;São José dos Pinhais;41;PR;0;0;0;0;NA;NA;NA;NA;1;NA;NA;NA;NA;NA;NA;NA
3248874;2024;NA;NA;;NA;;NA;NA;NA;1302603;Manaus;13;AM;0;0;0;0;NA;NA;NA;NA;0;NA;NA;NA;NA;NA;NA;NA
4138987;2024;15060608;1503200;Igarapé-Açu;15;PA;2;1;1;1503200;Igarapé-Açu;15;PA;1;1;1;1;431.9;406.5;473.1;485.9;1;1;100;120;120;100;80;520
4254089;2024;NA;NA;;NA;;NA;NA;NA;3159605;Santa Rita do Sapucaí;31;MG;0;0;0;0;NA;NA;NA;NA;1;NA;NA;NA;NA;NA;NA;NA
22993;2024;NA;NA;;NA;;NA;NA;NA;1302603;Manaus;13;AM;1;1;1;1;552.8;580.8;551.4;651;1;1;160;200;160;200;200;920
2904414;2024;60021215;3550308;São Paulo;35;SP;4;1;1;3550308;São Paulo;35;SP;1;1;1;1;538.5;491.1;588.5;527.4;0;1;120;180;140;120;140;700
2186360;2024;26001942;2602001;Bodocó;26;PE;2;1;1;2609907;Ouricuri;26;PE;1;1;1;1;598.7;574.7;568.6;625.5;0;1;120;180;120;180;160;760
2038164;2024;29145120;2928000;Santaluz;29;BA;2;2;1;2906873;Capim Grosso;29;BA;1;1;1;1;478.1;0;500;435.4;0;1;160;160;120;140;0;580
2543851;2024;35114832;3543402;Ribeirão Preto;35;SP;4;1;1;3543402;Ribeirão Preto;35;SP;1;1;1;1;589.3;602.8;593.7;640.4;0;1;160;180;180;160;160;840
3290467;2024;NA;NA;;NA;;NA;NA;NA;5208707;Goiânia;52;GO;1;1;1;1;559.5;556.9;547.6;460.9;1;1;120;120;140;120;100;600
884724;2024;NA;NA;;NA;;NA;NA;NA;2302701;Campos Sales;23;CE;1;1;1;1;458.1;572.3;554.1;564.2;1;1;100;140;100;100;120;560
2764042;2024;NA;NA;;NA;;NA;NA;NA;3131703;Itabira;31;MG;1;1;1;1;396.5;381.1;459.8;401.3;0;1;120;80;120;120;120;560
746711;2024;11002018;1100205;Porto Velho;11;RO;2;1;1;1100205;Porto Velho;11;RO;1;1;1;1;489.7;505.5;476.3;381.5;1;1;120;160;120;140;160;700
1389269;2024;29336627;2927408;Salvador;29;BA;2;1;1;2927408;Salvador;29;BA;1;1;1;1;459.4;502.6;534.3;416.8;1;1;120;120;80;80;20;420
2483281;2024;NA;NA;;NA;;NA;NA;NA;5208004;Formosa;52;GO;1;1;1;1;479;393.4;493.4;458;1;1;100;120;120;120;100;560
2504824;2024;NA;NA;;NA;;NA;NA;NA;1300144;Apuí;13;AM;0;0;0;0;NA;NA;NA;NA;0;NA;NA;NA;NA;NA;NA;NA
3610557;2024;NA;NA;;NA;;NA;NA;NA;1502707;Conceição do Araguaia;15;PA;1;1;1;1;540.7;528.9;552.2;541.9;1;1;140;200;160;160;200;860
3311329;2024;60015137;3304557;Rio de Janeiro;33;RJ;4;1;1;3304557;Rio de Janeiro;33;RJ;1;1;1;1;594.9;570.8;588.5;781.8;0;1;120;160;140;140;140;700
1996619;2024;NA;NA;;NA;;NA;NA;NA;2100055;Açailândia;21;MA;1;1;1;1;491.7;388.4;505.1;475.6;0;1;120;120;100;120;0;460
133660;2024;29433746;2900801;Alcobaça;29;BA;2;1;1;2925501;Prado;29;BA;0;0;0;0;NA;NA;NA;NA;0;NA;NA;NA;NA;NA;NA;NA
2904203;2024;NA;NA;;NA;;NA;NA;NA;2927408;Salvador;29;BA;0;0;0;0;NA;NA;NA;NA;0;NA;NA;NA;NA;NA;NA;NA
3657440;2024;NA;NA;;NA;;NA;NA;NA;2305407;Icó;23;CE;1;1;1;1;473.2;485.6;529.1;456.8;1;1;120;160;120;120;40;560
2705183;2024;NA;NA;;NA;;NA;NA;NA;2927408;Salvador;29;BA;1;1;1;1;431.8;549.4;571.5;398.3;0;1;120;180;120;120;140;680
3019345;2024;35016676;3554003;Tatuí;35;SP;2;1;1;3554003;Tatuí;35;SP;1;1;1;1;431.9;431.6;450.7;485.3;1;1;120;120;80;100;0;420
67205;2024;NA;NA;;NA;;NA;NA;NA;2608909;Limoeiro;26;PE;0;0;0;0;NA;NA;NA;NA;1;NA;NA;NA;NA;NA;NA;NA
252340;2024;NA;NA;;NA;;NA;NA;NA;1304062;Tabatinga;13;AM;1;1;1;1;461.6;552.7;492.3;377;1;1;140;160;120;140;100;660
948062;2024;NA;NA;;NA;;NA;NA;NA;3305505;Saquarema;33;RJ;1;1;1;1;393.4;514;503.8;490;1;1;100;160;120;140;120;640
1830702;2024;NA;NA;;NA;;NA;NA;NA;3106200;Belo Horizonte;31;MG;0;1;1;0;NA;0;444;NA;0;4;0;0;0;0;0;0
3154725;2024;33008485;3301009;Campos dos Goytacazes;33;RJ;2;1;1;3301009;Campos dos Goytacazes;33;RJ;1;1;1;1;425.5;508.5;492.6;393.8;1;1;100;120;100;100;40;460
4190075;2024;33068488;3304557;Rio de Janeiro;33;RJ;1;1;1;3304557;Rio de Janeiro;33;RJ;1;1;1;1;591.6;614.6;587.7;587.4;0;1;160;140;120;140;140;700
750309;2024;33008850;3301009;Campos dos Goytacazes;33;RJ;2;1;1;3301009;Campos dos Goytacazes;33;RJ;1;1;1;1;548.5;535.9;542.8;567.9;1;1;140;180;160;180;180;840
276415;2024;23564229;2304103;Crateús;23;CE;1;1;1;2309409;Novo Oriente;23;CE;1;1;1;1;514.3;624.9;563;624.5;0;1;180;180;160;200;200;920
2830992;2024;NA;NA;;NA;;NA;NA;NA;2304400;Fortaleza;23;CE;1;1;1;1;497.3;619.4;607.3;653.2;0;1;120;140;120;180;100;660
3724838;2024;35065997;3516200;Franca;35;SP;2;1;1;3516200;Franca;35;SP;0;0;0;0;NA;NA;NA;NA;0;NA;NA;NA;NA;NA;NA;NA
2543328;2024;NA;NA;;NA;;NA;NA;NA;3138401;Leopoldina;31;MG;1;1;1;1;575.7;548.1;603.6;698.7;1;1;140;200;140;160;140;780
3192682;2024;NA;NA;;NA;;NA;NA;NA;4301602;Bagé;43;RS;1;1;1;1;529.5;496.7;501.2;390.7;1;1;100;140;100;120;100;560
63557;2024;22027203;2211001;Teresina;22;PI;2;1;1;2211001;Teresina;22;PI;1;1;1;1;558.3;637.9;609.2;684.7;0;1;160;200;160;140;200;860
683130;2024;35047466;3543402;Ribeirão Preto;35;SP;2;1;1;3543402;Ribeirão Preto;35;SP;1;1;1;1;550.8;600.2;585.1;576;0;1;140;200;160;160;160;820
3641857;2024;NA;NA;;NA;;NA;NA;NA;4302105;Bento Gonçalves;43;RS;1;1;1;1;583.1;615.9;648.5;648.9;1;1;140;180;160;160;200;840
1462383;2024;NA;NA;;NA;;NA;NA;NA;2804805;Nossa Senhora do Socorro;28;SE;1;1;1;1;538.7;607.4;526.1;574.4;0;1;140;160;120;120;120;660
859967;2024;52033333;5208707;Goiânia;52;GO;2;1;1;5208707;Goiânia;52;GO;1;1;1;1;408.1;498.1;500.6;407.8;0;4;0;0;0;0;0;0
3789340;2024;NA;NA;;NA;;NA;NA;NA;3304755;São Francisco de Itabapoana;33;RJ;1;1;1;1;397.5;357.7;440.1;484.5;0;1;80;120;80;80;0;360
1864628;2024;NA;NA;;NA;;NA;NA;NA;2923803;Paripiranga;29;BA;1;1;1;1;377.3;312.3;483.4;385.6;1;6;0;0;0;0;0;0
2607785;2024;42082242;4216305;São João Batista;42;SC;2;1;1;4218004;Tijucas;42;SC;1;1;1;1;564.2;497;583.8;634.5;0;1;140;200;160;180;200;880
2617319;2024;52097676;5208707;Goiânia;52;GO;4;1;1;5208707;Goiânia;52;GO;1;1;1;1;593;630.5;585.2;719.8;0;1;160;200;200;180;200;940
3481289;2024;33028133;3305208;São Pedro da Aldeia;33;RJ;2;1;1;3305208;São Pedro da Aldeia;33;RJ;0;0;0;0;NA;NA;NA;NA;1;NA;NA;NA;NA;NA;NA;NA
3196613;2024;NA;NA;;NA;;NA;NA;NA;2927408;Salvador;29;BA;1;1;1;1;521.6;515.8;566.4;599.3;0;1;100;120;100;80;60;460
1369581;2024;22028650;2211001;Teresina;22;PI;2;1;1;2211001;Teresina;22;PI;1;1;1;1;428.3;601.4;600.7;576.8;0;1;160;200;160;200;200;920
2763658;2024;50006509;5002704;Campo Grande;50;MS;2;1;1;5002704;Campo Grande;50;MS;1;1;1;1;481.2;429.8;462.2;385.9;1;1;100;120;80;100;80;480
3368846;2024;NA;NA;;NA;;NA;NA;NA;2408102;Natal;24;RN;0;0;0;0;NA;NA;NA;NA;0;NA;NA;NA;NA;NA;NA;NA
1847174;2024;NA;NA;;NA;;NA;NA;NA;2504009;Campina Grande;25;PB;1;1;1;1;457.7;412.6;505.1;411.6;1;1;100;80;80;120;140;520
2542528;2024;52049434;5215603;Padre Bernardo;52;GO;2;1;1;5215603;Padre Bernardo;52;GO;1;1;1;1;477.1;370.9;383.3;443;0;1;120;180;140;140;100;680
3033039;2024;NA;NA;;NA;;NA;NA;NA;2105302;Imperatriz;21;MA;0;0;0;0;NA;NA;NA;NA;0;NA;NA;NA;NA;NA;NA;NA
1247388;2024;NA;NA;;NA;;NA;NA;NA;1702109;Araguaína;17;TO;1;1;1;1;467;565.8;595.4;489.6;1;1;120;120;120;120;100;580
3636706;2024;42018650;4218202;Timbó;42;SC;2;1;1;4218202;Timbó;42;SC;0;0;0;0;NA;NA;NA;NA;1;NA;NA;NA;NA;NA;NA;NA
2386104;2024;NA;NA;;NA;;NA;NA;NA;1721000;Palmas;17;TO;1;1;1;1;583.2;543.9;541.8;403.2;1;1;160;200;180;160;120;820
3145406;2024;31001406;3106200;Belo Horizonte;31;MG;2;1;1;3106200;Belo Horizonte;31;MG;1;1;1;1;504.3;379.4;418.3;455.5;1;1;120;120;120;100;80;540
2714787;2024;33105294;3304557;Rio de Janeiro;33;RJ;2;1;1;3304557;Rio de Janeiro;33;RJ;1;1;1;1;621.4;626.4;620.8;765.2;0;1;120;140;120;120;100;600
2773080;2024;33191824;3304557;Rio de Janeiro;33;RJ;4;1;1;3304557;Rio de Janeiro;33;RJ;1;1;1;1;439.4;534.4;551;495.5;0;1;180;180;160;180;200;900
3022934;2024;NA;NA;;NA;;NA;NA;NA;3106200;Belo Horizonte;31;MG;1;1;1;1;443.8;504.1;510.4;388.2;0;1;120;120;120;120;80;560
3116127;2024;NA;NA;;NA;;NA;NA;NA;3550308;São Paulo;35;SP;1;1;1;1;542.9;544.5;627.5;661.8;0;1;160;180;140;180;200;860
4055924;2024;NA;NA;;NA;;NA;NA;NA;2201903;Bom Jesus;22;PI;0;0;0;0;NA;NA;NA;NA;0;NA;NA;NA;NA;NA;NA;NA
3411494;2024;31129313;3154002;Raul Soares;31;MG;2;1;1;3113404;Caratinga;31;MG;1;1;1;1;404.2;506.7;560.8;417.5;0;1;120;160;120;160;140;700
4047716;2024;NA;NA;;NA;;NA;NA;NA;4314902;Porto Alegre;43;RS;0;1;1;0;NA;325.3;593.2;NA;1;9;0;0;0;0;0;0
2919063;2024;35462421;3531308;Monte Alto;35;SP;2;1;1;3531308;Monte Alto;35;SP;1;1;1;1;515.7;562.4;582.8;699;0;1;120;160;120;120;80;600
2404847;2024;24087017;2405801;João Câmara;24;RN;4;1;1;2405801;João Câmara;24;RN;1;1;1;1;369.2;418.8;482.3;403.6;1;1;140;120;140;140;180;720
2545292;2024;NA;NA;;NA;;NA;NA;NA;3538709;Piracicaba;35;SP;1;1;1;1;547.9;598;582.9;734.6;0;1;140;200;180;160;160;840
619461;2024;32017243;3204054;Pedro Canário;32;ES;2;1;1;3204054;Pedro Canário;32;ES;1;1;1;1;498.8;618.8;585.5;621.3;1;1;120;180;140;160;200;800
723514;2024;NA;NA;;NA;;NA;NA;NA;4310603;Itaqui;43;RS;1;1;1;1;353.3;507;504.6;401.8;0;1;100;100;80;100;40;420
1869282;2024;NA;NA;;NA;;NA;NA;NA;1718204;Porto Nacional;17;TO;1;1;1;1;524;487.2;562.8;426;1;1;120;160;120;180;120;700
4130052;2024;31009202;3165537;Sarzedo;31;MG;2;1;1;3106705;Betim;31;MG;1;1;1;1;551.1;595.5;569.2;562.4;0;1;120;120;100;100;40;480
861607;2024;NA;NA;;NA;;NA;NA;NA;2925303;Porto Seguro;29;BA;1;1;1;1;475.7;608;620.3;667.5;0;1;120;180;160;140;180;780
1451327;2024;33113106;3304557;Rio de Janeiro;33;RJ;4;1;1;3304557;Rio de Janeiro;33;RJ;1;1;1;1;608;652.6;633;722.1;0;1;160;200;160;200;180;900
2318590;2024;NA;NA;;NA;;NA;NA;NA;2609600;Olinda;26;PE;1;1;1;1;621.8;678.9;471.8;732.4;0;1;120;140;120;140;120;640
3284327;2024;25087304;2504033;Capim;25;PB;2;1;1;2508901;Mamanguape;25;PB;1;1;1;1;500.7;487.9;524.7;557;0;4;0;0;0;0;0;0
3300600;2024;NA;NA;;NA;;NA;NA;NA;2302008;Barro;23;CE;1;1;1;1;451.3;494.3;474.7;427.9;1;1;100;120;120;140;80;560
3597424;2024;NA;NA;;NA;;NA;NA;NA;3146107;Ouro Preto;31;MG;1;1;1;1;404;501.9;464.1;384.8;1;1;100;120;80;100;80;480
351834;2024;NA;NA;;NA;;NA;NA;NA;2301208;Aracoiaba;23;CE;1;1;1;1;400.4;406.8;479.5;631.8;1;1;160;160;140;180;160;800
1192619;2024;NA;NA;;NA;;NA;NA;NA;2613701;São Lourenço da Mata;26;PE;1;1;1;1;572.9;338.5;559.4;489.7;1;1;120;180;120;180;140;740
1258180;2024;25089820;2515302;Sapé;25;PB;2;1;1;2515302;Sapé;25;PB;1;1;1;1;546.6;503.1;483.5;532;0;1;120;140;120;120;140;640
3848336;2024;NA;NA;;NA;;NA;NA;NA;3543907;Rio Claro;35;SP;1;1;1;1;577;523.9;515.4;542.4;0;1;100;120;120;120;140;600
3547627;2024;NA;NA;;NA;;NA;NA;NA;4107652;Fazenda Rio Grande;41;PR;0;0;0;0;NA;NA;NA;NA;1;NA;NA;NA;NA;NA;NA;NA
233198;2024;NA;NA;;NA;;NA;NA;NA;4310108;Igrejinha;43;RS;1;1;1;1;655.2;629.5;638.7;690.6;0;1;160;200;180;200;200;940
3789047;2024;NA;NA;;NA;;NA;NA;NA;3145901;Ouro Branco;31;MG;1;1;1;1;552.3;572.3;506.9;478.1;0;1;120;120;100;100;120;560
4114498;2024;NA;NA;;NA;;NA;NA;NA;3152105;Ponte Nova;31;MG;1;1;1;1;558.5;584;547.4;755.6;0;1;140;160;120;160;140;720
2531648;2024;NA;NA;;NA;;NA;NA;NA;2409407;Pau dos Ferros;24;RN;1;1;1;1;600;644.3;603.2;691.2;1;1;160;200;180;200;200;940
4232007;2024;NA;NA;;NA;;NA;NA;NA;3304557;Rio de Janeiro;33;RJ;0;0;0;0;NA;NA;NA;NA;0;NA;NA;NA;NA;NA;NA;NA
355128;2024;NA;NA;;NA;;NA;NA;NA;1303007;Nhamundá;13;AM;1;1;1;1;381.4;392.6;404.9;375.6;1;1;80;100;60;80;0;320
992531;2024;26117991;2611606;Recife;26;PE;4;1;1;2611606;Recife;26;PE;1;1;1;1;549.8;640.2;609.5;765.5;0;1;160;160;180;180;160;840
3862268;2024;NA;NA;;NA;;NA;NA;NA;3303500;Nova Iguaçu;33;RJ;1;1;1;1;501.3;620.4;577.3;650.1;1;1;140;120;120;140;120;640
1088086;2024;NA;NA;;NA;;NA;NA;NA;1500800;Ananindeua;15;PA;0;1;1;0;NA;423.6;532.9;NA;1;4;0;0;0;0;0;0
328458;2024;23040017;2313500;Trairi;23;CE;2;1;1;2313500;Trairi;23;CE;1;1;1;1;443.8;508.6;515.7;463.2;1;1;120;140;120;140;200;720
960122;2024;41067827;4127403;Terra Roxa;41;PR;2;1;1;4108809;Guaíra;41;PR;1;1;1;1;471.2;490.3;450.3;542.9;1;1;160;180;120;180;200;840
3064439;2024;NA;NA;;NA;;NA;NA;NA;2504009;Campina Grande;25;PB;1;1;1;1;430.3;397.5;425.8;391.4;1;1;80;160;80;120;120;560
2932617;2024;52038521;5209200;Guapó;52;GO;2;1;1;5221403;Trindade;52;GO;0;0;0;0;NA;NA;NA;NA;1;NA;NA;NA;NA;NA;NA;NA
1222993;2024;NA;NA;;NA;;NA;NA;NA;2103208;Chapadinha;21;MA;0;0;0;0;NA;NA;NA;NA;1;NA;NA;NA;NA;NA;NA;NA
1454590;2024;NA;NA;;NA;;NA;NA;NA;2804805;Nossa Senhora do Socorro;28;SE;1;1;1;1;509;513.9;545.3;484.3;1;1;120;120;120;120;80;560
2707432;2024;NA;NA;;NA;;NA;NA;NA;3301702;Duque de Caxias;33;RJ;0;0;0;0;NA;NA;NA;NA;1;NA;NA;NA;NA;NA;NA;NA
3479267;2024;NA;NA;;NA;;NA;NA;NA;2800308;Aracaju;28;SE;1;1;1;1;669.1;596.6;535.5;758;0;1;120;160;120;140;100;640
497990;2024;NA;NA;;NA;;NA;NA;NA;4127700;Toledo;41;PR;1;1;1;1;686.6;637.3;581.3;766.9;0;1;140;200;160;200;200;900
3460895;2024;13314211;1302603;Manaus;13;AM;2;1;1;1302603;Manaus;13;AM;0;0;0;0;NA;NA;NA;NA;0;NA;NA;NA;NA;NA;NA;NA
1434994;2024;NA;NA;;NA;;NA;NA;NA;2908101;Cocos;29;BA;1;1;1;1;416.5;520;521.3;401.6;1;1;120;120;120;120;140;620
3631843;2024;NA;NA;;NA;;NA;NA;NA;3304904;São Gonçalo;33;RJ;0;0;0;0;NA;NA;NA;NA;0;NA;NA;NA;NA;NA;NA;NA
2589580;2024;NA;NA;;NA;;NA;NA;NA;3305109;São João de Meriti;33;RJ;1;1;1;1;490.1;639.3;583.3;489.7;1;1;100;120;100;120;80;520
3430960;2024;NA;NA;;NA;;NA;NA;NA;2611101;Petrolina;26;PE;0;0;0;0;NA;NA;NA;NA;1;NA;NA;NA;NA;NA;NA;NA
750205;2024;35908873;3518800;Guarulhos;35;SP;2;1;1;3518800;Guarulhos;35;SP;1;1;1;1;492.4;491.9;490.1;423.1;0;1;100;120;100;120;60;500
853621;2024;21188793;2111607;São Raimundo das Mangabeiras;21;MA;4;1;1;2111607;São Raimundo das Mangabeiras;21;MA;1;1;1;1;440.3;591.1;518.9;654.8;1;1;140;160;160;200;200;860
259012;2024;NA;NA;;NA;;NA;NA;NA;2208007;Picos;22;PI;1;1;1;1;434.9;591.2;495.2;655.4;0;1;160;200;200;200;200;960
99507;2024;22014160;2205706;Luís Correia;22;PI;2;2;1;2202703;Cocal;22;PI;1;1;1;1;353.2;523.7;485.1;442;1;1;100;120;80;120;40;460
994425;2024;NA;NA;;NA;;NA;NA;NA;4314407;Pelotas;43;RS;0;0;0;0;NA;NA;NA;NA;1;NA;NA;NA;NA;NA;NA;NA
2102554;2024;13028006;1302603;Manaus;13;AM;2;1;1;1302603;Manaus;13;AM;1;1;1;1;466.6;401.9;436.3;422.9;0;1;100;100;80;80;0;360
2109043;2024;NA;NA;;NA;;NA;NA;NA;2102002;Bom Jardim;21;MA;1;1;1;1;454.4;543.1;570.8;503.5;1;1;140;200;160;200;180;880
1225318;2024;NA;NA;;NA;;NA;NA;NA;2800308;Aracaju;28;SE;0;0;0;0;NA;NA;NA;NA;1;NA;NA;NA;NA;NA;NA;NA
2077426;2024;NA;NA;;NA;;NA;NA;NA;2908002;Coaraci;29;BA;0;0;0;0;NA;NA;NA;NA;1;NA;NA;NA;NA;NA;NA;NA
2804159;2024;NA;NA;;NA;;NA;NA;NA;3550308;São Paulo;35;SP;1;1;1;1;625;603.3;541.6;556.2;0;1;140;140;120;160;160;720
1760559;2024;NA;NA;;NA;;NA;NA;NA;2704302;Maceió;27;AL;1;1;1;1;557.3;547.6;595;731.8;0;1;140;200;140;200;200;880
2688032;2024;35115277;3548906;São Carlos;35;SP;4;1;1;3548906;São Carlos;35;SP;1;1;1;1;498.2;562;568.3;599.8;0;1;120;200;120;120;180;740
2592927;2024;43094074;4313508;Osório;43;RS;2;1;1;4313508;Osório;43;RS;1;1;1;1;562.2;545.8;567.9;474.4;1;1;120;140;140;140;140;680
2349597;2024;NA;NA;;NA;;NA;NA;NA;2507507;João Pessoa;25;PB;0;0;0;0;NA;NA;NA;NA;1;NA;NA;NA;NA;NA;NA;NA
4042995;2024;NA;NA;;NA;;NA;NA;NA;4202008;Balneário Camboriú;42;SC;1;1;1;1;514.2;540.2;579;581.7;0;1;120;160;120;120;40;560
4230114;2024;NA;NA;;NA;;NA;NA;NA;2704302;Maceió;27;AL;1;1;1;1;591.7;629.7;626.8;605.7;1;1;120;180;120;120;80;620
3017958;2024;NA;NA;;NA;;NA;NA;NA;4211900;Palhoça;42;SC;1;1;1;1;612.7;515.5;516.2;442;0;1;100;120;120;120;120;580
3054469;2024;NA;NA;;NA;;NA;NA;NA;3304557;Rio de Janeiro;33;RJ;1;1;1;1;544.8;543.9;507.6;460.8;0;1;120;140;120;120;80;580
3455848;2024;35902044;3522505;Itapevi;35;SP;2;1;1;3522505;Itapevi;35;SP;0;0;0;0;NA;NA;NA;NA;0;NA;NA;NA;NA;NA;NA;NA
1652031;2024;NA;NA;;NA;;NA;NA;NA;3101607;Alfenas;31;MG;0;0;0;0;NA;NA;NA;NA;0;NA;NA;NA;NA;NA;NA;NA
192322;2024;NA;NA;;NA;;NA;NA;NA;2411502;Santo Antônio;24;RN;1;1;1;1;544.9;565.3;537.6;523;1;1;120;120;100;120;80;540
2742906;2024;35159612;3553807;Taquarituba;35;SP;4;1;1;3521804;Itaí;35;SP;1;1;1;1;613.1;623.6;633.5;642;0;1;140;180;140;120;140;720
2088868;2024;NA;NA;;NA;;NA;NA;NA;1300607;Benjamin Constant;13;AM;1;1;1;1;498.2;564.4;559.9;625;1;1;120;120;120;140;100;600
1197673;2024;NA;NA;;NA;;NA;NA;NA;3543402;Ribeirão Preto;35;SP;1;1;1;1;481.4;496.4;486.3;452.5;0;1;160;180;160;200;120;820
3841060;2024;NA;NA;;NA;;NA;NA;NA;3549805;São José do Rio Preto;35;SP;1;1;1;1;468.3;367.8;388.1;468.8;1;1;120;160;120;140;120;660
3909726;2024;NA;NA;;NA;;NA;NA;NA;2611002;Petrolândia;26;PE;1;0;0;1;404.8;NA;NA;466.6;1;NA;NA;NA;NA;NA;NA;NA
1428859;2024;42150663;4202909;Brusque;42;SC;1;1;1;4202909;Brusque;42;SC;1;1;1;1;618;605.9;597;617;0;1;160;160;200;180;160;860
3630359;2024;13102249;1300805;Borba;13;AM;2;2;1;1303106;Nova Olinda do Norte;13;AM;0;0;0;0;NA;NA;NA;NA;1;NA;NA;NA;NA;NA;NA;NA
645416;2024;NA;NA;;NA;;NA;NA;NA;4304606;Canoas;43;RS;0;0;0;0;NA;NA;NA;NA;1;NA;NA;NA;NA;NA;NA;NA
2224044;2024;NA;NA;;NA;;NA;NA;NA;2306900;Jaguaribe;23;CE;1;1;1;1;439.6;533.2;555;545.4;1;1;120;160;120;160;160;720
1842977;2024;NA;NA;;NA;;NA;NA;NA;2111201;São José de Ribamar;21;MA;1;1;1;1;523.7;473.4;381.2;387.9;0;9;0;0;0;0;0;0
2811282;2024;NA;NA;;NA;;NA;NA;NA;2933307;Vitória da Conquista;29;BA;1;1;1;1;564.5;660.4;666.2;685.3;0;1;160;200;200;180;180;920
1234223;2024;NA;NA;;NA;;NA;NA;NA;2101202;Bacabal;21;MA;0;0;0;0;NA;NA;NA;NA;1;NA;NA;NA;NA;NA;NA;NA
3675237;2024;41068289;4127700;Toledo;41;PR;2;1;1;4127700;Toledo;41;PR;0;0;0;0;NA;NA;NA;NA;0;NA;NA;NA;NA;NA;NA;NA
234416;2024;NA;NA;;NA;;NA;NA;NA;3205309;Vitória;32;ES;0;0;0;0;NA;NA;NA;NA;0;NA;NA;NA;NA;NA;NA;NA
3994640;2024;NA;NA;;NA;;NA;NA;NA;2606002;Garanhuns;26;PE;0;0;0;0;NA;NA;NA;NA;1;NA;NA;NA;NA;NA;NA;NA
1678720;2024;23166185;2308401;Missão Velha;23;CE;2;1;1;2308401;Missão Velha;23;CE;0;1;1;0;NA;385.1;381.7;NA;1;3;0;0;0;0;0;0
3660420;2024;29417163;2900702;Alagoinhas;29;BA;2;1;1;2900702;Alagoinhas;29;BA;0;0;0;0;NA;NA;NA;NA;0;NA;NA;NA;NA;NA;NA;NA
714702;2024;35901830;3518800;Guarulhos;35;SP;2;1;1;3518800;Guarulhos;35;SP;1;1;1;1;519.6;461.8;557.6;492;0;1;120;120;120;120;120;600
3083389;2024;NA;NA;;NA;;NA;NA;NA;4300604;Alvorada;43;RS;0;0;0;0;NA;NA;NA;NA;0;NA;NA;NA;NA;NA;NA;NA
1673083;2024;35011228;3520400;Ilhabela;35;SP;2;1;1;3520400;Ilhabela;35;SP;1;1;1;1;522.4;420.2;575.1;411;0;1;100;140;80;100;40;460
1040600;2024;23164913;2307304;Juazeiro do Norte;23;CE;2;1;1;2307304;Juazeiro do Norte;23;CE;1;1;1;1;374.3;365.3;435.8;411.6;1;1;80;60;60;60;20;280
1447872;2024;NA;NA;;NA;;NA;NA;NA;2111300;São Luís;21;MA;1;1;1;1;479.7;504;551.9;544.9;0;1;120;120;120;120;120;600
4223063;2024;NA;NA;;NA;;NA;NA;NA;2911600;Governador Mangabeira;29;BA;0;1;1;0;NA;570.1;549.1;NA;0;1;100;120;60;100;60;440
3077671;2024;15178242;1502806;Curralinho;15;PA;2;2;1;1502806;Curralinho;15;PA;0;1;1;0;NA;385.8;417.4;NA;1;6;0;0;0;0;0;0
2152924;2024;NA;NA;;NA;;NA;NA;NA;3106200;Belo Horizonte;31;MG;1;1;1;1;431.8;447.2;544.2;403.6;1;1;100;140;80;100;100;520
608566;2024;NA;NA;;NA;;NA;NA;NA;2313401;Tianguá;23;CE;0;0;0;0;NA;NA;NA;NA;0;NA;NA;NA;NA;NA;NA;NA
2512676;2024;NA;NA;;NA;;NA;NA;NA;3538709;Piracicaba;35;SP;1;1;1;1;606.4;715;646.1;701;0;1;160;200;160;200;180;900
4118439;2024;NA;NA;;NA;;NA;NA;NA;1502905;Curuçá;15;PA;1;1;1;1;365.3;406.7;406.3;392.7;0;1;120;120;120;120;120;600
213304;2024;NA;NA;;NA;;NA;NA;NA;2201200;Barras;22;PI;0;0;0;0;NA;NA;NA;NA;1;NA;NA;NA;NA;NA;NA;NA
56495;2024;NA;NA;;NA;;NA;NA;NA;2600203;Afrânio;26;PE;1;0;0;1;487.7;NA;NA;489.2;1;NA;NA;NA;NA;NA;NA;NA
3579258;2024;NA;NA;;NA;;NA;NA;NA;3300209;Araruama;33;RJ;1;1;1;1;392.5;394.3;513.1;482.6;0;1;120;160;120;120;80;600
669013;2024;NA;NA;;NA;;NA;NA;NA;2501005;Araruna;25;PB;1;1;1;1;479.7;584.5;593.6;402;0;1;160;160;120;160;140;740
2788071;2024;NA;NA;;NA;;NA;NA;NA;3534401;Osasco;35;SP;1;1;1;1;483.9;396.4;337.1;440.8;1;1;140;80;60;120;40;440
4066165;2024;NA;NA;;NA;;NA;NA;NA;4108304;Foz do Iguaçu;41;PR;1;1;1;1;558.5;604;607.9;454.1;1;1;120;120;120;120;120;600
254664;2024;13101145;1301902;Itacoatiara;13;AM;1;2;1;1301902;Itacoatiara;13;AM;1;1;1;1;487.9;482.1;559.9;494.8;1;1;120;200;140;160;180;800
3521198;2024;15177858;1500602;Altamira;15;PA;2;2;1;1507300;São Félix do Xingu;15;PA;0;0;0;0;NA;NA;NA;NA;0;NA;NA;NA;NA;NA;NA;NA
495548;2024;31024635;3153301;Presidente Kubitschek;31;MG;2;1;1;3121605;Diamantina;31;MG;1;1;1;1;418.1;404.4;492.2;437.2;1;1;120;100;120;120;120;580
612229;2024;NA;NA;;NA;;NA;NA;NA;2211001;Teresina;22;PI;0;0;0;0;NA;NA;NA;NA;1;NA;NA;NA;NA;NA;NA;NA
2733568;2024;NA;NA;;NA;;NA;NA;NA;2314003;Várzea Alegre;23;CE;1;1;1;1;618.1;638.1;593.4;661.8;1;1;120;200;160;160;160;800
3763578;2024;NA;NA;;NA;;NA;NA;NA;2507507;João Pessoa;25;PB;0;0;0;0;NA;NA;NA;NA;0;NA;NA;NA;NA;NA;NA;NA
4102064;2024;31119024;3148004;Patos de Minas;31;MG;2;1;1;3148004;Patos de Minas;31;MG;0;0;0;0;NA;NA;NA;NA;0;NA;NA;NA;NA;NA;NA;NA
3931453;2024;NA;NA;;NA;;NA;NA;NA;2704302;Maceió;27;AL;0;0;0;0;NA;NA;NA;NA;1;NA;NA;NA;NA;NA;NA;NA
3508522;2024;NA;NA;;NA;;NA;NA;NA;3530706;Mogi Guaçu;35;SP;1;1;1;1;459.2;502.7;515.5;507.8;0;1;120;120;120;140;140;640
195130;2024;35457450;3550308;São Paulo;35;SP;2;1;1;3550308;São Paulo;35;SP;1;1;1;1;566.1;557.6;588.4;741.6;0;1;120;180;140;140;140;720
2529046;2024;52055922;5200134;Acreúna;52;GO;2;1;1;5200134;Acreúna;52;GO;0;0;0;0;NA;NA;NA;NA;1;NA;NA;NA;NA;NA;NA;NA
99805;2024;23236027;2305209;Hidrolândia;23;CE;2;1;1;2305209;Hidrolândia;23;CE;1;1;1;1;412.1;381.6;441.6;427.1;1;1;100;100;80;100;100;480
2089136;2024;NA;NA;;NA;;NA;NA;NA;3127701;Governador Valadares;31;MG;1;1;1;1;402.6;494.2;509.6;468.9;0;1;160;180;140;160;180;820
4030534;2024;NA;NA;;NA;;NA;NA;NA;5211909;Jataí;52;GO;0;0;0;0;NA;NA;NA;NA;1;NA;NA;NA;NA;NA;NA;NA
897933;2024;NA;NA;;NA;;NA;NA;NA;3550308;São Paulo;35;SP;1;1;1;1;641.2;601.3;613.5;734.5;0;1;120;180;160;180;200;840
1824664;2024;NA;NA;;NA;;NA;NA;NA;2302800;Canindé;23;CE;1;1;1;1;471.3;515.4;522.8;386.2;1;1;120;160;120;120;180;700
3498210;2024;NA;NA;;NA;;NA;NA;NA;2800308;Aracaju;28;SE;1;1;1;1;665.4;581.8;601.1;655.2;1;1;140;160;140;140;160;740
2298697;2024;13106350;1303106;Nova Olinda do Norte;13;AM;2;1;1;1303106;Nova Olinda do Norte;13;AM;1;1;1;1;468.5;470.6;520.1;399.3;1;9;0;0;0;0;0;0
2682083;2024;29081319;2903805;Boa Vista do Tupim;29;BA;2;1;1;2914703;Itaberaba;29;BA;1;1;1;1;455.8;463.4;461;419.3;1;1;140;140;120;100;60;560
2871119;2024;NA;NA;;NA;;NA;NA;NA;3510609;Carapicuíba;35;SP;1;1;1;1;402.6;580.9;558.1;661;0;1;140;200;140;120;180;780
560987;2024;41388011;4117602;Palmas;41;PR;2;1;1;4117602;Palmas;41;PR;1;1;1;1;518.3;508.9;560.5;416.1;0;1;120;120;120;100;80;540
209342;2024;NA;NA;;NA;;NA;NA;NA;2101707;Barreirinhas;21;MA;0;0;0;0;NA;NA;NA;NA;0;NA;NA;NA;NA;NA;NA;NA
1871930;2024;35913157;3545803;Santa Bárbara d'Oeste;35;SP;2;1;1;3545803;Santa Bárbara d'Oeste;35;SP;1;1;1;1;375.2;470.5;384.8;431.6;1;1;120;40;40;100;40;340
2812671;2024;NA;NA;;NA;;NA;NA;NA;4314902;Porto Alegre;43;RS;1;1;1;1;508.8;480.5;557.5;476.1;1;1;80;80;80;100;60;400
2304699;2024;31108103;3146107;Ouro Preto;31;MG;4;1;1;3131901;Itabirito;31;MG;1;1;1;1;579.7;600.2;585.4;658.9;0;1;160;200;180;180;200;920
2560119;2024;17039932;1707405;Esperantina;17;TO;2;1;1;1707405;Esperantina;17;TO;1;1;1;1;445.4;298;464.4;456;1;1;100;160;120;120;80;580
98125;2024;NA;NA;;NA;;NA;NA;NA;5002704;Campo Grande;50;MS;0;0;0;0;NA;NA;NA;NA;1;NA;NA;NA;NA;NA;NA;NA
140483;2024;53012356;5300108;Brasília;53;DF;2;1;1;5300108;Brasília;53;DF;1;1;1;1;541.3;524.4;540.9;615.2;0;1;120;140;140;140;140;680
2502984;2024;35016676;3554003;Tatuí;35;SP;2;1;1;3554003;Tatuí;35;SP;1;1;1;1;371.6;475.4;411.6;414.7;1;1;120;160;120;160;140;700
4297920;2024;NA;NA;;NA;;NA;NA;NA;4309209;Gravataí;43;RS;0;0;0;0;NA;NA;NA;NA;1;NA;NA;NA;NA;NA;NA;NA
3776071;2024;NA;NA;;NA;;NA;NA;NA;2111102;São João dos Patos;21;MA;1;1;1;1;598.9;643.8;599;527.2;1;1;120;120;120;140;80;580
767652;2024;NA;NA;;NA;;NA;NA;NA;1302603;Manaus;13;AM;1;1;1;1;510.8;427;440.6;397.6;1;1;100;120;120;120;100;560
2396475;2024;NA;NA;;NA;;NA;NA;NA;3168606;Teófilo Otoni;31;MG;1;1;1;1;574.3;603;589.8;571;1;1;140;180;160;140;100;720
2022800;2024;31147966;3168606;Teófilo Otoni;31;MG;2;1;1;3168606;Teófilo Otoni;31;MG;1;1;1;1;612.8;680.9;612.9;714.8;0;1;140;200;100;120;200;760
1649753;2024;35405224;3551009;São Vicente;35;SP;2;1;1;3551009;São Vicente;35;SP;1;1;1;1;514.7;535.9;598.6;620;0;1;160;180;160;180;180;860
430708;2024;NA;NA;;NA;;NA;NA;NA;1506807;Santarém;15;PA;1;1;1;1;377.7;422;438;433.9;0;1;120;160;160;160;180;780
6456;2024;23023953;2312007;Santana do Acaraú;23;CE;2;1;1;2312007;Santana do Acaraú;23;CE;1;1;1;1;448;384.8;424.1;396.6;1;1;120;180;120;120;140;680
2288417;2024;NA;NA;;NA;;NA;NA;NA;2302800;Canindé;23;CE;1;1;1;1;586.8;374.1;546.5;507.3;0;1;120;160;120;140;140;680
3704150;2024;NA;NA;;NA;;NA;NA;NA;4314407;Pelotas;43;RS;0;0;0;0;NA;NA;NA;NA;1;NA;NA;NA;NA;NA;NA;NA
892873;2024;32017243;3204054;Pedro Canário;32;ES;2;1;1;3204054;Pedro Canário;32;ES;1;1;1;1;370.8;414.8;504.5;377.9;1;1;140;180;120;140;120;700
3338377;2024;NA;NA;;NA;;NA;NA;NA;2304400;Fortaleza;23;CE;1;1;1;1;688.4;619.6;686.6;763.8;0;1;160;200;200;180;200;940
2309354;2024;NA;NA;;NA;;NA;NA;NA;4106902;Curitiba;41;PR;1;1;1;1;752.4;778.5;662.6;832;0;1;160;200;180;180;200;920
1803005;2024;NA;NA;;NA;;NA;NA;NA;3301702;Duque de Caxias;33;RJ;1;1;1;1;581.3;657;606.2;721.6;0;1;140;160;140;140;80;660
1559633;2024;33048037;3300456;Belford Roxo;33;RJ;4;1;1;3300456;Belford Roxo;33;RJ;1;1;1;1;430.5;510.4;526.7;574.9;1;1;160;180;160;160;140;800
411407;2024;NA;NA;;NA;;NA;NA;NA;2914703;Itaberaba;29;BA;1;1;1;1;498.7;364.5;421.1;509.5;1;1;80;120;120;120;140;580
1416797;2024;NA;NA;;NA;;NA;NA;NA;4309308;Guaíba;43;RS;0;0;0;0;NA;NA;NA;NA;0;NA;NA;NA;NA;NA;NA;NA
1282013;2024;16002431;1600303;Macapá;16;AP;2;1;1;1600303;Macapá;16;AP;1;1;1;1;395.2;532.4;555.5;472.6;1;1;120;100;100;120;80;520
1949328;2024;NA;NA;;NA;;NA;NA;NA;4106902;Curitiba;41;PR;1;1;1;1;690;666.4;676;767.1;1;1;160;180;160;180;200;880
2732862;2024;31054682;3110608;Cambuí;31;MG;2;1;1;3110608;Cambuí;31;MG;0;1;1;0;NA;470.9;489.2;NA;1;1;120;160;120;120;80;600
1630280;2024;NA;NA;;NA;;NA;NA;NA;3300100;Angra dos Reis;33;RJ;0;0;0;0;NA;NA;NA;NA;1;NA;NA;NA;NA;NA;NA;NA
3541475;2024;NA;NA;;NA;;NA;NA;NA;3168705;Timóteo;31;MG;1;1;1;1;488.7;540.1;557.7;496.7;0;1;160;200;160;160;180;860
2972122;2024;33071632;3304557;Rio de Janeiro;33;RJ;4;1;1;3304557;Rio de Janeiro;33;RJ;1;1;1;1;420.7;481.1;520.3;406.4;0;1;120;120;100;120;60;520
1894680;2024;31181382;3151305;Piraúba;31;MG;2;1;1;3169901;Ubá;31;MG;1;1;1;1;523.3;512.7;514.6;494.1;1;1;120;180;120;120;80;620
3135181;2024;NA;NA;;NA;;NA;NA;NA;1501402;Belém;15;PA;1;1;1;1;409.6;470.1;528.8;428.9;1;1;80;120;80;100;0;380
2911962;2024;NA;NA;;NA;;NA;NA;NA;2907509;Catu;29;BA;1;1;1;1;591.1;572;590.3;670.9;1;1;140;120;120;140;160;680
1511869;2024;15175413;1506500;Santa Izabel do Pará;15;PA;2;1;1;1506500;Santa Izabel do Pará;15;PA;1;1;1;1;475.8;487.4;515.6;493.9;0;1;80;160;100;120;180;640
1113587;2024;24052167;2402600;Ceará-Mirim;24;RN;2;1;1;2402600;Ceará-Mirim;24;RN;1;1;1;1;488;461;416.1;383.3;1;1;100;120;100;120;100;540
2507121;2024;31342645;3156205;Rochedo de Minas;31;MG;2;1;1;3162906;São João Nepomuceno;31;MG;1;1;1;1;414.5;506;523.9;417.6;0;1;120;140;100;120;80;560
27984;2024;NA;NA;;NA;;NA;NA;NA;2402006;Caicó;24;RN;1;1;1;1;462;497;504.9;432.4;0;1;120;120;100;120;120;580
507861;2024;31160130;3170107;Uberaba;31;MG;2;1;1;3170107;Uberaba;31;MG;1;1;1;1;557.3;590;589.1;414.9;0;1;120;200;120;120;140;700
3220321;2024;NA;NA;;NA;;NA;NA;NA;3136207;João Monlevade;31;MG;0;0;0;0;NA;NA;NA;NA;0;NA;NA;NA;NA;NA;NA;NA
1417231;2024;NA;NA;;NA;;NA;NA;NA;3303302;Niterói;33;RJ;0;0;0;0;NA;NA;NA;NA;0;NA;NA;NA;NA;NA;NA;NA
1643537;2024;NA;NA;;NA;;NA;NA;NA;3519709;Ibiúna;35;SP;1;1;1;1;608.4;693.7;599.1;697.8;0;1;140;200;160;160;160;820
978562;2024;13093177;1302603;Manaus;13;AM;2;1;1;1302603;Manaus;13;AM;0;0;0;0;NA;NA;NA;NA;1;NA;NA;NA;NA;NA;NA;NA
2260248;2024;NA;NA;;NA;;NA;NA;NA;3204906;São Mateus;32;ES;1;1;1;1;506.7;496.8;536.6;553.2;1;1;120;120;100;120;80;540
3602439;2024;NA;NA;;NA;;NA;NA;NA;3112307;Capelinha;31;MG;0;0;0;0;NA;NA;NA;NA;1;NA;NA;NA;NA;NA;NA;NA
784380;2024;NA;NA;;NA;;NA;NA;NA;2923803;Paripiranga;29;BA;0;0;0;0;NA;NA;NA;NA;1;NA;NA;NA;NA;NA;NA;NA
1741653;2024;NA;NA;;NA;;NA;NA;NA;2405801;João Câmara;24;RN;1;1;1;1;397.5;505.9;546.1;430.8;1;1;120;120;120;140;120;620
661914;2024;NA;NA;;NA;;NA;NA;NA;2610905;Pesqueira;26;PE;0;0;0;0;NA;NA;NA;NA;1;NA;NA;NA;NA;NA;NA;NA
555139;2024;NA;NA;;NA;;NA;NA;NA;2111300;São Luís;21;MA;1;1;1;1;534.8;593.9;612.4;639.4;0;1;120;160;120;120;80;600
2278310;2024;NA;NA;;NA;;NA;NA;NA;4106407;Cornélio Procópio;41;PR;1;1;1;1;520.6;474.5;497.5;502.7;0;1;100;120;120;100;80;520
2170121;2024;41130499;4106902;Curitiba;41;PR;2;1;1;4105805;Colombo;41;PR;1;1;1;1;421.2;476.5;497.5;416.8;0;1;120;100;40;100;0;360
2727811;2024;NA;NA;;NA;;NA;NA;NA;1200401;Rio Branco;12;AC;1;1;1;1;558.2;564.5;606.7;467;1;1;120;140;120;120;100;600
3419213;2024;26106701;2600054;Abreu e Lima;26;PE;2;1;1;2606804;Igarassu;26;PE;1;1;1;1;425.1;376.2;461.6;401;1;1;80;120;100;80;60;440
234410;2024;NA;NA;;NA;;NA;NA;NA;3550704;São Sebastião;35;SP;0;0;0;0;NA;NA;NA;NA;0;NA;NA;NA;NA;NA;NA;NA
2680049;2024;32115032;3205069;Venda Nova do Imigrante;32;ES;1;1;1;3205069;Venda Nova do Imigrante;32;ES;1;1;1;1;555.1;546.8;556.4;576.8;0;1;120;180;120;120;140;680
3085681;2024;35113943;3539301;Pirassununga;35;SP;4;1;1;3539301;Pirassununga;35;SP;1;1;1;1;594.5;539.2;567.7;704.5;1;1;120;140;100;100;60;520
641540;2024;29842727;2927408;Salvador;29;BA;2;1;1;2927408;Salvador;29;BA;1;1;1;1;350.7;408;469.2;451.1;0;6;0;0;0;0;0;0
2233130;2024;NA;NA;;NA;;NA;NA;NA;5208608;Goianésia;52;GO;1;1;1;1;581.6;640.8;603.6;411;0;1;160;180;140;160;120;760
1353102;2024;29393760;2910701;Euclides da Cunha;29;BA;4;1;1;2910701;Euclides da Cunha;29;BA;1;1;1;1;497.8;622.3;566.4;506.3;0;1;140;180;120;160;160;760
2593201;2024;35103433;3550308;São Paulo;35;SP;4;1;1;3513009;Cotia;35;SP;1;1;1;1;625.2;634.8;643;704.4;0;1;160;200;180;180;140;860
4170479;2024;43156525;4321600;Tramandaí;43;RS;2;1;1;4321600;Tramandaí;43;RS;1;1;1;1;596.9;536.9;542.5;511.2;0;1;100;120;100;120;80;520
641300;2024;35323724;3505708;Barueri;35;SP;3;1;1;3534401;Osasco;35;SP;1;1;1;1;561.3;598.7;591.7;673;0;1;120;120;120;120;60;540
683224;2024;50033115;5003702;Dourados;50;MS;1;1;1;5003702;Dourados;50;MS;1;1;1;1;419.9;541.6;521;603.5;0;1;160;160;160;160;160;800
1955441;2024;NA;NA;;NA;;NA;NA;NA;4208203;Itajaí;42;SC;0;0;0;0;NA;NA;NA;NA;0;NA;NA;NA;NA;NA;NA;NA
1712750;2024;NA;NA;;NA;;NA;NA;NA;2911709;Guanambi;29;BA;1;1;1;1;488.7;621.7;607.7;576.4;0;1;100;140;100;120;80;540
1852328;2024;32034296;3201308;Cariacica;32;ES;4;1;1;3201308;Cariacica;32;ES;1;1;1;1;544.4;493.9;537.8;497.6;0;1;120;140;120;120;160;660
3895181;2024;NA;NA;;NA;;NA;NA;NA;3148004;Patos de Minas;31;MG;1;1;1;1;433.4;373.9;451.2;390.5;1;3;0;0;0;0;0;0
2261230;2024;35010424;3522505;Itapevi;35;SP;2;1;1;3522505;Itapevi;35;SP;1;1;1;1;367.1;419.9;360.3;417.3;1;1;120;120;100;100;60;500
1405809;2024;NA;NA;;NA;;NA;NA;NA;4301602;Bagé;43;RS;0;1;1;0;NA;513.2;564.3;NA;0;1;140;180;160;120;60;660
4055005;2024;NA;NA;;NA;;NA;NA;NA;2800308;Aracaju;28;SE;0;0;0;0;NA;NA;NA;NA;1;NA;NA;NA;NA;NA;NA;NA
2575072;2024;35000450;3550308;São Paulo;35;SP;2;1;1;3550308;São Paulo;35;SP;1;1;1;1;439.7;584.5;543.4;437.7;0;1;140;160;140;120;100;660
2480355;2024;NA;NA;;NA;;NA;NA;NA;2303006;Caridade;23;CE;1;1;1;1;443.8;359;411.4;393.4;1;4;0;0;0;0;0;0
367507;2024;23277874;2302206;Beberibe;23;CE;2;1;1;2302206;Beberibe;23;CE;1;1;1;1;402.3;500.6;522.5;468.6;1;1;120;120;80;120;40;480
1712311;2024;NA;NA;;NA;;NA;NA;NA;3550308;São Paulo;35;SP;0;0;0;0;NA;NA;NA;NA;0;NA;NA;NA;NA;NA;NA;NA
1523985;2024;NA;NA;;NA;;NA;NA;NA;4303509;Camaquã;43;RS;0;0;0;0;NA;NA;NA;NA;1;NA;NA;NA;NA;NA;NA;NA
3185631;2024;NA;NA;;NA;;NA;NA;NA;1501402;Belém;15;PA;1;1;1;1;483.7;484.5;460;518.2;1;4;0;0;0;0;0;0
4266261;2024;NA;NA;;NA;;NA;NA;NA;4305108;Caxias do Sul;43;RS;0;1;1;0;NA;370.4;442.2;NA;1;1;80;120;80;100;20;400
284743;2024;NA;NA;;NA;;NA;NA;NA;3304557;Rio de Janeiro;33;RJ;1;1;1;1;359.7;455;358.6;577.3;0;1;100;100;60;100;0;360
3453067;2024;NA;NA;;NA;;NA;NA;NA;3509205;Cajamar;35;SP;1;1;1;1;363.8;487;517.3;533;1;1;120;120;100;140;80;560
3197753;2024;NA;NA;;NA;;NA;NA;NA;3205002;Serra;32;ES;0;0;0;0;NA;NA;NA;NA;0;NA;NA;NA;NA;NA;NA;NA
1789730;2024;43132243;4318002;São Borja;43;RS;4;1;1;4318002;São Borja;43;RS;1;1;1;1;595.6;552.1;572.8;609.3;1;1;160;180;160;160;160;820
2495466;2024;NA;NA;;NA;;NA;NA;NA;2906006;Campo Formoso;29;BA;1;0;0;1;499.2;NA;NA;455.8;1;NA;NA;NA;NA;NA;NA;NA
3188610;2024;35921130;3513801;Diadema;35;SP;2;1;1;3513801;Diadema;35;SP;0;0;0;0;NA;NA;NA;NA;0;NA;NA;NA;NA;NA;NA;NA
1566926;2024;NA;NA;;NA;;NA;NA;NA;2925204;Pojuca;29;BA;0;0;0;0;NA;NA;NA;NA;1;NA;NA;NA;NA;NA;NA;NA
1520825;2024;NA;NA;;NA;;NA;NA;NA;2304400;Fortaleza;23;CE;1;1;1;1;607.3;630.8;568.8;656.7;0;1;140;200;160;160;160;820
4113717;2024;NA;NA;;NA;;NA;NA;NA;2606408;Gravatá;26;PE;1;1;1;1;509.6;617.6;580.2;646.1;0;1;160;200;160;120;120;760
647993;2024;NA;NA;;NA;;NA;NA;NA;2933208;Vera Cruz;29;BA;1;1;1;1;394.9;449.5;480.8;424.6;0;1;120;40;40;120;40;360
2395765;2024;NA;NA;;NA;;NA;NA;NA;4106902;Curitiba;41;PR;1;1;1;1;505;512.4;560.1;406.9;1;1;120;120;120;120;120;600
901733;2024;NA;NA;;NA;;NA;NA;NA;3201506;Colatina;32;ES;1;1;1;1;464.8;459.1;477.3;408;0;1;120;160;120;140;100;640
1505435;2024;NA;NA;;NA;;NA;NA;NA;1508100;Tucuruí;15;PA;1;1;1;1;407.6;496.7;415.7;407.4;1;6;0;0;0;0;0;0
1809521;2024;NA;NA;;NA;;NA;NA;NA;2931350;Teixeira de Freitas;29;BA;1;1;1;1;514.9;563;545.4;435;0;1;100;120;120;140;120;600
942995;2024;13087835;1302603;Manaus;13;AM;2;1;1;1302603;Manaus;13;AM;1;1;1;1;421.3;343.6;513.5;401.1;0;1;100;140;100;120;180;640
4117320;2024;NA;NA;;NA;;NA;NA;NA;3205200;Vila Velha;32;ES;0;0;0;0;NA;NA;NA;NA;1;NA;NA;NA;NA;NA;NA;NA
3371490;2024;26098822;2604809;Cortês;26;PE;2;1;1;2611804;Ribeirão;26;PE;1;1;1;1;584.4;602.1;542.3;512.5;0;1;160;200;160;200;200;920
1323567;2024;41154177;4107207;Dois Vizinhos;41;PR;4;1;1;4107207;Dois Vizinhos;41;PR;1;1;1;1;646.2;657.9;540.9;694.2;0;1;180;180;180;200;200;940
4275216;2024;NA;NA;;NA;;NA;NA;NA;2408102;Natal;24;RN;1;1;1;1;403.2;542.4;539.4;453.3;1;1;120;100;100;100;40;460
539128;2024;NA;NA;;NA;;NA;NA;NA;2309607;Pacajus;23;CE;1;1;1;1;697.9;788.1;672.8;741.2;0;1;160;200;180;200;180;920
741213;2024;35018053;3504107;Atibaia;35;SP;2;1;1;3504107;Atibaia;35;SP;1;1;1;1;369.5;446.9;527;449.8;0;1;140;160;120;160;160;740
1710011;2024;NA;NA;;NA;;NA;NA;NA;5204508;Caldas Novas;52;GO;1;1;1;1;540;573.2;570;621.7;0;1;100;140;120;140;160;660
2797082;2024;NA;NA;;NA;;NA;NA;NA;2504009;Campina Grande;25;PB;0;0;0;0;NA;NA;NA;NA;1;NA;NA;NA;NA;NA;NA;NA
834852;2024;NA;NA;;NA;;NA;NA;NA;2804805;Nossa Senhora do Socorro;28;SE;1;1;1;1;484.2;432.1;523.8;398.9;1;1;120;120;80;80;0;400
232569;2024;29395712;2900702;Alagoinhas;29;BA;2;1;1;2900702;Alagoinhas;29;BA;1;1;1;1;465.2;426.1;481;406.2;0;1;80;120;80;80;80;440
1054320;2024;21275548;2111300;São Luís;21;MA;2;1;1;2111300;São Luís;21;MA;1;1;1;1;432.8;543.9;555;525.9;0;1;120;160;120;120;100;620
1655296;2024;31043044;3127701;Governador Valadares;31;MG;2;1;1;3127701;Governador Valadares;31;MG;1;1;1;1;526.1;482.3;517.8;453.3;1;1;80;160;120;120;120;600
671656;2024;25137409;2504009;Campina Grande;25;PB;1;1;1;2504009;Campina Grande;25;PB;1;1;1;1;553.7;580.5;545.4;548.5;1;1;120;200;160;160;160;800
4135300;2024;13013246;1304203;Tefé;13;AM;2;1;1;1304203;Tefé;13;AM;0;0;0;0;NA;NA;NA;NA;1;NA;NA;NA;NA;NA;NA;NA
2577214;2024;NA;NA;;NA;;NA;NA;NA;3201308;Cariacica;32;ES;1;1;1;1;471.3;459.5;576.2;562.2;1;1;140;160;120;180;160;760
4295880;2024;41127196;4106902;Curitiba;41;PR;2;1;1;4106902;Curitiba;41;PR;0;0;0;0;NA;NA;NA;NA;1;NA;NA;NA;NA;NA;NA;NA
3272289;2024;NA;NA;;NA;;NA;NA;NA;2907806;Cícero Dantas;29;BA;0;0;0;0;NA;NA;NA;NA;1;NA;NA;NA;NA;NA;NA;NA
2197282;2024;NA;NA;;NA;;NA;NA;NA;3162500;São João del Rei;31;MG;1;1;1;1;510.1;579.4;598.1;576.2;0;1;120;180;120;100;60;580
2522446;2024;NA;NA;;NA;;NA;NA;NA;3548500;Santos;35;SP;1;1;1;1;450.8;613.7;578.4;656.7;0;1;160;200;180;160;200;900
1825541;2024;NA;NA;;NA;;NA;NA;NA;5221858;Valparaíso de Goiás;52;GO;1;1;1;1;471.8;402.6;421.9;394.4;1;1;120;160;120;120;80;600
2056315;2024;NA;NA;;NA;;NA;NA;NA;2211001;Teresina;22;PI;1;1;1;1;391.3;457.6;496.7;630.4;1;4;0;0;0;0;0;0
1391084;2024;NA;NA;;NA;;NA;NA;NA;3110608;Cambuí;31;MG;0;0;0;0;NA;NA;NA;NA;1;NA;NA;NA;NA;NA;NA;NA
682157;2024;25133985;2507507;João Pessoa;25;PB;4;1;1;2507507;João Pessoa;25;PB;1;1;1;1;574.5;560.5;559.6;640.7;0;1;180;200;160;200;200;940
765601;2024;NA;NA;;NA;;NA;NA;NA;3304557;Rio de Janeiro;33;RJ;1;1;1;1;555.8;581.7;584.6;648.1;0;1;160;200;140;160;140;800
3034709;2024;NA;NA;;NA;;NA;NA;NA;2504009;Campina Grande;25;PB;0;0;0;0;NA;NA;NA;NA;0;NA;NA;NA;NA;NA;NA;NA
4275972;2024;15585972;1506302;Salvaterra;15;PA;2;1;1;1506302;Salvaterra;15;PA;0;0;0;0;NA;NA;NA;NA;0;NA;NA;NA;NA;NA;NA;NA
2131291;2024;NA;NA;;NA;;NA;NA;NA;2408102;Natal;24;RN;1;1;1;1;737.6;734;675.7;863.4;0;1;160;200;180;200;200;940
2012157;2024;NA;NA;;NA;;NA;NA;NA;1504422;Marituba;15;PA;0;0;0;0;NA;NA;NA;NA;1;NA;NA;NA;NA;NA;NA;NA
4109416;2024;NA;NA;;NA;;NA;NA;NA;4216602;São José;42;SC;0;0;0;0;NA;NA;NA;NA;1;NA;NA;NA;NA;NA;NA;NA
2473107;2024;25083597;2501302;Aroeiras;25;PB;2;1;1;2501302;Aroeiras;25;PB;0;0;0;0;NA;NA;NA;NA;1;NA;NA;NA;NA;NA;NA;NA
3338986;2024;53007506;5300108;Brasília;53;DF;2;1;1;5300108;Brasília;53;DF;1;1;1;1;472.6;558.1;600.8;415;0;1;120;180;120;120;120;660
1504560;2024;NA;NA;;NA;;NA;NA;NA;3550308;São Paulo;35;SP;1;1;1;1;644.5;644.1;673.8;719.6;1;1;160;200;160;200;200;920
947791;2024;22005315;2205409;Joaquim Pires;22;PI;2;1;1;2203701;Esperantina;22;PI;1;1;1;1;463.2;385.9;441.8;399.7;1;9;0;0;0;0;0;0
1418587;2024;29190835;2927408;Salvador;29;BA;2;1;1;2927408;Salvador;29;BA;1;1;1;1;383.1;450.9;457.7;437.7;0;1;80;120;40;120;80;440
571403;2024;NA;NA;;NA;;NA;NA;NA;5211206;Itapuranga;52;GO;0;1;1;0;NA;457.9;464.3;NA;1;1;120;140;140;120;120;640
2027390;2024;35173712;3550308;São Paulo;35;SP;4;1;1;3518800;Guarulhos;35;SP;1;1;1;1;600;553.4;580.4;543.6;0;1;160;180;160;180;160;840
803190;2024;NA;NA;;NA;;NA;NA;NA;3525003;Jandira;35;SP;1;1;1;1;470.9;377.8;470;431.5;0;1;80;120;80;80;80;440
3769627;2024;NA;NA;;NA;;NA;NA;NA;2203909;Floriano;22;PI;0;0;0;0;NA;NA;NA;NA;1;NA;NA;NA;NA;NA;NA;NA
3684621;2024;NA;NA;;NA;;NA;NA;NA;4106902;Curitiba;41;PR;1;1;1;1;620.8;581.8;607.6;518.7;0;1;120;120;100;100;80;520
512590;2024;23233885;2304400;Fortaleza;23;CE;2;1;1;2304400;Fortaleza;23;CE;0;0;0;0;NA;NA;NA;NA;1;NA;NA;NA;NA;NA;NA;NA
2367382;2024;NA;NA;;NA;;NA;NA;NA;5205109;Catalão;52;GO;1;1;1;1;509.6;497.9;519.7;425.2;0;1;140;180;160;160;160;800
3804099;2024;NA;NA;;NA;;NA;NA;NA;2309201;Nova Olinda;23;CE;1;1;1;1;389.1;341.8;476.5;628.3;1;1;100;180;140;140;200;760
2161456;2024;NA;NA;;NA;;NA;NA;NA;3151800;Poços de Caldas;31;MG;1;1;1;1;598.7;540;555.5;650.7;0;1;120;160;120;120;100;620
1358612;2024;51110610;5100250;Alta Floresta;51;MT;2;1;1;5100250;Alta Floresta;51;MT;1;1;1;1;416.2;315.9;525.1;404.3;0;1;100;200;140;140;140;720
2529520;2024;28019180;2800308;Aracaju;28;SE;2;1;1;2800308;Aracaju;28;SE;1;1;1;1;410.8;285.1;447.8;419.5;1;1;120;120;120;140;120;620
3295553;2024;NA;NA;;NA;;NA;NA;NA;4125506;São José dos Pinhais;41;PR;1;1;1;1;407.1;461.7;479.7;405.6;1;1;100;100;100;60;0;360
1901711;2024;60024086;4119152;Pinhais;41;PR;4;1;1;4106902;Curitiba;41;PR;1;1;1;1;592.4;619.8;499.2;715.1;1;1;140;180;140;180;180;820
3550563;2024;21194315;2103208;Chapadinha;21;MA;2;1;1;2103208;Chapadinha;21;MA;1;1;1;1;432.4;316;417.1;512.1;0;1;100;120;80;120;0;420
3838062;2024;NA;NA;;NA;;NA;NA;NA;2504009;Campina Grande;25;PB;1;1;1;1;390.8;471;528.6;469.1;0;1;120;140;120;120;0;500
298725;2024;NA;NA;;NA;;NA;NA;NA;2700300;Arapiraca;27;AL;1;1;1;1;436.8;484.6;488.1;404.4;0;1;120;160;120;160;160;720
3283854;2024;15115704;1508100;Tucuruí;15;PA;2;1;1;1508100;Tucuruí;15;PA;1;1;1;1;436.4;438.4;389.8;534;0;1;80;120;60;80;100;440
710900;2024;25117700;2502508;Boqueirão;25;PB;2;1;1;2502508;Boqueirão;25;PB;1;1;1;1;416.8;471.1;522.6;385.6;1;1;120;140;120;120;120;620
3268577;2024;NA;NA;;NA;;NA;NA;NA;3119104;Corinto;31;MG;0;0;0;0;NA;NA;NA;NA;1;NA;NA;NA;NA;NA;NA;NA
588994;2024;23077808;2304400;Fortaleza;23;CE;2;1;1;2304400;Fortaleza;23;CE;1;1;1;1;516.9;532.8;470.5;401;1;1;120;120;120;120;120;600
665064;2024;NA;NA;;NA;;NA;NA;NA;1600303;Macapá;16;AP;1;1;1;1;364.1;382.9;401.2;415.5;1;9;0;0;0;0;0;0
2466559;2024;22038299;2207900;Pedro II;22;PI;2;1;1;2207900;Pedro II;22;PI;0;0;0;0;NA;NA;NA;NA;1;NA;NA;NA;NA;NA;NA;NA
2669635;2024;NA;NA;;NA;;NA;NA;NA;2304400;Fortaleza;23;CE;0;0;0;0;NA;NA;NA;NA;1;NA;NA;NA;NA;NA;NA;NA
2484907;2024;NA;NA;;NA;;NA;NA;NA;4208203;Itajaí;42;SC;0;0;0;0;NA;NA;NA;NA;0;NA;NA;NA;NA;NA;NA;NA
3844958;2024;NA;NA;;NA;;NA;NA;NA;2927408;Salvador;29;BA;0;0;0;0;NA;NA;NA;NA;0;NA;NA;NA;NA;NA;NA;NA
4021752;2024;NA;NA;;NA;;NA;NA;NA;3304557;Rio de Janeiro;33;RJ;1;1;1;1;435.9;364;480;517.9;1;6;0;0;0;0;0;0
2376377;2024;NA;NA;;NA;;NA;NA;NA;2100956;Arame;21;MA;1;1;1;1;460;315.3;387;422.1;0;8;0;0;0;0;0;0
3080300;2024;NA;NA;;NA;;NA;NA;NA;2507507;João Pessoa;25;PB;0;1;1;0;NA;504.1;493.8;NA;1;8;0;0;0;0;0;0
3798057;2024;29191092;2927408;Salvador;29;BA;2;1;1;2927408;Salvador;29;BA;0;0;0;0;NA;NA;NA;NA;1;NA;NA;NA;NA;NA;NA;NA
526738;2024;NA;NA;;NA;;NA;NA;NA;4316907;Santa Maria;43;RS;1;1;1;1;403.9;401.4;455.1;386.2;1;1;120;120;100;120;80;540
2181735;2024;29403230;2914604;Irecê;29;BA;2;1;1;2914604;Irecê;29;BA;1;1;1;1;441.2;528.8;432.2;495.8;1;1;120;200;160;140;140;760
3881010;2024;NA;NA;;NA;;NA;NA;NA;3106200;Belo Horizonte;31;MG;1;1;1;1;444.9;494.5;516.2;426.3;0;1;160;200;140;160;120;780
4236609;2024;NA;NA;;NA;;NA;NA;NA;4303509;Camaquã;43;RS;1;1;1;1;506.3;578.4;510.8;444.8;0;1;120;120;80;120;60;500
3203076;2024;NA;NA;;NA;;NA;NA;NA;4108403;Francisco Beltrão;41;PR;0;0;0;0;NA;NA;NA;NA;1;NA;NA;NA;NA;NA;NA;NA
1557289;2024;NA;NA;;NA;;NA;NA;NA;3549805;São José do Rio Preto;35;SP;1;1;1;1;584.6;529.5;491.3;678.6;0;1;120;200;140;140;80;680
3193757;2024;NA;NA;;NA;;NA;NA;NA;3205002;Serra;32;ES;1;1;1;1;382.6;506.4;559.2;448.1;1;1;100;100;120;120;160;600
3216766;2024;NA;NA;;NA;;NA;NA;NA;4315602;Rio Grande;43;RS;1;1;1;1;526.2;538.8;582.2;584.9;0;1;160;200;200;180;200;940
3106575;2024;NA;NA;;NA;;NA;NA;NA;3522604;Itapira;35;SP;1;1;1;1;584.9;556.6;549.8;624.6;0;1;160;200;180;160;180;880
1225748;2024;NA;NA;;NA;;NA;NA;NA;1200203;Cruzeiro do Sul;12;AC;1;1;1;1;610.4;628.9;620.9;714.7;0;1;160;180;140;180;200;860
172138;2024;NA;NA;;NA;;NA;NA;NA;3300456;Belford Roxo;33;RJ;1;1;1;1;459;465.9;508;382.6;1;1;120;160;120;80;80;560
814955;2024;NA;NA;;NA;;NA;NA;NA;2111300;São Luís;21;MA;0;0;0;0;NA;NA;NA;NA;1;NA;NA;NA;NA;NA;NA;NA
350368;2024;35032759;3553906;Tarabai;35;SP;2;1;1;3541406;Presidente Prudente;35;SP;1;1;1;1;393.4;506.2;504;411;1;1;140;120;100;120;80;560
1093405;2024;NA;NA;;NA;;NA;NA;NA;2311264;Quiterianópolis;23;CE;1;1;1;1;498;522.3;538.3;586.7;0;1;160;180;180;200;180;900
353825;2024;NA;NA;;NA;;NA;NA;NA;2704302;Maceió;27;AL;1;1;1;1;433.1;485.3;424;385.5;1;1;120;120;120;120;60;540
2642828;2024;50035703;5002704;Campo Grande;50;MS;4;1;1;5002704;Campo Grande;50;MS;1;1;1;1;594.5;627.9;607.4;649.2;1;1;140;200;140;160;200;840
2770604;2024;NA;NA;;NA;;NA;NA;NA;2110609;São Bernardo;21;MA;0;0;0;0;NA;NA;NA;NA;0;NA;NA;NA;NA;NA;NA;NA
702016;2024;NA;NA;;NA;;NA;NA;NA;2101202;Bacabal;21;MA;0;0;0;0;NA;NA;NA;NA;1;NA;NA;NA;NA;NA;NA;NA
3378671;2024;NA;NA;;NA;;NA;NA;NA;5300108;Brasília;53;DF;1;1;1;1;590.2;586.9;601.8;671.2;0;1;160;180;160;160;140;800
3026730;2024;35171360;3550308;São Paulo;35;SP;4;1;1;3550308;São Paulo;35;SP;1;1;1;1;459.5;564.2;511.1;398.2;0;1;120;120;80;120;120;560
1430126;2024;NA;NA;;NA;;NA;NA;NA;2103000;Caxias;21;MA;1;1;1;1;526.1;426.3;465.6;491.9;1;4;0;0;0;0;0;0
1429168;2024;33069921;3304557;Rio de Janeiro;33;RJ;2;1;1;3304557;Rio de Janeiro;33;RJ;1;1;1;1;425.8;416.1;428.4;437.2;0;1;120;160;120;140;120;660
503269;2024;NA;NA;;NA;;NA;NA;NA;2507507;João Pessoa;25;PB;0;0;0;0;NA;NA;NA;NA;0;NA;NA;NA;NA;NA;NA;NA
556256;2024;NA;NA;;NA;;NA;NA;NA;1200401;Rio Branco;12;AC;1;1;1;1;418.6;483.1;474.8;388.8;1;1;120;140;120;140;100;620
1101840;2024;NA;NA;;NA;;NA;NA;NA;1100205;Porto Velho;11;RO;0;0;0;0;NA;NA;NA;NA;1;NA;NA;NA;NA;NA;NA;NA
2802321;2024;NA;NA;;NA;;NA;NA;NA;1302603;Manaus;13;AM;0;0;0;0;NA;NA;NA;NA;0;NA;NA;NA;NA;NA;NA;NA
1555561;2024;NA;NA;;NA;;NA;NA;NA;3105103;Bambuí;31;MG;1;1;1;1;557.1;473.4;604.2;524.9;0;1;120;180;120;140;120;680
3080564;2024;NA;NA;;NA;;NA;NA;NA;4104006;Campina Grande do Sul;41;PR;0;0;0;0;NA;NA;NA;NA;0;NA;NA;NA;NA;NA;NA;NA
2924110;2024;60010740;3135209;Januária;31;MG;2;1;1;3135209;Januária;31;MG;1;1;1;1;379.4;478.9;450;373.5;1;1;100;140;120;120;20;500
1545010;2024;35905100;3549904;São José dos Campos;35;SP;2;1;1;3549904;São José dos Campos;35;SP;1;1;1;1;556.4;624.7;594.6;618;0;1;160;200;160;200;200;920
1268581;2024;NA;NA;;NA;;NA;NA;NA;4208203;Itajaí;42;SC;0;0;0;0;NA;NA;NA;NA;1;NA;NA;NA;NA;NA;NA;NA
735216;2024;35907042;3529302;Matão;35;SP;2;1;1;3529302;Matão;35;SP;0;0;0;0;NA;NA;NA;NA;0;NA;NA;NA;NA;NA;NA;NA
1172230;2024;NA;NA;;NA;;NA;NA;NA;1502400;Castanhal;15;PA;0;0;0;0;NA;NA;NA;NA;1;NA;NA;NA;NA;NA;NA;NA
444530;2024;NA;NA;;NA;;NA;NA;NA;3547809;Santo André;35;SP;0;0;0;0;NA;NA;NA;NA;1;NA;NA;NA;NA;NA;NA;NA
3115470;2024;NA;NA;;NA;;NA;NA;NA;2210508;São Pedro do Piauí;22;PI;0;0;0;0;NA;NA;NA;NA;0;NA;NA;NA;NA;NA;NA;NA
1689833;2024;NA;NA;;NA;;NA;NA;NA;3205002;Serra;32;ES;1;1;1;1;477.2;507.8;561.3;397.6;0;1;140;160;120;140;140;700
920526;2024;NA;NA;;NA;;NA;NA;NA;1507904;Soure;15;PA;1;1;1;1;399.3;538.1;538.1;502.4;0;1;120;180;140;120;140;700
2173107;2024;NA;NA;;NA;;NA;NA;NA;3557105;Votuporanga;35;SP;1;1;1;1;646.8;700.1;621;702.9;0;1;180;180;180;180;200;920
3710225;2024;NA;NA;;NA;;NA;NA;NA;1100205;Porto Velho;11;RO;0;0;0;0;NA;NA;NA;NA;1;NA;NA;NA;NA;NA;NA;NA
312217;2024;NA;NA;;NA;;NA;NA;NA;5300108;Brasília;53;DF;0;1;1;0;NA;465.7;493.3;NA;1;1;120;140;120;100;80;560
2447780;2024;35007985;3543303;Ribeirão Pires;35;SP;2;1;1;3543303;Ribeirão Pires;35;SP;1;1;1;1;556.7;554.2;576.3;463.9;0;1;100;100;100;100;120;520
3393134;2024;NA;NA;;NA;;NA;NA;NA;3111200;Campo Belo;31;MG;1;1;1;1;460.1;473.1;551.8;477.4;0;1;160;200;140;160;140;800
630683;2024;26104229;2613404;São José da Coroa Grande;26;PE;2;1;1;2601409;Barreiros;26;PE;1;1;1;1;405.7;478.4;500.3;375.6;0;1;80;120;100;100;60;460
160631;2024;NA;NA;;NA;;NA;NA;NA;2412203;São José de Mipibu;24;RN;0;0;0;0;NA;NA;NA;NA;0;NA;NA;NA;NA;NA;NA;NA
3014451;2024;NA;NA;;NA;;NA;NA;NA;2512705;Remígio;25;PB;0;0;0;0;NA;NA;NA;NA;1;NA;NA;NA;NA;NA;NA;NA
612559;2024;41140370;4118204;Paranaguá;41;PR;2;1;1;4118204;Paranaguá;41;PR;1;1;1;1;407.8;460.1;521.7;504.6;0;1;140;160;140;120;140;700
3691611;2024;NA;NA;;NA;;NA;NA;NA;2510808;Patos;25;PB;1;1;1;1;443.8;499.6;500.6;473.4;1;1;120;180;120;160;80;660
2638473;2024;NA;NA;;NA;;NA;NA;NA;2610202;Panelas;26;PE;1;1;1;1;644.4;655;615.2;739.5;0;1;160;200;160;200;200;920
3972097;2024;NA;NA;;NA;;NA;NA;NA;5108402;Várzea Grande;51;MT;1;1;1;1;429.2;543.6;509.9;472.8;0;1;160;160;120;160;160;760
4154586;2024;52015459;5205406;Ceres;52;GO;2;1;1;5205406;Ceres;52;GO;0;0;0;0;NA;NA;NA;NA;0;NA;NA;NA;NA;NA;NA;NA
3662593;2024;29136571;2906402;Candeal;29;BA;2;1;1;2910800;Feira de Santana;29;BA;0;0;0;0;NA;NA;NA;NA;1;NA;NA;NA;NA;NA;NA;NA
4216950;2024;NA;NA;;NA;;NA;NA;NA;3143401;Monte Sião;31;MG;0;0;0;0;NA;NA;NA;NA;1;NA;NA;NA;NA;NA;NA;NA
1146128;2024;NA;NA;;NA;;NA;NA;NA;2926400;Riacho de Santana;29;BA;0;1;1;0;NA;503.2;516.3;NA;0;1;120;120;120;120;100;580
2352806;2024;NA;NA;;NA;;NA;NA;NA;4113700;Londrina;41;PR;1;1;1;1;450;525.1;570.5;396.2;0;1;120;120;120;120;140;620
1253874;2024;32039999;3205309;Vitória;32;ES;4;1;1;3205309;Vitória;32;ES;1;1;1;1;597.1;586.8;616;698;0;1;160;200;200;200;200;960
94240;2024;NA;NA;;NA;;NA;NA;NA;1600501;Oiapoque;16;AP;1;1;1;1;447.6;398.9;395.1;397.9;1;1;80;120;80;80;0;360
3640744;2024;NA;NA;;NA;;NA;NA;NA;3304557;Rio de Janeiro;33;RJ;1;1;1;1;460;450.3;544.3;485.6;0;1;160;160;160;160;160;800
3036672;2024;29279810;2933307;Vitória da Conquista;29;BA;2;1;1;2933307;Vitória da Conquista;29;BA;0;0;0;0;NA;NA;NA;NA;1;NA;NA;NA;NA;NA;NA;NA
3079535;2024;35918829;3510609;Carapicuíba;35;SP;2;1;1;3510609;Carapicuíba;35;SP;1;1;1;1;394.3;483.1;551.4;479.9;1;1;80;140;120;120;140;600
1577468;2024;NA;NA;;NA;;NA;NA;NA;3151800;Poços de Caldas;31;MG;1;1;1;1;633.7;633.7;690.7;788.9;0;1;180;200;160;180;200;920
106486;2024;NA;NA;;NA;;NA;NA;NA;3302007;Itaguaí;33;RJ;1;1;1;1;417.9;479.5;503.5;509.6;1;1;120;120;80;120;80;520
4331632;2024;NA;NA;;NA;;NA;NA;NA;4302105;Bento Gonçalves;43;RS;0;0;0;0;NA;NA;NA;NA;0;NA;NA;NA;NA;NA;NA;NA
3868324;2024;NA;NA;;NA;;NA;NA;NA;2928802;Santo Estêvão;29;BA;0;0;0;0;NA;NA;NA;NA;1;NA;NA;NA;NA;NA;NA;NA
967532;2024;NA;NA;;NA;;NA;NA;NA;4106902;Curitiba;41;PR;0;0;0;0;NA;NA;NA;NA;1;NA;NA;NA;NA;NA;NA;NA
2779906;2024;43030556;4303301;Caibaté;43;RS;2;1;1;4305207;Cerro Largo;43;RS;1;1;1;1;593.6;686.7;586.7;616.4;0;1;160;120;160;180;180;800
56094;2024;NA;NA;;NA;;NA;NA;NA;3543402;Ribeirão Preto;35;SP;1;1;1;1;541.9;597.1;577;654.4;1;1;120;200;140;160;200;820
2168189;2024;28004264;2804458;Nossa Senhora Aparecida;28;SE;2;1;1;2804458;Nossa Senhora Aparecida;28;SE;1;1;1;1;386;505.6;506.6;478;1;1;140;180;180;180;180;860
3667262;2024;NA;NA;;NA;;NA;NA;NA;2927408;Salvador;29;BA;1;1;1;1;596.5;620.4;579.5;660.6;0;1;100;200;140;180;180;800
2309353;2024;53013182;5300108;Brasília;53;DF;4;1;1;5300108;Brasília;53;DF;1;1;1;1;557.9;421.1;440.7;401.8;1;1;140;200;140;140;160;780
456139;2024;NA;NA;;NA;;NA;NA;NA;3131307;Ipatinga;31;MG;1;1;1;1;455;362.6;447.6;498.8;0;1;140;120;100;100;140;600
3125690;2024;NA;NA;;NA;;NA;NA;NA;3518701;Guarujá;35;SP;0;0;0;0;NA;NA;NA;NA;0;NA;NA;NA;NA;NA;NA;NA
3298578;2024;NA;NA;;NA;;NA;NA;NA;3504206;Auriflama;35;SP;1;1;1;1;456.4;413.6;517.4;512.3;0;1;100;140;120;120;0;480
151985;2024;NA;NA;;NA;;NA;NA;NA;2803302;Japaratuba;28;SE;0;0;0;0;NA;NA;NA;NA;1;NA;NA;NA;NA;NA;NA;NA
3845460;2024;NA;NA;;NA;;NA;NA;NA;3170404;Unaí;31;MG;1;1;1;1;600.2;623.3;594.5;577.7;0;1;120;160;120;140;120;660
1778901;2024;17026920;1721109;Tocantínia;17;TO;2;1;1;1713205;Miracema do Tocantins;17;TO;1;1;1;1;361.8;464.8;414.4;458.8;0;1;120;160;120;120;100;620
3427337;2024;NA;NA;;NA;;NA;NA;NA;2611606;Recife;26;PE;1;1;1;1;612.7;626.1;631.8;741.7;0;1;140;180;160;180;180;840
2975782;2024;NA;NA;;NA;;NA;NA;NA;3301009;Campos dos Goytacazes;33;RJ;0;0;0;0;NA;NA;NA;NA;1;NA;NA;NA;NA;NA;NA;NA
3697673;2024;NA;NA;;NA;;NA;NA;NA;5205109;Catalão;52;GO;0;0;0;0;NA;NA;NA;NA;0;NA;NA;NA;NA;NA;NA;NA
193791;2024;26125650;2611606;Recife;26;PE;2;1;1;2611606;Recife;26;PE;1;1;1;1;398.1;447.3;503.6;482.4;0;1;100;120;120;140;120;600
3146305;2024;NA;NA;;NA;;NA;NA;NA;3518800;Guarulhos;35;SP;0;0;0;0;NA;NA;NA;NA;1;NA;NA;NA;NA;NA;NA;NA
3307236;2024;12023710;1200302;Feijó;12;AC;2;2;1;1200302;Feijó;12;AC;0;0;0;0;NA;NA;NA;NA;1;NA;NA;NA;NA;NA;NA;NA
2436964;2024;35907157;3550308;São Paulo;35;SP;2;1;1;3550308;São Paulo;35;SP;1;1;1;1;431.8;507.9;534.1;408.1;1;1;120;160;120;120;120;640
3181966;2024;35476365;3550308;São Paulo;35;SP;2;1;1;3550308;São Paulo;35;SP;1;1;1;1;404.2;614.1;619.6;754.9;0;1;120;140;120;120;140;640
3526041;2024;NA;NA;;NA;;NA;NA;NA;2914604;Irecê;29;BA;1;1;1;1;552.5;594.8;420.1;658.8;0;1;160;160;180;200;200;900
2153446;2024;NA;NA;;NA;;NA;NA;NA;1600303;Macapá;16;AP;1;1;1;1;504.4;406.8;408.5;426.8;1;1;120;120;120;120;60;540
613316;2024;NA;NA;;NA;;NA;NA;NA;5208707;Goiânia;52;GO;1;1;1;1;496.6;520.1;543.9;408.1;0;1;160;160;140;180;200;840
242191;2024;NA;NA;;NA;;NA;NA;NA;3162500;São João del Rei;31;MG;1;1;1;1;522.3;575.1;540;536.8;1;1;120;120;100;120;100;560
2005716;2024;NA;NA;;NA;;NA;NA;NA;2927408;Salvador;29;BA;0;0;0;0;NA;NA;NA;NA;0;NA;NA;NA;NA;NA;NA;NA
73131;2024;NA;NA;;NA;;NA;NA;NA;3304557;Rio de Janeiro;33;RJ;1;1;1;1;481;552.5;460.1;415.5;1;1;80;120;100;100;140;540
3498916;2024;NA;NA;;NA;;NA;NA;NA;3123908;Entre Rios de Minas;31;MG;1;1;1;1;476.6;480.8;404.6;400.9;0;1;120;120;80;120;0;440
2217374;2024;NA;NA;;NA;;NA;NA;NA;2609303;Mirandiba;26;PE;0;0;0;0;NA;NA;NA;NA;1;NA;NA;NA;NA;NA;NA;NA
3862942;2024;NA;NA;;NA;;NA;NA;NA;1502756;Concórdia do Pará;15;PA;1;1;1;1;357.2;458.7;423.6;420.2;1;1;80;80;80;80;80;400
1424833;2024;21092354;2105302;Imperatriz;21;MA;2;1;1;2105302;Imperatriz;21;MA;1;1;1;1;560.2;497.7;530.9;410.7;0;1;80;120;100;100;60;460
3937861;2024;NA;NA;;NA;;NA;NA;NA;2913200;Ibotirama;29;BA;0;1;1;0;NA;352.5;455.8;NA;1;1;120;180;80;160;120;660
1180398;2024;35006609;3530607;Mogi das Cruzes;35;SP;2;1;1;3546801;Santa Isabel;35;SP;1;1;1;1;584.8;647.1;639.9;674.6;0;1;140;140;120;140;140;680
1874012;2024;24009318;2400208;Açu;24;RN;4;1;1;2400208;Açu;24;RN;1;1;1;1;447;566.6;570.8;494.4;0;1;160;200;180;200;200;940
1594433;2024;NA;NA;;NA;;NA;NA;NA;1702109;Araguaína;17;TO;0;0;0;0;NA;NA;NA;NA;1;NA;NA;NA;NA;NA;NA;NA
2614972;2024;NA;NA;;NA;;NA;NA;NA;2806701;São Cristóvão;28;SE;1;1;1;1;452.5;457.3;419.4;378.8;0;4;0;0;0;0;0;0
395155;2024;NA;NA;;NA;;NA;NA;NA;1500800;Ananindeua;15;PA;1;1;1;1;531.6;519.5;506.3;565.2;0;1;140;160;160;180;160;800
4000128;2024;NA;NA;;NA;;NA;NA;NA;3509502;Campinas;35;SP;1;1;1;1;600.7;596.9;561.8;634.7;0;1;80;120;80;100;160;540
3046712;2024;NA;NA;;NA;;NA;NA;NA;3509502;Campinas;35;SP;1;1;1;1;481.9;502;560.2;465;1;1;140;160;160;180;120;760
3434492;2024;35036456;3550308;São Paulo;35;SP;2;1;1;3550308;São Paulo;35;SP;0;0;0;0;NA;NA;NA;NA;0;NA;NA;NA;NA;NA;NA;NA
2009818;2024;NA;NA;;NA;;NA;NA;NA;2611606;Recife;26;PE;0;0;0;0;NA;NA;NA;NA;1;NA;NA;NA;NA;NA;NA;NA
3748424;2024;29416604;2918001;Jequié;29;BA;2;1;1;2918001;Jequié;29;BA;0;0;0;0;NA;NA;NA;NA;1;NA;NA;NA;NA;NA;NA;NA
2446809;2024;31137910;3164704;São Sebastião do Paraíso;31;MG;2;1;1;3164704;São Sebastião do Paraíso;31;MG;1;1;1;1;372.2;388.9;522.3;408.4;1;1;100;140;100;120;140;600
651577;2024;NA;NA;;NA;;NA;NA;NA;2800308;Aracaju;28;SE;0;0;0;0;NA;NA;NA;NA;1;NA;NA;NA;NA;NA;NA;NA
4114678;2024;NA;NA;;NA;;NA;NA;NA;5208707;Goiânia;52;GO;1;1;1;1;551.8;641.1;685.4;591.4;1;1;140;120;120;120;100;600
3352608;2024;NA;NA;;NA;;NA;NA;NA;3550308;São Paulo;35;SP;0;0;0;0;NA;NA;NA;NA;0;NA;NA;NA;NA;NA;NA;NA
3661578;2024;NA;NA;;NA;;NA;NA;NA;3549904;São José dos Campos;35;SP;1;1;1;1;513.4;542.8;594.2;533;0;1;120;120;120;120;100;580
3675856;2024;NA;NA;;NA;;NA;NA;NA;1505809;Portel;15;PA;0;0;0;0;NA;NA;NA;NA;1;NA;NA;NA;NA;NA;NA;NA
814438;2024;27218244;2704302;Maceió;27;AL;4;1;1;2704302;Maceió;27;AL;1;1;1;1;634.5;595.8;580.3;737.4;0;1;160;180;140;160;200;840
3635386;2024;NA;NA;;NA;;NA;NA;NA;2111300;São Luís;21;MA;0;0;0;0;NA;NA;NA;NA;1;NA;NA;NA;NA;NA;NA;NA
3694323;2024;NA;NA;;NA;;NA;NA;NA;2927408;Salvador;29;BA;1;1;1;1;378.6;503.6;503.9;414.1;0;1;120;160;120;120;120;640
4015173;2024;NA;NA;;NA;;NA;NA;NA;3551009;São Vicente;35;SP;0;0;0;0;NA;NA;NA;NA;1;NA;NA;NA;NA;NA;NA;NA
910097;2024;NA;NA;;NA;;NA;NA;NA;2111300;São Luís;21;MA;1;1;1;1;534.2;429.6;446.5;448;1;1;100;120;100;80;0;400
3582115;2024;NA;NA;;NA;;NA;NA;NA;1302603;Manaus;13;AM;0;0;0;0;NA;NA;NA;NA;0;NA;NA;NA;NA;NA;NA;NA
175864;2024;NA;NA;;NA;;NA;NA;NA;2922409;Mutuípe;29;BA;0;1;1;0;NA;420.6;441;NA;1;1;120;140;100;140;160;660
1854538;2024;27047270;2704302;Maceió;27;AL;4;1;1;2704302;Maceió;27;AL;1;1;1;1;361.5;527.8;555.4;406.5;0;1;100;120;100;120;40;480
3369586;2024;NA;NA;;NA;;NA;NA;NA;5107909;Sinop;51;MT;1;1;1;1;459.8;493.8;537.8;461.1;1;1;120;160;140;120;100;640
2045771;2024;NA;NA;;NA;;NA;NA;NA;1508100;Tucuruí;15;PA;1;1;1;1;531.8;607.7;617.8;413.2;0;1;100;180;120;120;160;680
277564;2024;NA;NA;;NA;;NA;NA;NA;3509007;Caieiras;35;SP;1;1;1;1;527.3;540.9;583.8;415.7;1;1;160;160;140;160;180;800
3528029;2024;NA;NA;;NA;;NA;NA;NA;2411205;Santa Cruz;24;RN;1;1;1;1;406.3;533.9;577.6;458.2;1;1;120;180;120;120;80;620
844780;2024;41032489;4113700;Londrina;41;PR;2;1;1;4113700;Londrina;41;PR;1;1;1;1;397.2;522.7;554;441.1;1;1;120;120;80;120;40;480
2574531;2024;41136306;4120804;Quatro Barras;41;PR;2;1;1;4120804;Quatro Barras;41;PR;1;1;1;1;388;439.2;519.1;383.4;0;1;120;120;120;140;100;600
833743;2024;26178087;2602902;Cabo de Santo Agostinho;26;PE;2;1;1;2602902;Cabo de Santo Agostinho;26;PE;1;1;1;1;460.8;462.5;507.4;478.7;1;1;120;140;120;140;100;620
2564815;2024;NA;NA;;NA;;NA;NA;NA;3106200;Belo Horizonte;31;MG;1;1;1;1;606.8;640.6;626.1;743.2;0;1;120;200;160;160;200;840
1991457;2024;NA;NA;;NA;;NA;NA;NA;3205200;Vila Velha;32;ES;0;0;0;0;NA;NA;NA;NA;0;NA;NA;NA;NA;NA;NA;NA
457639;2024;33082235;3304557;Rio de Janeiro;33;RJ;2;1;1;3304557;Rio de Janeiro;33;RJ;1;1;1;1;399.9;543.4;566.8;441;1;1;140;120;120;120;100;600
2410988;2024;NA;NA;;NA;;NA;NA;NA;2314102;Viçosa do Ceará;23;CE;1;1;1;1;420.6;440.8;465.1;381.1;0;1;100;80;100;100;0;380
3171055;2024;29432359;2919553;Luís Eduardo Magalhães;29;BA;4;1;1;2919553;Luís Eduardo Magalhães;29;BA;1;1;1;1;546;336.2;477.4;394.8;0;1;120;140;120;120;120;620
2710039;2024;NA;NA;;NA;;NA;NA;NA;3530607;Mogi das Cruzes;35;SP;1;1;1;1;528.4;629.9;612.8;604.6;1;1;140;120;120;120;80;580
1040611;2024;NA;NA;;NA;;NA;NA;NA;3161106;São Francisco;31;MG;1;1;1;1;423.5;482.8;441.7;422.1;0;1;120;120;100;120;80;540
2061951;2024;NA;NA;;NA;;NA;NA;NA;2304400;Fortaleza;23;CE;1;1;1;1;610.8;599.1;616.2;687.2;0;1;160;200;160;200;200;920
1082211;2024;NA;NA;;NA;;NA;NA;NA;1600535;Porto Grande;16;AP;1;1;1;1;509.1;480.7;483.2;392;1;1;140;120;80;120;120;580
318943;2024;NA;NA;;NA;;NA;NA;NA;5204904;Campos Belos;52;GO;1;1;1;1;429.8;530;523.1;509.8;1;1;120;180;120;120;120;660
1345858;2024;NA;NA;;NA;;NA;NA;NA;3304557;Rio de Janeiro;33;RJ;1;1;1;1;474.8;523.6;514;387.8;0;1;120;120;120;120;60;540
3851306;2024;NA;NA;;NA;;NA;NA;NA;2311405;Quixeramobim;23;CE;1;1;1;1;495.4;408.9;489.4;414.3;0;1;120;120;80;100;40;460
1612421;2024;26073498;2603207;Caetés;26;PE;2;1;1;2603207;Caetés;26;PE;1;1;1;1;375.8;330.5;510.6;393;1;1;120;180;140;160;140;740
2361861;2024;31191540;3168705;Timóteo;31;MG;2;1;1;3168705;Timóteo;31;MG;1;1;1;1;607.2;638.7;661.9;689.7;0;1;160;200;180;180;180;900
4302136;2024;NA;NA;;NA;;NA;NA;NA;5106752;Pontes e Lacerda;51;MT;0;0;0;0;NA;NA;NA;NA;1;NA;NA;NA;NA;NA;NA;NA
3207584;2024;23265000;2303501;Cascavel;23;CE;2;1;1;2303501;Cascavel;23;CE;0;0;0;0;NA;NA;NA;NA;1;NA;NA;NA;NA;NA;NA;NA
3838941;2024;NA;NA;;NA;;NA;NA;NA;2613909;Serra Talhada;26;PE;1;1;1;1;598.1;609.4;555.1;693.4;0;1;160;200;180;200;200;940
422097;2024;NA;NA;;NA;;NA;NA;NA;3105608;Barbacena;31;MG;1;1;1;1;506.8;383.5;496.9;435.8;0;1;120;160;100;120;140;640
1609579;2024;NA;NA;;NA;;NA;NA;NA;2203909;Floriano;22;PI;1;1;1;1;405.1;459.5;433.1;493.9;1;1;80;120;80;100;80;460
352087;2024;NA;NA;;NA;;NA;NA;NA;1100049;Cacoal;11;RO;1;1;1;1;486.3;449.1;521.5;382.1;1;1;100;120;40;100;100;460
265367;2024;NA;NA;;NA;;NA;NA;NA;4314902;Porto Alegre;43;RS;1;1;1;1;612.3;653.1;617.3;700.3;0;1;120;200;120;120;180;740
173887;2024;35565076;3502804;Araçatuba;35;SP;2;1;1;3502804;Araçatuba;35;SP;0;0;0;0;NA;NA;NA;NA;0;NA;NA;NA;NA;NA;NA;NA
2561096;2024;NA;NA;;NA;;NA;NA;NA;4214805;Rio do Sul;42;SC;1;1;1;1;502.7;567.2;574.8;541.4;0;1;160;140;140;180;140;760
609239;2024;NA;NA;;NA;;NA;NA;NA;3304557;Rio de Janeiro;33;RJ;1;1;1;1;587.2;626.4;566.9;589.6;0;1;140;200;140;120;180;780
2940084;2024;NA;NA;;NA;;NA;NA;NA;5210406;Itaberaí;52;GO;1;1;1;1;386.2;506.2;505.7;407.2;0;1;120;120;120;120;120;600
2565930;2024;29060206;2906204;Canarana;29;BA;2;2;1;2906204;Canarana;29;BA;1;1;1;1;413.6;419.6;443.4;389.5;0;6;0;0;0;0;0;0
4184978;2024;41355644;4106902;Curitiba;41;PR;4;1;1;4106902;Curitiba;41;PR;0;0;0;0;NA;NA;NA;NA;0;NA;NA;NA;NA;NA;NA;NA
4033284;2024;NA;NA;;NA;;NA;NA;NA;4309209;Gravataí;43;RS;0;0;0;0;NA;NA;NA;NA;1;NA;NA;NA;NA;NA;NA;NA
1654554;2024;NA;NA;;NA;;NA;NA;NA;2905701;Camaçari;29;BA;1;1;1;1;372.4;468.4;495.6;485.7;0;1;100;120;100;80;100;500
920209;2024;53014405;5300108;Brasília;53;DF;4;1;1;5300108;Brasília;53;DF;1;1;1;1;600.8;616.1;614.4;716.8;0;1;140;160;120;160;200;780
1520931;2024;NA;NA;;NA;;NA;NA;NA;2611606;Recife;26;PE;1;1;1;1;440.9;335.3;483;376.9;0;1;100;120;120;120;80;540
1844670;2024;43057004;4307005;Erechim;43;RS;2;1;1;4307005;Erechim;43;RS;1;1;1;1;576.7;554.5;574.8;649;0;1;160;180;160;180;200;880
2146109;2024;NA;NA;;NA;;NA;NA;NA;5103403;Cuiabá;51;MT;1;1;1;1;478.1;496.9;531.2;398.1;0;1;120;120;80;120;40;480
308525;2024;43000428;4313904;Panambi;43;RS;1;1;1;4313904;Panambi;43;RS;1;1;1;1;631.4;637.1;513.7;713.6;1;1;160;200;120;200;200;880
416528;2024;23252529;2303006;Caridade;23;CE;2;2;1;2303006;Caridade;23;CE;1;1;1;1;570.8;530.9;559.5;597.5;1;1;160;200;160;180;200;900
1159859;2024;43033377;4306130;Cruzaltense;43;RS;2;1;1;4307005;Erechim;43;RS;1;1;1;1;376.3;498.3;550.7;465;1;1;100;120;100;100;160;580
509701;2024;22016937;2208304;Piracuruca;22;PI;2;1;1;2208304;Piracuruca;22;PI;0;0;0;0;NA;NA;NA;NA;1;NA;NA;NA;NA;NA;NA;NA
999184;2024;35017176;3501608;Americana;35;SP;2;1;1;3501608;Americana;35;SP;1;1;1;1;403.6;529.8;568.1;457;1;1;120;200;120;160;160;760
2593747;2024;NA;NA;;NA;;NA;NA;NA;3509502;Campinas;35;SP;1;1;1;1;490.5;568.4;571;650.7;1;1;140;160;140;160;80;680
4326854;2024;NA;NA;;NA;;NA;NA;NA;4304606;Canoas;43;RS;0;0;0;0;NA;NA;NA;NA;0;NA;NA;NA;NA;NA;NA;NA
2840126;2024;31004812;3106200;Belo Horizonte;31;MG;4;1;1;3106200;Belo Horizonte;31;MG;1;1;1;1;637.6;662.9;587.1;782.9;0;1;160;200;180;200;200;940
2088158;2024;NA;NA;;NA;;NA;NA;NA;3135209;Januária;31;MG;1;1;1;1;352.6;499.5;474.1;450.6;1;1;100;160;100;120;60;540
3551106;2024;NA;NA;;NA;;NA;NA;NA;4303004;Cachoeira do Sul;43;RS;1;1;1;1;548.7;581.8;581.6;517;1;1;80;100;80;60;80;400
2863343;2024;NA;NA;;NA;;NA;NA;NA;4204608;Criciúma;42;SC;1;1;1;1;500.8;635.9;594.9;525.2;1;1;120;200;160;160;180;820
1875520;2024;33033994;3306305;Volta Redonda;33;RJ;2;1;1;3306305;Volta Redonda;33;RJ;1;1;1;1;357;503.8;519.1;591.4;0;1;140;160;140;180;140;760
290374;2024;21279217;2103208;Chapadinha;21;MA;4;1;1;2103208;Chapadinha;21;MA;1;1;1;1;516.2;485.5;576.8;453.8;1;1;120;160;140;140;120;680
610583;2024;31035131;3147105;Pará de Minas;31;MG;2;1;1;3147105;Pará de Minas;31;MG;1;1;1;1;511.6;491.2;530.4;505.8;0;1;120;120;80;120;120;560
3193039;2024;NA;NA;;NA;;NA;NA;NA;1302603;Manaus;13;AM;0;0;0;0;NA;NA;NA;NA;0;NA;NA;NA;NA;NA;NA;NA
658826;2024;NA;NA;;NA;;NA;NA;NA;2109601;Rosário;21;MA;1;1;1;1;425.1;493.9;460.7;414.5;1;1;100;200;100;100;20;520
246459;2024;NA;NA;;NA;;NA;NA;NA;3510609;Carapicuíba;35;SP;0;0;0;0;NA;NA;NA;NA;1;NA;NA;NA;NA;NA;NA;NA
1346325;2024;51064677;5103403;Cuiabá;51;MT;4;1;1;5103403;Cuiabá;51;MT;1;1;1;1;597.9;607.7;541.7;630.9;0;1;120;180;120;140;200;760
4017635;2024;12033537;1200203;Cruzeiro do Sul;12;AC;2;1;1;1200203;Cruzeiro do Sul;12;AC;1;1;1;1;526;552.3;543.9;538.7;1;1;160;200;180;160;200;900
2583067;2024;33085480;3304557;Rio de Janeiro;33;RJ;2;1;1;3304557;Rio de Janeiro;33;RJ;0;0;0;0;NA;NA;NA;NA;1;NA;NA;NA;NA;NA;NA;NA
2297918;2024;NA;NA;;NA;;NA;NA;NA;2112803;Viana;21;MA;0;0;0;0;NA;NA;NA;NA;1;NA;NA;NA;NA;NA;NA;NA
1720079;2024;NA;NA;;NA;;NA;NA;NA;3302205;Itaperuna;33;RJ;1;1;1;1;451.2;430.2;532.6;474.2;1;1;120;120;120;100;60;520
3977118;2024;NA;NA;;NA;;NA;NA;NA;2606408;Gravatá;26;PE;0;1;1;0;NA;483.1;535.4;NA;0;1;140;160;140;160;160;760
2342121;2024;33079340;3304557;Rio de Janeiro;33;RJ;2;1;1;3304557;Rio de Janeiro;33;RJ;0;0;0;0;NA;NA;NA;NA;1;NA;NA;NA;NA;NA;NA;NA
3866776;2024;NA;NA;;NA;;NA;NA;NA;4316808;Santa Cruz do Sul;43;RS;1;1;1;1;354;505.1;496.5;395.2;1;1;120;120;100;100;40;480
191674;2024;23041510;2312403;São Gonçalo do Amarante;23;CE;2;1;1;2312403;São Gonçalo do Amarante;23;CE;1;1;1;1;442;484.3;435.7;381.5;1;1;100;100;100;100;60;460
2993165;2024;NA;NA;;NA;;NA;NA;NA;3549805;São José do Rio Preto;35;SP;0;0;0;0;NA;NA;NA;NA;0;NA;NA;NA;NA;NA;NA;NA
1895816;2024;27019608;2704104;Lagoa da Canoa;27;AL;2;1;1;2700300;Arapiraca;27;AL;1;1;1;1;539;560;582.6;684.3;1;1;160;200;120;160;200;840
232677;2024;NA;NA;;NA;;NA;NA;NA;3551009;São Vicente;35;SP;0;0;0;0;NA;NA;NA;NA;1;NA;NA;NA;NA;NA;NA;NA
748051;2024;35901325;3538709;Piracicaba;35;SP;2;2;1;3538709;Piracicaba;35;SP;1;1;1;1;535.7;559.2;513;481.5;1;1;120;140;60;100;80;500
1076462;2024;23105828;2301505;Arneiroz;23;CE;2;1;1;2313302;Tauá;23;CE;1;1;1;1;451.9;469.8;526;593.3;1;2;0;0;0;0;0;0
3402516;2024;41369874;4104204;Campo Largo;41;PR;2;1;1;4104204;Campo Largo;41;PR;0;1;1;0;NA;408.5;465.6;NA;1;1;100;120;100;120;80;520
4141435;2024;NA;NA;;NA;;NA;NA;NA;4314407;Pelotas;43;RS;1;1;1;1;532.6;594.8;594.6;565.9;1;1;120;120;100;80;100;520
677843;2024;NA;NA;;NA;;NA;NA;NA;3162104;São Gotardo;31;MG;1;1;1;1;524.4;497.1;462.5;528.3;0;1;120;120;120;180;80;620
1125393;2024;23116951;2308500;Mombaça;23;CE;2;1;1;2308500;Mombaça;23;CE;0;0;0;0;NA;NA;NA;NA;1;NA;NA;NA;NA;NA;NA;NA
3855633;2024;NA;NA;;NA;;NA;NA;NA;2931350;Teixeira de Freitas;29;BA;1;1;1;1;374;483.4;477.8;407.3;1;1;80;120;100;100;0;400
4121757;2024;NA;NA;;NA;;NA;NA;NA;2800308;Aracaju;28;SE;0;0;0;0;NA;NA;NA;NA;1;NA;NA;NA;NA;NA;NA;NA
3127405;2024;NA;NA;;NA;;NA;NA;NA;2408102;Natal;24;RN;1;1;1;1;518;592.6;566.7;432.5;0;1;120;120;100;120;60;520
3300044;2024;NA;NA;;NA;;NA;NA;NA;4318408;São Jerônimo;43;RS;0;0;0;0;NA;NA;NA;NA;1;NA;NA;NA;NA;NA;NA;NA
1362670;2024;NA;NA;;NA;;NA;NA;NA;2408003;Mossoró;24;RN;1;1;1;1;591.8;607.8;591.5;647.4;0;1;160;120;120;140;80;620
671964;2024;NA;NA;;NA;;NA;NA;NA;3530201;Mirante do Paranapanema;35;SP;1;1;1;1;403.3;463.1;489.7;377;0;1;140;180;120;140;120;700
2166061;2024;51016443;5107909;Sinop;51;MT;4;1;1;5107909;Sinop;51;MT;1;1;1;1;425.5;558.4;480.7;552.7;0;1;160;180;200;200;200;940
1007824;2024;NA;NA;;NA;;NA;NA;NA;4120903;Quedas do Iguaçu;41;PR;0;0;0;0;NA;NA;NA;NA;1;NA;NA;NA;NA;NA;NA;NA
4181101;2024;NA;NA;;NA;;NA;NA;NA;2201200;Barras;22;PI;1;1;1;1;436.1;565.8;508.6;449;0;1;100;120;100;120;140;580
166287;2024;NA;NA;;NA;;NA;NA;NA;4304606;Canoas;43;RS;1;1;1;1;537.5;642.7;554.5;644.1;0;1;140;180;160;180;200;860
1791629;2024;NA;NA;;NA;;NA;NA;NA;3545209;Salto;35;SP;1;1;1;1;568.8;528.3;530.2;472.8;0;1;80;160;80;100;80;500
2947510;2024;35017875;3538204;Pinhalzinho;35;SP;2;1;1;3507605;Bragança Paulista;35;SP;0;0;0;0;NA;NA;NA;NA;0;NA;NA;NA;NA;NA;NA;NA
2884617;2024;NA;NA;;NA;;NA;NA;NA;3304557;Rio de Janeiro;33;RJ;0;0;0;0;NA;NA;NA;NA;0;NA;NA;NA;NA;NA;NA;NA
3078893;2024;NA;NA;;NA;;NA;NA;NA;3302700;Maricá;33;RJ;1;1;1;1;467.1;538.3;590;585.5;1;8;0;0;0;0;0;0
3831413;2024;NA;NA;;NA;;NA;NA;NA;1501808;Breves;15;PA;0;1;1;0;NA;508;535.7;NA;1;1;100;160;100;100;120;580
1026180;2024;NA;NA;;NA;;NA;NA;NA;2927408;Salvador;29;BA;1;1;1;1;439.3;469.1;499.4;381.8;0;1;100;100;40;100;0;340
3486620;2024;NA;NA;;NA;;NA;NA;NA;2927002;Rio Real;29;BA;1;1;1;1;635.5;688.4;638.8;763.3;0;1;160;200;160;200;200;920
1810617;2024;NA;NA;;NA;;NA;NA;NA;2111300;São Luís;21;MA;0;1;1;0;NA;601.2;628.1;NA;1;1;140;120;100;100;80;540
2854218;2024;15034500;1500800;Ananindeua;15;PA;2;1;1;1500800;Ananindeua;15;PA;1;1;1;1;469;474.4;570.7;430.6;0;1;140;120;140;140;100;640
3587612;2024;NA;NA;;NA;;NA;NA;NA;2504009;Campina Grande;25;PB;1;1;1;1;606.2;612.1;539;609;0;1;120;200;140;160;180;800
158482;2024;NA;NA;;NA;;NA;NA;NA;4314902;Porto Alegre;43;RS;0;0;0;0;NA;NA;NA;NA;0;NA;NA;NA;NA;NA;NA;NA
4003133;2024;NA;NA;;NA;;NA;NA;NA;4114609;Marechal Cândido Rondon;41;PR;0;0;0;0;NA;NA;NA;NA;0;NA;NA;NA;NA;NA;NA;NA
539314;2024;NA;NA;;NA;;NA;NA;NA;2804805;Nossa Senhora do Socorro;28;SE;1;1;1;1;474.7;487.2;554.4;419.3;1;1;160;200;200;180;200;940
54976;2024;NA;NA;;NA;;NA;NA;NA;2917300;Ituberá;29;BA;1;1;1;1;485.5;519.5;562;562.3;0;1;120;120;100;100;160;600
3718889;2024;NA;NA;;NA;;NA;NA;NA;3118304;Conselheiro Lafaiete;31;MG;1;1;1;1;536.3;467.4;551.8;440.1;0;1;120;120;100;100;100;540
1351825;2024;NA;NA;;NA;;NA;NA;NA;3304557;Rio de Janeiro;33;RJ;0;0;0;0;NA;NA;NA;NA;0;NA;NA;NA;NA;NA;NA;NA
3923666;2024;NA;NA;;NA;;NA;NA;NA;4314407;Pelotas;43;RS;0;0;0;0;NA;NA;NA;NA;1;NA;NA;NA;NA;NA;NA;NA
2219686;2024;NA;NA;;NA;;NA;NA;NA;2309508;Orós;23;CE;1;1;1;1;437.3;458.9;542.9;490.3;1;1;120;120;100;120;80;540
3335411;2024;26128586;2611606;Recife;26;PE;2;1;1;2611606;Recife;26;PE;0;0;0;0;NA;NA;NA;NA;0;NA;NA;NA;NA;NA;NA;NA
4230306;2024;NA;NA;;NA;;NA;NA;NA;3552809;Taboão da Serra;35;SP;0;0;0;0;NA;NA;NA;NA;1;NA;NA;NA;NA;NA;NA;NA
2018547;2024;NA;NA;;NA;;NA;NA;NA;5208707;Goiânia;52;GO;1;1;1;1;366.8;495.1;508;406.7;0;1;100;120;100;120;20;460
4061503;2024;NA;NA;;NA;;NA;NA;NA;3169901;Ubá;31;MG;1;1;1;1;430.1;394.8;493.2;525;1;1;120;120;120;120;100;580
1409436;2024;NA;NA;;NA;;NA;NA;NA;3304904;São Gonçalo;33;RJ;1;1;1;1;453.6;337.7;442.6;545.2;1;1;100;120;40;60;40;360
1460411;2024;NA;NA;;NA;;NA;NA;NA;2200400;Altos;22;PI;1;1;1;1;670.6;692;618;837.6;1;1;180;200;180;200;200;960
2889150;2024;41389611;4108957;Guamiranga;41;PR;2;2;1;4120606;Prudentópolis;41;PR;1;1;1;1;467.8;482.9;528.5;464.3;1;1;120;160;120;140;100;640
1759998;2024;NA;NA;;NA;;NA;NA;NA;5103403;Cuiabá;51;MT;1;1;1;1;497.3;575.9;580.6;397;0;1;120;120;120;120;80;560
3133094;2024;35103861;3550308;São Paulo;35;SP;4;1;1;3550308;São Paulo;35;SP;1;1;1;1;607.3;692.6;594.3;693.7;0;1;160;160;160;160;200;840
4298925;2024;NA;NA;;NA;;NA;NA;NA;2605202;Escada;26;PE;0;0;0;0;NA;NA;NA;NA;1;NA;NA;NA;NA;NA;NA;NA
3631823;2024;NA;NA;;NA;;NA;NA;NA;2704302;Maceió;27;AL;1;1;1;1;534.7;595.9;511.3;489.3;0;1;120;160;120;120;120;640
19153;2024;60025729;4313466;Novo Xingu;43;RS;2;1;1;4320107;Sarandi;43;RS;1;1;1;1;492.6;583.7;569.3;480.4;1;1;160;180;180;200;200;920
1290851;2024;35908617;3505708;Barueri;35;SP;2;1;1;3505708;Barueri;35;SP;0;0;0;0;NA;NA;NA;NA;0;NA;NA;NA;NA;NA;NA;NA
2563689;2024;22022481;2211001;Teresina;22;PI;4;1;1;2211001;Teresina;22;PI;1;1;1;1;814.6;659.1;636.1;854.2;0;1;160;200;200;180;180;920
3192256;2024;52050882;5217609;Planaltina;52;GO;2;1;1;5217609;Planaltina;52;GO;0;0;0;0;NA;NA;NA;NA;0;NA;NA;NA;NA;NA;NA;NA
3944490;2024;NA;NA;;NA;;NA;NA;NA;2408003;Mossoró;24;RN;1;0;0;1;588.6;NA;NA;668.7;1;NA;NA;NA;NA;NA;NA;NA
1762334;2024;26055210;2604106;Caruaru;26;PE;2;1;1;2604106;Caruaru;26;PE;0;1;1;0;NA;351.9;466.5;NA;1;1;80;120;100;80;120;500
968592;2024;NA;NA;;NA;;NA;NA;NA;2305357;Icapuí;23;CE;1;1;1;1;602.3;481;568.5;665.7;0;1;120;180;140;120;160;720
2441068;2024;31180530;3163706;São Lourenço;31;MG;4;1;1;3163706;São Lourenço;31;MG;1;1;1;1;526.8;580.1;595.9;686.7;0;1;160;180;160;180;140;820
2188794;2024;NA;NA;;NA;;NA;NA;NA;2510808;Patos;25;PB;1;1;1;1;389;417.9;415.1;510.5;1;1;100;140;120;100;40;500
2865653;2024;27005224;2704609;Maravilha;27;AL;2;1;1;2708006;Santana do Ipanema;27;AL;1;1;1;1;420;347.5;418.6;421.3;0;4;0;0;0;0;0;0
3246495;2024;NA;NA;;NA;;NA;NA;NA;2105708;Lago da Pedra;21;MA;1;1;1;1;434.3;424.1;503.7;423.5;0;1;100;120;120;80;120;540
4024187;2024;31067873;3136702;Juiz de Fora;31;MG;1;1;1;3136702;Juiz de Fora;31;MG;1;1;1;1;562.7;662.4;619.4;763.2;1;4;0;0;0;0;0;0
3894446;2024;NA;NA;;NA;;NA;NA;NA;4301602;Bagé;43;RS;0;0;0;0;NA;NA;NA;NA;1;NA;NA;NA;NA;NA;NA;NA
4328563;2024;NA;NA;;NA;;NA;NA;NA;4322400;Uruguaiana;43;RS;1;1;1;1;407.8;465.6;426.9;408.9;1;1;120;120;120;100;80;540
3030994;2024;NA;NA;;NA;;NA;NA;NA;2301000;Aquiraz;23;CE;1;1;1;1;543;570.2;604.2;691;0;1;160;200;160;200;180;900
1439307;2024;NA;NA;;NA;;NA;NA;NA;4314902;Porto Alegre;43;RS;0;0;0;0;NA;NA;NA;NA;1;NA;NA;NA;NA;NA;NA;NA
935774;2024;NA;NA;;NA;;NA;NA;NA;3304557;Rio de Janeiro;33;RJ;0;0;0;0;NA;NA;NA;NA;0;NA;NA;NA;NA;NA;NA;NA
1054136;2024;13028057;1302603;Manaus;13;AM;2;1;1;1302603;Manaus;13;AM;1;1;1;1;411.2;474.7;508.2;423.5;1;1;120;160;120;100;0;500
2741863;2024;NA;NA;;NA;;NA;NA;NA;3301702;Duque de Caxias;33;RJ;0;0;0;0;NA;NA;NA;NA;1;NA;NA;NA;NA;NA;NA;NA
4070836;2024;NA;NA;;NA;;NA;NA;NA;3556503;Várzea Paulista;35;SP;0;0;0;0;NA;NA;NA;NA;0;NA;NA;NA;NA;NA;NA;NA
982512;2024;NA;NA;;NA;;NA;NA;NA;3549904;São José dos Campos;35;SP;1;1;1;1;611.3;492.5;536;603.2;0;1;140;120;140;180;120;700
4025735;2024;NA;NA;;NA;;NA;NA;NA;2208007;Picos;22;PI;1;0;0;1;364;NA;NA;412.6;1;NA;NA;NA;NA;NA;NA;NA
390302;2024;NA;NA;;NA;;NA;NA;NA;2807600;Umbaúba;28;SE;1;1;1;1;465.5;462.3;453.7;505.1;1;4;0;0;0;0;0;0
3174558;2024;50030582;5002704;Campo Grande;50;MS;4;1;1;5002704;Campo Grande;50;MS;1;1;1;1;699.8;662.7;616.5;833;0;1;160;200;160;180;180;880
316399;2024;NA;NA;;NA;;NA;NA;NA;4317301;Santa Vitória do Palmar;43;RS;1;1;1;1;628;709.1;618.7;710.5;0;1;180;200;180;200;200;960
732890;2024;26129086;2613701;São Lourenço da Mata;26;PE;2;1;1;2613701;São Lourenço da Mata;26;PE;1;1;1;1;482.9;522.3;539.4;530.6;1;1;120;140;140;140;140;680
2532383;2024;NA;NA;;NA;;NA;NA;NA;1100049;Cacoal;11;RO;1;1;1;1;548.1;551.9;566.9;555.3;1;1;160;200;160;180;200;900
3773740;2024;NA;NA;;NA;;NA;NA;NA;3507506;Botucatu;35;SP;1;1;1;1;608.6;561.5;535.4;641;0;1;120;120;120;120;60;540
1317326;2024;NA;NA;;NA;;NA;NA;NA;2208007;Picos;22;PI;1;1;1;1;415.6;539.1;550.9;432.8;1;1;120;160;120;160;140;700
3854456;2024;41361709;4104204;Campo Largo;41;PR;2;1;1;4104204;Campo Largo;41;PR;1;1;1;1;454.6;485;545.6;449.5;1;1;120;160;120;120;100;620
3081377;2024;NA;NA;;NA;;NA;NA;NA;4202909;Brusque;42;SC;0;0;0;0;NA;NA;NA;NA;1;NA;NA;NA;NA;NA;NA;NA
885317;2024;21151806;2100105;Afonso Cunha;21;MA;2;1;1;2103406;Coelho Neto;21;MA;1;1;1;1;370.6;475.5;480.1;456.2;1;1;140;140;140;120;60;600
3415661;2024;NA;NA;;NA;;NA;NA;NA;3550308;São Paulo;35;SP;1;1;1;1;593.3;665.4;655.8;643.2;0;1;120;120;120;120;120;600
2788034;2024;NA;NA;;NA;;NA;NA;NA;2307809;Marco;23;CE;1;1;1;1;498.7;365.3;493.8;409.3;1;1;120;160;140;160;200;780
3881651;2024;NA;NA;;NA;;NA;NA;NA;2922508;Nazaré;29;BA;1;1;1;1;711.6;722.1;619.3;814.5;0;1;160;160;160;180;200;860
2454046;2024;NA;NA;;NA;;NA;NA;NA;2111300;São Luís;21;MA;1;1;1;1;523.2;506.5;547.9;614.4;1;1;100;140;120;120;60;540
2397837;2024;NA;NA;;NA;;NA;NA;NA;3120904;Curvelo;31;MG;1;1;1;1;345.5;339.9;359;441.3;1;1;100;160;140;100;40;540
168364;2024;21145520;2103307;Codó;21;MA;2;1;1;2103307;Codó;21;MA;1;1;1;1;441.2;423.5;407.6;385.7;0;1;100;140;120;120;140;620
2227475;2024;NA;NA;;NA;;NA;NA;NA;3550308;São Paulo;35;SP;0;0;0;0;NA;NA;NA;NA;0;NA;NA;NA;NA;NA;NA;NA
308461;2024;NA;NA;;NA;;NA;NA;NA;2908507;Conceição do Jacuípe;29;BA;1;1;1;1;561.4;624.1;569.9;687.2;0;1;120;120;80;120;120;560
1568152;2024;NA;NA;;NA;;NA;NA;NA;5103403;Cuiabá;51;MT;1;1;1;1;577;591.1;586.4;710;1;1;140;180;200;180;200;900
168087;2024;33097437;3304524;Rio das Ostras;33;RJ;2;1;1;3304524;Rio das Ostras;33;RJ;1;1;1;1;438.5;451.6;457.4;388.2;0;1;120;140;80;120;60;520
1383089;2024;NA;NA;;NA;;NA;NA;NA;3556503;Várzea Paulista;35;SP;0;0;0;0;NA;NA;NA;NA;1;NA;NA;NA;NA;NA;NA;NA
2268472;2024;NA;NA;;NA;;NA;NA;NA;4316907;Santa Maria;43;RS;0;0;0;0;NA;NA;NA;NA;1;NA;NA;NA;NA;NA;NA;NA
1832600;2024;17056438;1721000;Palmas;17;TO;2;1;1;1721000;Palmas;17;TO;1;1;1;1;590.9;590.8;609.9;668.2;0;1;120;160;140;120;120;660
2991304;2024;NA;NA;;NA;;NA;NA;NA;3304557;Rio de Janeiro;33;RJ;1;1;1;1;477.9;571.7;594.8;719.1;1;1;100;140;120;120;60;540
2308321;2024;NA;NA;;NA;;NA;NA;NA;4218707;Tubarão;42;SC;0;0;0;0;NA;NA;NA;NA;0;NA;NA;NA;NA;NA;NA;NA
335508;2024;NA;NA;;NA;;NA;NA;NA;2927408;Salvador;29;BA;1;1;1;1;445.8;469.3;439.6;373.7;0;1;120;140;120;120;100;600
1901210;2024;NA;NA;;NA;;NA;NA;NA;4204202;Chapecó;42;SC;1;1;1;1;617.2;644.3;560.8;686.5;0;1;140;200;160;200;200;900
3789967;2024;NA;NA;;NA;;NA;NA;NA;4103701;Cambé;41;PR;1;1;1;1;572.6;560.1;559.8;630.9;0;1;180;180;200;180;180;920
3555814;2024;NA;NA;;NA;;NA;NA;NA;2919801;Macaúbas;29;BA;1;1;1;1;444.1;512.3;550.4;533.9;0;1;120;160;120;140;100;640
3665050;2024;NA;NA;;NA;;NA;NA;NA;2103505;Colinas;21;MA;0;1;1;0;NA;547.2;549;NA;0;1;140;180;120;120;120;680
530590;2024;NA;NA;;NA;;NA;NA;NA;4127106;Telêmaco Borba;41;PR;1;1;1;1;354.6;464;460.2;719.1;0;1;120;120;120;120;120;600
776694;2024;NA;NA;;NA;;NA;NA;NA;2926004;Remanso;29;BA;1;1;1;1;524.9;574.9;547.2;558.3;0;1;140;180;140;140;180;780
1339023;2024;NA;NA;;NA;;NA;NA;NA;1702554;Augustinópolis;17;TO;0;0;0;0;NA;NA;NA;NA;1;NA;NA;NA;NA;NA;NA;NA
2191267;2024;26121328;2611606;Recife;26;PE;4;1;1;2603454;Camaragibe;26;PE;1;1;1;1;523.6;486.5;532.1;466.9;0;1;140;120;120;120;120;620
3966226;2024;NA;NA;;NA;;NA;NA;NA;2105302;Imperatriz;21;MA;1;1;1;1;374.6;423;495.6;432.8;1;1;140;180;140;140;80;680
2875175;2024;NA;NA;;NA;;NA;NA;NA;3132404;Itajubá;31;MG;0;0;0;0;NA;NA;NA;NA;0;NA;NA;NA;NA;NA;NA;NA
1843016;2024;NA;NA;;NA;;NA;NA;NA;2301000;Aquiraz;23;CE;1;1;1;1;588.5;580;584.1;713.8;0;1;140;120;140;120;120;640
3698615;2024;NA;NA;;NA;;NA;NA;NA;3543303;Ribeirão Pires;35;SP;1;1;1;1;566;653.9;625.1;463.6;0;1;120;180;120;120;180;720
1562852;2024;NA;NA;;NA;;NA;NA;NA;3549805;São José do Rio Preto;35;SP;1;1;1;1;555.5;589.7;596.1;659.6;0;1;80;100;80;80;100;440
1175764;2024;NA;NA;;NA;;NA;NA;NA;2307304;Juazeiro do Norte;23;CE;0;0;0;0;NA;NA;NA;NA;1;NA;NA;NA;NA;NA;NA;NA
199296;2024;31106160;3131901;Itabirito;31;MG;2;1;1;3131901;Itabirito;31;MG;1;1;1;1;471.6;447.3;567.2;674.3;0;1;160;200;140;160;140;800
58746;2024;NA;NA;;NA;;NA;NA;NA;2303709;Caucaia;23;CE;0;0;0;0;NA;NA;NA;NA;1;NA;NA;NA;NA;NA;NA;NA
3261020;2024;NA;NA;;NA;;NA;NA;NA;2919553;Luís Eduardo Magalhães;29;BA;0;0;0;0;NA;NA;NA;NA;0;NA;NA;NA;NA;NA;NA;NA
3249343;2024;29456495;2910503;Entre Rios;29;BA;2;2;1;2910503;Entre Rios;29;BA;0;0;0;0;NA;NA;NA;NA;1;NA;NA;NA;NA;NA;NA;NA
3286131;2024;NA;NA;;NA;;NA;NA;NA;2103208;Chapadinha;21;MA;1;1;1;1;410.5;398;434.6;514.4;1;1;120;200;120;120;20;580
1618305;2024;35044167;3557105;Votuporanga;35;SP;2;1;1;3557105;Votuporanga;35;SP;1;1;1;1;461.5;481;494.6;428.8;1;1;100;120;80;100;40;440
607759;2024;41352726;4108403;Francisco Beltrão;41;PR;4;1;1;4108403;Francisco Beltrão;41;PR;1;1;1;1;577.2;627.7;584.2;719.2;0;1;160;180;160;160;140;800
430217;2024;NA;NA;;NA;;NA;NA;NA;2108603;Pinheiro;21;MA;1;1;1;1;569.6;599.9;617.1;730;0;1;160;200;200;180;160;900
1297854;2024;NA;NA;;NA;;NA;NA;NA;2111300;São Luís;21;MA;1;1;1;1;390.2;499.1;431.9;426.1;1;1;120;200;120;120;80;640
2212703;2024;NA;NA;;NA;;NA;NA;NA;3122306;Divinópolis;31;MG;0;0;0;0;NA;NA;NA;NA;0;NA;NA;NA;NA;NA;NA;NA
44689;2024;NA;NA;;NA;;NA;NA;NA;2803500;Lagarto;28;SE;1;1;1;1;439.3;505.9;504.4;420.6;1;1;120;200;160;160;160;800
311776;2024;NA;NA;;NA;;NA;NA;NA;2516201;Sousa;25;PB;0;0;0;0;NA;NA;NA;NA;1;NA;NA;NA;NA;NA;NA;NA
2774837;2024;52032230;5203302;Bela Vista de Goiás;52;GO;2;1;1;5217104;Piracanjuba;52;GO;1;1;1;1;424.4;395;436.6;454.8;1;6;0;0;0;0;0;0
8254;2024;31180858;3123304;Dores do Turvo;31;MG;2;1;1;3169901;Ubá;31;MG;1;1;1;1;596.5;620.5;618.3;672.6;1;1;140;200;160;180;200;880
321408;2024;35025811;3525300;Jaú;35;SP;2;1;1;3525300;Jaú;35;SP;1;1;1;1;434;511.8;507.8;491.8;0;1;140;140;140;140;160;720
645341;2024;NA;NA;;NA;;NA;NA;NA;2931350;Teixeira de Freitas;29;BA;1;1;1;1;569.1;565.4;571.1;460.2;1;1;100;120;80;100;60;460
1144754;2024;NA;NA;;NA;;NA;NA;NA;1501709;Bragança;15;PA;1;1;1;1;389.1;423.1;398.2;505.8;0;1;80;120;100;100;40;440
1890656;2024;NA;NA;;NA;;NA;NA;NA;3550308;São Paulo;35;SP;1;1;1;1;532.6;469.1;479.9;403.3;1;1;120;140;100;120;120;600
3513559;2024;NA;NA;;NA;;NA;NA;NA;3507605;Bragança Paulista;35;SP;1;1;1;1;654.3;646.2;608.7;669.6;0;1;160;160;160;160;80;720
1999210;2024;21280843;2101251;Bacabeira;21;MA;2;1;1;2109601;Rosário;21;MA;1;1;1;1;385.6;486;524.1;407.9;1;1;140;180;140;140;140;740
3345439;2024;13031007;1302603;Manaus;13;AM;2;1;1;1302603;Manaus;13;AM;1;1;1;1;432;507.5;547.8;462.1;0;1;160;120;120;120;80;600
1985513;2024;NA;NA;;NA;;NA;NA;NA;3304557;Rio de Janeiro;33;RJ;1;1;1;1;691.8;694.3;604.6;727.4;1;1;160;200;160;180;180;880
1957119;2024;NA;NA;;NA;;NA;NA;NA;3101607;Alfenas;31;MG;1;1;1;1;589.4;480.9;522.9;598;0;1;180;160;160;200;200;900
335635;2024;NA;NA;;NA;;NA;NA;NA;3145604;Oliveira;31;MG;1;1;1;1;581.1;566.6;540.7;631;0;1;160;200;180;200;200;940
1171409;2024;51070120;5107040;Primavera do Leste;51;MT;2;1;1;5107040;Primavera do Leste;51;MT;1;1;1;1;407.3;313.2;493.1;402.1;1;1;100;160;120;120;80;580
3637848;2024;NA;NA;;NA;;NA;NA;NA;3529005;Marília;35;SP;1;1;1;1;499.1;464.9;412.7;423.7;0;1;120;140;120;100;80;560
3485328;2024;NA;NA;;NA;;NA;NA;NA;4314902;Porto Alegre;43;RS;0;0;0;0;NA;NA;NA;NA;1;NA;NA;NA;NA;NA;NA;NA
4013287;2024;NA;NA;;NA;;NA;NA;NA;4309209;Gravataí;43;RS;1;1;1;1;422.9;510.6;502.2;420.2;1;6;0;0;0;0;0;0
1626995;2024;NA;NA;;NA;;NA;NA;NA;2600807;Altinho;26;PE;0;0;0;0;NA;NA;NA;NA;1;NA;NA;NA;NA;NA;NA;NA
2974565;2024;NA;NA;;NA;;NA;NA;NA;2112704;Vargem Grande;21;MA;1;1;1;1;463.4;464.1;476.6;563.1;0;1;120;160;120;120;120;640
2790722;2024;41022742;4107801;Floraí;41;PR;2;1;1;4116901;Nova Esperança;41;PR;1;1;1;1;505.5;547.2;564.7;461.8;1;1;120;160;100;100;120;600
1121165;2024;29024528;2918407;Juazeiro;29;BA;2;1;1;2918407;Juazeiro;29;BA;1;1;1;1;433.7;437.7;493.6;547.4;0;1;120;120;120;120;80;560
2420058;2024;41369874;4104204;Campo Largo;41;PR;2;1;1;4104204;Campo Largo;41;PR;0;0;0;0;NA;NA;NA;NA;1;NA;NA;NA;NA;NA;NA;NA
3087341;2024;26055473;2604106;Caruaru;26;PE;2;1;1;2604106;Caruaru;26;PE;0;0;0;0;NA;NA;NA;NA;1;NA;NA;NA;NA;NA;NA;NA
587455;2024;NA;NA;;NA;;NA;NA;NA;2702405;Delmiro Gouveia;27;AL;0;0;0;0;NA;NA;NA;NA;1;NA;NA;NA;NA;NA;NA;NA
1966497;2024;31193038;3119401;Coronel Fabriciano;31;MG;4;1;1;3119401;Coronel Fabriciano;31;MG;1;1;1;1;631.2;665.6;632.2;794.4;0;1;160;180;180;200;200;920
1197107;2024;NA;NA;;NA;;NA;NA;NA;4314902;Porto Alegre;43;RS;0;0;0;0;NA;NA;NA;NA;0;NA;NA;NA;NA;NA;NA;NA
1529906;2024;NA;NA;;NA;;NA;NA;NA;3204708;São Gabriel da Palha;32;ES;0;0;0;0;NA;NA;NA;NA;0;NA;NA;NA;NA;NA;NA;NA
2886177;2024;26189585;2600054;Abreu e Lima;26;PE;2;1;1;2600054;Abreu e Lima;26;PE;1;1;1;1;422.8;531.4;527.8;545.3;1;1;140;200;120;160;160;780
1255603;2024;33096880;3300407;Barra Mansa;33;RJ;2;1;1;3300407;Barra Mansa;33;RJ;0;0;0;0;NA;NA;NA;NA;0;NA;NA;NA;NA;NA;NA;NA
249774;2024;33037230;3300100;Angra dos Reis;33;RJ;2;1;1;3300100;Angra dos Reis;33;RJ;1;1;1;1;550.1;624.1;630.3;646.9;0;1;120;200;120;120;140;700
2420643;2024;51067820;5104807;Jaciara;51;MT;2;1;1;5104807;Jaciara;51;MT;1;1;1;1;386.1;358.3;407;416.6;0;1;120;140;120;120;120;620
1386231;2024;NA;NA;;NA;;NA;NA;NA;3106200;Belo Horizonte;31;MG;1;1;1;1;441.7;575.4;552.5;564;0;1;120;180;140;140;100;680
85796;2024;31129763;3168507;Teixeiras;31;MG;2;1;1;3171303;Viçosa;31;MG;1;1;1;1;413.5;311.7;343.5;379.1;0;1;80;80;40;80;120;400
986284;2024;NA;NA;;NA;;NA;NA;NA;2927408;Salvador;29;BA;1;1;1;1;458.6;573.6;566.8;480;1;1;100;120;100;80;60;460
506904;2024;35810794;3556453;Vargem Grande Paulista;35;SP;4;1;1;3556453;Vargem Grande Paulista;35;SP;1;1;1;1;662.5;701.4;660.7;753.5;0;1;160;200;200;200;200;960
1023520;2024;52017311;5210901;Itapaci;52;GO;2;1;1;5210901;Itapaci;52;GO;1;1;1;1;552.6;629.2;576;700.5;0;1;160;200;160;160;200;880
2782905;2024;NA;NA;;NA;;NA;NA;NA;2706307;Palmeira dos Índios;27;AL;0;0;0;0;NA;NA;NA;NA;1;NA;NA;NA;NA;NA;NA;NA
649519;2024;NA;NA;;NA;;NA;NA;NA;3106200;Belo Horizonte;31;MG;1;1;1;1;379.9;506.9;336.9;389.1;0;1;120;120;80;100;60;480
3744966;2024;31008800;3118601;Contagem;31;MG;2;1;1;3118601;Contagem;31;MG;0;0;0;0;NA;NA;NA;NA;1;NA;NA;NA;NA;NA;NA;NA
4026906;2024;NA;NA;;NA;;NA;NA;NA;3106200;Belo Horizonte;31;MG;1;1;1;1;571.7;588;631.3;609.8;0;1;100;120;120;120;120;580
1809488;2024;NA;NA;;NA;;NA;NA;NA;2910057;Dias d'Ávila;29;BA;1;1;1;1;546.8;559.4;570.7;452.1;1;1;140;120;120;140;120;640
3153330;2024;NA;NA;;NA;;NA;NA;NA;2925303;Porto Seguro;29;BA;1;1;1;1;529.6;500.3;614.3;427.7;0;1;100;120;120;120;100;560
1696952;2024;41355644;4106902;Curitiba;41;PR;4;1;1;4106902;Curitiba;41;PR;0;0;0;0;NA;NA;NA;NA;0;NA;NA;NA;NA;NA;NA;NA
3140712;2024;35903206;3521705;Itaberá;35;SP;2;1;1;3522406;Itapeva;35;SP;1;0;0;1;498.2;NA;NA;515.4;0;NA;NA;NA;NA;NA;NA;NA
4319240;2024;NA;NA;;NA;;NA;NA;NA;4308508;Frederico Westphalen;43;RS;0;0;0;0;NA;NA;NA;NA;0;NA;NA;NA;NA;NA;NA;NA
2407065;2024;33171670;3305109;São João de Meriti;33;RJ;4;1;1;3305109;São João de Meriti;33;RJ;1;1;1;1;626;641.4;593.2;718;0;1;120;200;120;120;80;640
3106907;2024;NA;NA;;NA;;NA;NA;NA;2931350;Teixeira de Freitas;29;BA;1;1;1;1;600.2;650.9;585.7;700.1;0;1;100;180;120;160;180;740
3162726;2024;NA;NA;;NA;;NA;NA;NA;3131307;Ipatinga;31;MG;1;1;1;1;473.1;567.5;578.3;557.6;0;1;120;160;120;160;140;700
720164;2024;26034352;2611101;Petrolina;26;PE;2;1;1;2611101;Petrolina;26;PE;1;1;1;1;372.9;400.6;428.4;405.8;0;1;100;100;60;120;60;440
1422321;2024;23165618;2307304;Juazeiro do Norte;23;CE;2;1;1;2307304;Juazeiro do Norte;23;CE;1;1;1;1;409.3;492;385.4;459.7;0;1;80;120;120;120;0;440
4111177;2024;35141124;3534401;Osasco;35;SP;4;1;1;3505708;Barueri;35;SP;1;1;1;1;487.4;556.6;598.9;562.2;0;1;120;140;120;100;100;580
799423;2024;NA;NA;;NA;;NA;NA;NA;3523404;Itatiba;35;SP;1;1;1;1;507.2;514.1;506.9;599.8;0;1;120;120;120;120;100;580
2242924;2024;24018333;2409407;Pau dos Ferros;24;RN;2;1;1;2409407;Pau dos Ferros;24;RN;1;1;1;1;518;474.6;526.9;623.7;0;1;160;160;160;160;120;760
3001985;2024;35033327;3535507;Paraguaçu Paulista;35;SP;2;1;1;3535507;Paraguaçu Paulista;35;SP;0;0;0;0;NA;NA;NA;NA;1;NA;NA;NA;NA;NA;NA;NA
51368;2024;15027635;1507706;São Sebastião da Boa Vista;15;PA;2;1;1;1507706;São Sebastião da Boa Vista;15;PA;1;1;1;1;470.6;559;575.5;427.1;1;1;100;120;80;100;40;440
3331405;2024;NA;NA;;NA;;NA;NA;NA;5002100;Bela Vista;50;MS;1;1;1;1;430.8;481.2;489.5;409.1;1;1;120;180;120;100;80;600
2538306;2024;NA;NA;;NA;;NA;NA;NA;1506807;Santarém;15;PA;0;0;0;0;NA;NA;NA;NA;1;NA;NA;NA;NA;NA;NA;NA
1988079;2024;41086449;4108403;Francisco Beltrão;41;PR;2;1;1;4108403;Francisco Beltrão;41;PR;1;1;1;1;478.5;478.2;447;500.8;1;1;80;100;100;100;60;440
3667780;2024;29425530;2921203;Miguel Calmon;29;BA;2;1;1;2921203;Miguel Calmon;29;BA;0;0;0;0;NA;NA;NA;NA;0;NA;NA;NA;NA;NA;NA;NA
43288;2024;NA;NA;;NA;;NA;NA;NA;2403608;Extremoz;24;RN;1;1;1;1;494.3;515.6;477.2;585.6;0;1;160;180;140;140;140;760
2886219;2024;NA;NA;;NA;;NA;NA;NA;3506003;Bauru;35;SP;1;1;1;1;571.3;540.8;554.4;631;0;1;100;140;140;120;80;580
3622878;2024;NA;NA;;NA;;NA;NA;NA;1505536;Parauapebas;15;PA;0;0;0;0;NA;NA;NA;NA;1;NA;NA;NA;NA;NA;NA;NA
4173076;2024;15178021;1502707;Conceição do Araguaia;15;PA;2;2;1;1502707;Conceição do Araguaia;15;PA;0;2;2;0;NA;NA;NA;NA;0;NA;NA;NA;NA;NA;NA;NA
484570;2024;43113460;4315602;Rio Grande;43;RS;2;1;1;4315602;Rio Grande;43;RS;1;1;1;1;483.8;528.4;570;468.1;1;1;140;160;160;160;120;740
346472;2024;NA;NA;;NA;;NA;NA;NA;2702900;Girau do Ponciano;27;AL;1;1;1;1;405.6;451.1;400.3;481.9;1;1;100;120;80;100;80;480
2774889;2024;31170674;3139003;Machado;31;MG;1;2;1;3139003;Machado;31;MG;1;1;1;1;565.7;495.8;597.3;604.6;0;1;100;200;120;120;180;720
749326;2024;NA;NA;;NA;;NA;NA;NA;3132404;Itajubá;31;MG;1;1;1;1;546.5;549.4;561.5;671.8;0;1;140;160;120;160;140;720
1960396;2024;NA;NA;;NA;;NA;NA;NA;3151800;Poços de Caldas;31;MG;1;1;1;1;720.7;702;626;807.9;0;1;160;180;160;180;180;860
1644179;2024;NA;NA;;NA;;NA;NA;NA;2408102;Natal;24;RN;0;0;0;0;NA;NA;NA;NA;1;NA;NA;NA;NA;NA;NA;NA
1141460;2024;NA;NA;;NA;;NA;NA;NA;2311306;Quixadá;23;CE;0;0;0;0;NA;NA;NA;NA;1;NA;NA;NA;NA;NA;NA;NA
478473;2024;41133501;4106902;Curitiba;41;PR;4;1;1;4106902;Curitiba;41;PR;1;1;1;1;364.2;290.7;471.6;424.8;0;1;100;160;100;100;40;500
1307756;2024;NA;NA;;NA;;NA;NA;NA;2901007;Amargosa;29;BA;1;1;1;1;435.6;410.8;419.9;398.2;1;1;80;120;120;80;80;480
1780877;2024;50027646;5006002;Nova Alvorada do Sul;50;MS;2;1;1;5002704;Campo Grande;50;MS;0;1;1;0;NA;488.5;515.2;NA;0;1;120;140;120;180;140;700
139111;2024;35035397;3549904;São José dos Campos;35;SP;2;1;1;3549904;São José dos Campos;35;SP;1;1;1;1;533.1;617.6;602;695.1;0;1;160;160;140;140;160;760
2708810;2024;33153787;3304557;Rio de Janeiro;33;RJ;4;1;1;3304557;Rio de Janeiro;33;RJ;1;1;1;1;381.9;452.5;491.8;438.8;1;1;100;120;100;120;0;440
3451847;2024;NA;NA;;NA;;NA;NA;NA;1502954;Eldorado do Carajás;15;PA;0;0;0;0;NA;NA;NA;NA;0;NA;NA;NA;NA;NA;NA;NA
411606;2024;NA;NA;;NA;;NA;NA;NA;3543907;Rio Claro;35;SP;0;0;0;0;NA;NA;NA;NA;0;NA;NA;NA;NA;NA;NA;NA
1641695;2024;NA;NA;;NA;;NA;NA;NA;5300108;Brasília;53;DF;1;1;1;1;674.6;681.2;639.2;802.6;0;1;160;200;180;200;180;920
2920906;2024;23183152;2304202;Crato;23;CE;4;1;1;2304202;Crato;23;CE;1;1;1;1;583.4;552.7;488.9;406.9;0;1;160;200;180;200;180;920
2855204;2024;NA;NA;;NA;;NA;NA;NA;2607901;Jaboatão dos Guararapes;26;PE;1;1;1;1;384.2;513.5;519.2;409.9;1;1;100;120;80;100;80;480
1823755;2024;NA;NA;;NA;;NA;NA;NA;3143302;Montes Claros;31;MG;1;1;1;1;437;555.7;578.7;462.5;0;1;120;180;120;120;120;660
3967560;2024;NA;NA;;NA;;NA;NA;NA;2304400;Fortaleza;23;CE;0;0;0;0;NA;NA;NA;NA;1;NA;NA;NA;NA;NA;NA;NA
2004621;2024;NA;NA;;NA;;NA;NA;NA;3530607;Mogi das Cruzes;35;SP;1;1;1;1;656.2;633.9;665;869;0;1;160;180;200;180;200;920
209096;2024;43093884;4313508;Osório;43;RS;2;1;1;4313508;Osório;43;RS;0;0;0;0;NA;NA;NA;NA;0;NA;NA;NA;NA;NA;NA;NA
1908397;2024;NA;NA;;NA;;NA;NA;NA;3115508;Caxambu;31;MG;1;1;1;1;627.9;628;611.4;703.7;0;1;160;200;160;180;200;900
2819790;2024;NA;NA;;NA;;NA;NA;NA;2504009;Campina Grande;25;PB;1;1;1;1;594.1;627.6;563.7;618.7;0;1;120;160;160;120;200;760
411343;2024;23246669;2305506;Iguatu;23;CE;2;1;1;2305506;Iguatu;23;CE;1;1;1;1;582.1;524.9;554.5;612.9;0;1;120;120;120;140;120;620
2480379;2024;21162611;2112209;Timon;21;MA;2;1;1;2112209;Timon;21;MA;1;1;1;1;603.6;697.5;609.1;714.3;0;1;160;180;160;200;180;880
4096653;2024;NA;NA;;NA;;NA;NA;NA;4311205;Júlio de Castilhos;43;RS;1;1;1;1;443.8;450.3;404;385.7;1;1;100;120;100;100;80;500
49761;2024;NA;NA;;NA;;NA;NA;NA;1721000;Palmas;17;TO;1;1;1;1;406.3;363;470.5;385.7;0;1;120;120;120;120;160;640
2327722;2024;NA;NA;;NA;;NA;NA;NA;3161106;São Francisco;31;MG;1;1;1;1;413.5;508.8;525.4;429.6;1;1;120;180;120;160;200;780
1279892;2024;29059380;2903235;Barro Alto;29;BA;2;1;1;2906204;Canarana;29;BA;1;1;1;1;455.3;400.6;374.1;427.6;1;1;120;180;120;120;100;640
1687574;2024;NA;NA;;NA;;NA;NA;NA;2928703;Santo Antônio de Jesus;29;BA;1;1;1;1;524.8;564;542.4;679.2;0;1;160;180;120;140;200;800
2801369;2024;29243882;2906600;Candiba;29;BA;2;1;1;2911709;Guanambi;29;BA;0;0;0;0;NA;NA;NA;NA;0;NA;NA;NA;NA;NA;NA;NA
3191261;2024;NA;NA;;NA;;NA;NA;NA;1504604;Mocajuba;15;PA;1;1;1;1;403.8;585.2;426.5;416.7;1;1;100;120;80;140;60;500
4052981;2024;35003384;3550308;São Paulo;35;SP;2;1;1;3550308;São Paulo;35;SP;1;1;1;1;485.8;598.2;572.6;481.2;0;1;120;160;120;120;140;660
4232383;2024;NA;NA;;NA;;NA;NA;NA;3510609;Carapicuíba;35;SP;1;1;1;1;604.9;670.2;625;668.1;0;1;140;120;120;140;60;580
1259613;2024;35041063;3550308;São Paulo;35;SP;2;1;1;3550308;São Paulo;35;SP;1;1;1;1;434.9;411.7;521.5;412.7;0;1;160;200;160;200;160;880
2440119;2024;17031990;1719004;Santa Tereza do Tocantins;17;TO;2;1;1;1715101;Novo Acordo;17;TO;1;1;1;1;492.4;521.7;440;492.9;1;1;120;160;120;120;0;520
3847713;2024;NA;NA;;NA;;NA;NA;NA;2510808;Patos;25;PB;1;1;1;1;508.4;357.8;390.5;500.2;0;1;100;120;100;100;140;560
1393861;2024;32016158;3201605;Conceição da Barra;32;ES;2;1;1;3201605;Conceição da Barra;32;ES;1;1;1;1;481.2;561.9;543.8;457.4;1;1;160;200;180;200;200;940
3753609;2024;15165965;1505304;Oriximiná;15;PA;2;1;1;1505304;Oriximiná;15;PA;1;1;1;1;496.3;494.8;449.1;472.7;1;1;80;140;120;140;100;580
1951378;2024;NA;NA;;NA;;NA;NA;NA;2607901;Jaboatão dos Guararapes;26;PE;1;1;1;1;497.2;465.9;522.4;415.4;0;1;100;120;120;120;60;520
3336449;2024;22004815;2203701;Esperantina;22;PI;2;1;1;2203701;Esperantina;22;PI;1;1;1;1;508.3;555.6;547.1;405;0;1;120;80;80;80;0;360
2904121;2024;NA;NA;;NA;;NA;NA;NA;3534401;Osasco;35;SP;1;1;1;1;613;693.4;646.8;666.4;0;1;140;160;120;120;180;720
3833882;2024;NA;NA;;NA;;NA;NA;NA;2928000;Santaluz;29;BA;1;1;1;1;533.4;476;505.4;400.9;0;1;120;120;140;80;80;540
1583041;2024;52027139;5210208;Iporá;52;GO;2;1;1;5210208;Iporá;52;GO;1;1;1;1;418;428;502.3;474.4;0;1;120;120;60;120;20;440
1592102;2024;35001946;3550308;São Paulo;35;SP;2;1;1;3550308;São Paulo;35;SP;1;1;1;1;466.9;395.2;442.1;522.5;0;1;80;140;100;120;140;580
593302;2024;NA;NA;;NA;;NA;NA;NA;2405603;Jardim de Piranhas;24;RN;0;0;0;0;NA;NA;NA;NA;0;NA;NA;NA;NA;NA;NA;NA
4236149;2024;NA;NA;;NA;;NA;NA;NA;3200607;Aracruz;32;ES;1;1;1;1;509.6;605.3;554.8;556.1;0;1;120;120;80;120;120;560
4110745;2024;33053189;3302502;Magé;33;RJ;2;2;1;3302502;Magé;33;RJ;0;0;0;0;NA;NA;NA;NA;0;NA;NA;NA;NA;NA;NA;NA
3806716;2024;NA;NA;;NA;;NA;NA;NA;5208004;Formosa;52;GO;0;0;0;0;NA;NA;NA;NA;0;NA;NA;NA;NA;NA;NA;NA
871235;2024;NA;NA;;NA;;NA;NA;NA;3113404;Caratinga;31;MG;0;0;0;0;NA;NA;NA;NA;0;NA;NA;NA;NA;NA;NA;NA
2288885;2024;NA;NA;;NA;;NA;NA;NA;5300108;Brasília;53;DF;1;1;1;1;471.8;459.8;387.2;506.3;0;1;80;120;100;120;160;580
316956;2024;NA;NA;;NA;;NA;NA;NA;3550308;São Paulo;35;SP;0;1;1;0;NA;389;531.7;NA;0;1;100;120;100;80;80;480
2989408;2024;NA;NA;;NA;;NA;NA;NA;5103403;Cuiabá;51;MT;0;0;0;0;NA;NA;NA;NA;1;NA;NA;NA;NA;NA;NA;NA
3409002;2024;21159750;2103000;Caxias;21;MA;2;1;1;2103000;Caxias;21;MA;0;0;0;0;NA;NA;NA;NA;1;NA;NA;NA;NA;NA;NA;NA
1628829;2024;NA;NA;;NA;;NA;NA;NA;3506003;Bauru;35;SP;1;1;1;1;376.7;431;538.9;379.2;0;1;120;180;140;120;80;640
1658657;2024;22129650;2201770;Boa Hora;22;PI;2;1;1;2202208;Campo Maior;22;PI;1;1;1;1;445.1;450.6;439.5;523.7;1;1;140;180;140;140;120;720
828344;2024;NA;NA;;NA;;NA;NA;NA;2905701;Camaçari;29;BA;1;1;1;1;568.7;600.8;580.7;402.3;0;1;120;140;100;100;140;600
955024;2024;NA;NA;;NA;;NA;NA;NA;4106902;Curitiba;41;PR;0;0;0;0;NA;NA;NA;NA;0;NA;NA;NA;NA;NA;NA;NA
4316860;2024;NA;NA;;NA;;NA;NA;NA;4318903;São Luiz Gonzaga;43;RS;0;0;0;0;NA;NA;NA;NA;1;NA;NA;NA;NA;NA;NA;NA
3064080;2024;NA;NA;;NA;;NA;NA;NA;3132107;Itacarambi;31;MG;1;1;1;1;600;581.4;537.8;592.8;1;1;140;180;120;180;200;820
3665332;2024;13116401;1301209;Coari;13;AM;1;1;1;1301209;Coari;13;AM;1;1;1;1;455.7;435.9;354.7;479.2;1;1;120;140;120;120;0;500
2593581;2024;52052532;5211909;Jataí;52;GO;2;1;1;5211909;Jataí;52;GO;1;1;1;1;556.3;555.5;548.1;665.1;0;1;140;200;140;160;160;800
2275455;2024;43361277;4307005;Erechim;43;RS;1;1;1;4307005;Erechim;43;RS;1;1;1;1;659.6;677.2;625.8;712.7;0;1;160;160;160;160;200;840
741023;2024;43104924;4314902;Porto Alegre;43;RS;4;1;1;4314902;Porto Alegre;43;RS;1;1;1;1;515.9;529.6;541.3;588.4;0;1;160;200;180;180;180;900
995164;2024;NA;NA;;NA;;NA;NA;NA;2102903;Carutapera;21;MA;1;1;1;1;369.7;484.4;511.9;443.3;0;1;160;180;160;180;160;840
78968;2024;29065356;2919157;Lapão;29;BA;2;1;1;2919157;Lapão;29;BA;0;0;0;0;NA;NA;NA;NA;0;NA;NA;NA;NA;NA;NA;NA
2660967;2024;NA;NA;;NA;;NA;NA;NA;3205309;Vitória;32;ES;1;1;1;1;700.1;808.2;651.5;704.4;1;1;160;200;180;200;180;920
3782460;2024;NA;NA;;NA;;NA;NA;NA;2111300;São Luís;21;MA;1;1;1;1;437.7;378.3;345.2;423.5;1;6;0;0;0;0;0;0
1009381;2024;NA;NA;;NA;;NA;NA;NA;2927408;Salvador;29;BA;1;1;1;1;384.1;471;533.6;470.6;1;4;0;0;0;0;0;0
1060966;2024;NA;NA;;NA;;NA;NA;NA;2605004;Cupira;26;PE;0;0;0;0;NA;NA;NA;NA;1;NA;NA;NA;NA;NA;NA;NA
1295533;2024;23223081;2307650;Maracanaú;23;CE;2;1;1;2307650;Maracanaú;23;CE;1;1;1;1;466.2;339.4;495.9;407.1;1;1;140;200;160;140;140;780
1170799;2024;NA;NA;;NA;;NA;NA;NA;3510609;Carapicuíba;35;SP;0;0;0;0;NA;NA;NA;NA;0;NA;NA;NA;NA;NA;NA;NA
1275057;2024;NA;NA;;NA;;NA;NA;NA;2307007;Jaguaruana;23;CE;1;1;1;1;558.4;467.6;508.3;606.2;0;1;100;120;100;140;100;560
2405922;2024;NA;NA;;NA;;NA;NA;NA;4307906;Farroupilha;43;RS;0;0;0;0;NA;NA;NA;NA;1;NA;NA;NA;NA;NA;NA;NA
1942933;2024;43107079;4314902;Porto Alegre;43;RS;2;1;1;4314902;Porto Alegre;43;RS;1;1;1;1;388.4;467.3;492.7;390.8;1;1;100;100;80;80;20;380
2704181;2024;NA;NA;;NA;;NA;NA;NA;2202000;Buriti dos Lopes;22;PI;0;1;1;0;NA;398.6;348.2;NA;0;1;120;120;120;120;80;560
3490244;2024;NA;NA;;NA;;NA;NA;NA;3105400;Barão de Cocais;31;MG;1;1;1;1;529.9;529.7;543.9;501.7;0;1;140;120;120;120;120;620
2464457;2024;NA;NA;;NA;;NA;NA;NA;3131901;Itabirito;31;MG;1;1;1;1;610.8;630.9;652.3;726.5;0;1;160;180;160;160;160;820
3708829;2024;35027972;3519402;Ibirá;35;SP;2;1;1;3549805;São José do Rio Preto;35;SP;1;1;1;1;533;541;485.9;523.6;1;1;80;160;120;120;80;560
3956739;2024;50006312;5002704;Campo Grande;50;MS;2;1;1;5002704;Campo Grande;50;MS;1;1;1;1;511.9;395.3;584.9;585.9;1;1;120;140;140;120;80;600
1766719;2024;NA;NA;;NA;;NA;NA;NA;2611606;Recife;26;PE;1;1;1;1;396.1;523.6;479.4;480.2;1;1;160;200;140;160;200;860
259658;2024;NA;NA;;NA;;NA;NA;NA;2503209;Cabedelo;25;PB;1;1;1;1;444.1;433.8;358.3;378.8;1;3;0;0;0;0;0;0
2364300;2024;NA;NA;;NA;;NA;NA;NA;2609303;Mirandiba;26;PE;1;1;1;1;424.5;502.1;491.8;442.7;0;1;160;140;120;140;140;700
1492692;2024;NA;NA;;NA;;NA;NA;NA;4105706;Clevelândia;41;PR;1;1;1;1;449.6;525.6;515.2;466.8;1;1;120;180;120;160;140;720
1860687;2024;NA;NA;;NA;;NA;NA;NA;2207702;Parnaíba;22;PI;0;0;0;0;NA;NA;NA;NA;1;NA;NA;NA;NA;NA;NA;NA
3682659;2024;53001010;5300108;Brasília;53;DF;2;1;1;5300108;Brasília;53;DF;0;0;0;0;NA;NA;NA;NA;1;NA;NA;NA;NA;NA;NA;NA
2570807;2024;NA;NA;;NA;;NA;NA;NA;3104205;Arcos;31;MG;1;1;1;1;390.7;353.4;548.5;504.8;0;1;140;160;120;160;140;720
3609214;2024;NA;NA;;NA;;NA;NA;NA;2507507;João Pessoa;25;PB;1;1;1;1;477.2;378.3;549.8;583.4;0;1;160;180;140;160;200;840
128178;2024;23247754;2312908;Sobral;23;CE;2;1;1;2309003;Mucambo;23;CE;1;1;1;1;383.6;425.3;520;470.2;1;1;120;120;120;120;80;560
1805244;2024;NA;NA;;NA;;NA;NA;NA;2307304;Juazeiro do Norte;23;CE;1;1;1;1;464.9;514.7;548.6;605.8;0;1;140;180;160;180;160;820
1658475;2024;NA;NA;;NA;;NA;NA;NA;1506187;Rondon do Pará;15;PA;1;1;1;1;377.6;341.3;354.8;403.3;1;1;80;120;80;80;0;360
2882087;2024;21175632;2104057;Estreito;21;MA;2;1;1;2104057;Estreito;21;MA;1;1;1;1;555.6;556.4;489.2;397.5;1;1;120;120;120;120;120;600
356251;2024;NA;NA;;NA;;NA;NA;NA;3304557;Rio de Janeiro;33;RJ;0;0;0;0;NA;NA;NA;NA;0;NA;NA;NA;NA;NA;NA;NA
2463357;2024;41067843;4127403;Terra Roxa;41;PR;2;1;1;4108809;Guaíra;41;PR;1;1;1;1;550.2;578.1;598.3;570.5;0;1;120;180;120;120;100;640
3855106;2024;NA;NA;;NA;;NA;NA;NA;3550308;São Paulo;35;SP;1;1;1;1;610.7;574.4;565.1;671.1;0;1;140;160;120;120;100;640
838632;2024;NA;NA;;NA;;NA;NA;NA;2111300;São Luís;21;MA;1;1;1;1;554.7;465.9;493.8;419.9;0;1;120;160;120;120;40;560
1426555;2024;NA;NA;;NA;;NA;NA;NA;2105401;Itapecuru Mirim;21;MA;0;0;0;0;NA;NA;NA;NA;1;NA;NA;NA;NA;NA;NA;NA
3870522;2024;41056957;4127502;Tibagi;41;PR;2;1;1;4127106;Telêmaco Borba;41;PR;1;1;1;1;579.6;610.6;605.6;531.1;0;1;100;120;100;100;60;480
4173636;2024;NA;NA;;NA;;NA;NA;NA;5103403;Cuiabá;51;MT;1;1;1;1;508;584.7;584.6;477.8;0;1;140;180;120;140;200;780
2356340;2024;NA;NA;;NA;;NA;NA;NA;2507507;João Pessoa;25;PB;0;0;0;0;NA;NA;NA;NA;0;NA;NA;NA;NA;NA;NA;NA
241291;2024;35916493;3550308;São Paulo;35;SP;2;1;1;3550308;São Paulo;35;SP;1;1;1;1;431.7;565.3;572.5;506.2;0;1;100;160;80;120;100;560
3571919;2024;NA;NA;;NA;;NA;NA;NA;3516200;Franca;35;SP;1;1;1;1;576;520.6;539;511.7;0;1;120;160;100;140;160;680
3928331;2024;NA;NA;;NA;;NA;NA;NA;1502103;Cametá;15;PA;1;1;1;1;460.7;384.2;487;384;1;1;100;100;100;100;60;460
2773373;2024;NA;NA;;NA;;NA;NA;NA;3518800;Guarulhos;35;SP;0;0;0;0;NA;NA;NA;NA;0;NA;NA;NA;NA;NA;NA;NA
971368;2024;41357027;4106902;Curitiba;41;PR;2;1;1;4106902;Curitiba;41;PR;1;1;1;1;494.5;445.6;499.6;420.2;0;1;100;120;80;120;100;520
626058;2024;35002185;3550308;São Paulo;35;SP;2;1;1;3550308;São Paulo;35;SP;1;1;1;1;591.7;591.4;585.9;691.1;0;1;120;140;120;120;140;640
2915554;2024;NA;NA;;NA;;NA;NA;NA;2310209;Paracuru;23;CE;0;0;0;0;NA;NA;NA;NA;1;NA;NA;NA;NA;NA;NA;NA
1046006;2024;25094653;2507507;João Pessoa;25;PB;2;1;1;2507507;João Pessoa;25;PB;1;1;1;1;444.5;386.4;420.3;407.6;1;1;100;100;100;80;60;440
1200506;2024;13045938;1303502;Pauini;13;AM;2;1;1;1303502;Pauini;13;AM;1;1;1;1;455.9;496.5;533;418.4;1;1;120;160;80;120;120;600
1150169;2024;NA;NA;;NA;;NA;NA;NA;3502705;Apiaí;35;SP;0;0;0;0;NA;NA;NA;NA;1;NA;NA;NA;NA;NA;NA;NA
392785;2024;60006125;2512507;Queimadas;25;PB;4;1;1;2512507;Queimadas;25;PB;1;1;1;1;446.1;483.6;504.9;522.5;1;1;120;180;120;160;120;700
3270236;2024;NA;NA;;NA;;NA;NA;NA;2408102;Natal;24;RN;0;0;0;0;NA;NA;NA;NA;1;NA;NA;NA;NA;NA;NA;NA
1311855;2024;NA;NA;;NA;;NA;NA;NA;1302603;Manaus;13;AM;0;0;0;0;NA;NA;NA;NA;1;NA;NA;NA;NA;NA;NA;NA
523451;2024;NA;NA;;NA;;NA;NA;NA;2926608;Ribeira do Pombal;29;BA;1;1;1;1;412.7;396.6;481;480;1;1;100;120;100;120;80;520
234294;2024;17054079;1721000;Palmas;17;TO;4;1;1;1721000;Palmas;17;TO;1;1;1;1;497.3;437.3;543.6;453.1;1;1;140;160;140;140;120;700
3149537;2024;31175030;3170701;Varginha;31;MG;2;1;1;3170701;Varginha;31;MG;1;1;1;1;433.9;542;537.7;466.4;1;1;120;160;120;140;120;660
535444;2024;NA;NA;;NA;;NA;NA;NA;1600402;Mazagão;16;AP;1;1;1;1;420.5;417.4;508.8;396.1;0;1;120;120;100;120;120;580
3189457;2024;NA;NA;;NA;;NA;NA;NA;2933307;Vitória da Conquista;29;BA;1;1;1;1;550.5;617.5;558.2;532.5;1;1;160;180;120;200;120;780
2537665;2024;NA;NA;;NA;;NA;NA;NA;3143302;Montes Claros;31;MG;1;1;1;1;562.4;668.3;568;724.4;0;1;140;200;160;180;200;880
3865362;2024;NA;NA;;NA;;NA;NA;NA;2507705;Juazeirinho;25;PB;0;0;0;0;NA;NA;NA;NA;1;NA;NA;NA;NA;NA;NA;NA
3708219;2024;NA;NA;;NA;;NA;NA;NA;2606408;Gravatá;26;PE;0;0;0;0;NA;NA;NA;NA;1;NA;NA;NA;NA;NA;NA;NA
4125373;2024;NA;NA;;NA;;NA;NA;NA;4119905;Ponta Grossa;41;PR;0;0;0;0;NA;NA;NA;NA;0;NA;NA;NA;NA;NA;NA;NA
1761787;2024;NA;NA;;NA;;NA;NA;NA;2615300;Timbaúba;26;PE;1;1;1;1;393.5;355.9;344.3;414.2;1;1;80;120;80;100;0;380
2420763;2024;NA;NA;;NA;;NA;NA;NA;3137205;Lagoa da Prata;31;MG;1;1;1;1;546.6;477.7;491.3;579.6;0;1;140;120;120;120;140;640
2298156;2024;NA;NA;;NA;;NA;NA;NA;1600303;Macapá;16;AP;0;0;0;0;NA;NA;NA;NA;1;NA;NA;NA;NA;NA;NA;NA
63828;2024;NA;NA;;NA;;NA;NA;NA;1200500;Sena Madureira;12;AC;1;1;1;1;483.3;516.1;513.6;563.8;1;1;80;140;120;120;120;580
3400837;2024;NA;NA;;NA;;NA;NA;NA;4316907;Santa Maria;43;RS;0;0;0;0;NA;NA;NA;NA;1;NA;NA;NA;NA;NA;NA;NA
1274664;2024;23144793;2311355;Quixelô;23;CE;2;1;1;2305506;Iguatu;23;CE;1;1;1;1;414.3;521.7;520.1;439.1;1;1;100;120;100;120;120;560
1263741;2024;29025001;2918407;Juazeiro;29;BA;2;1;1;2918407;Juazeiro;29;BA;1;0;0;1;461.2;NA;NA;375.9;0;NA;NA;NA;NA;NA;NA;NA
2315999;2024;NA;NA;;NA;;NA;NA;NA;3552809;Taboão da Serra;35;SP;0;0;0;0;NA;NA;NA;NA;0;NA;NA;NA;NA;NA;NA;NA
3363063;2024;NA;NA;;NA;;NA;NA;NA;2314102;Viçosa do Ceará;23;CE;1;1;1;1;391.8;484;463.9;546.2;1;4;0;0;0;0;0;0
3112729;2024;21057362;2105401;Itapecuru Mirim;21;MA;2;1;1;2105401;Itapecuru Mirim;21;MA;1;1;1;1;355.3;480.6;496.4;464.5;0;1;160;200;180;200;200;940
3259576;2024;NA;NA;;NA;;NA;NA;NA;3301702;Duque de Caxias;33;RJ;1;1;1;1;442.4;478.3;542.6;443;0;1;140;180;140;120;60;640
3356245;2024;NA;NA;;NA;;NA;NA;NA;2611606;Recife;26;PE;0;0;0;0;NA;NA;NA;NA;0;NA;NA;NA;NA;NA;NA;NA
1315218;2024;35118936;3550308;São Paulo;35;SP;4;1;1;3550308;São Paulo;35;SP;1;1;1;1;588.5;664.5;532.5;697.9;0;1;160;180;160;180;180;860
75254;2024;NA;NA;;NA;;NA;NA;NA;1502103;Cametá;15;PA;1;1;1;1;417.9;480.1;506.5;479.5;1;1;120;160;120;140;100;640
130682;2024;NA;NA;;NA;;NA;NA;NA;2925204;Pojuca;29;BA;1;1;1;1;467.2;468.2;472.4;466.3;0;1;100;100;80;120;0;400
3753788;2024;NA;NA;;NA;;NA;NA;NA;5300108;Brasília;53;DF;1;1;1;1;586.9;609.5;566.8;661.8;0;1;180;200;200;180;160;920
2269714;2024;24021490;2400604;Almino Afonso;24;RN;2;1;1;2409308;Patu;24;RN;1;1;1;1;387.8;529.3;560.2;525.4;0;1;140;180;140;160;200;820
1999201;2024;31217352;3170909;Varzelândia;31;MG;2;2;1;3138658;Lontra;31;MG;1;1;1;1;454.5;530;487.3;597.4;1;1;120;180;140;160;160;760
1194760;2024;31323071;3163706;São Lourenço;31;MG;4;1;1;3163706;São Lourenço;31;MG;1;1;1;1;476.7;430.2;492.3;576.3;0;1;140;180;140;120;120;700
567273;2024;NA;NA;;NA;;NA;NA;NA;3550308;São Paulo;35;SP;0;0;0;0;NA;NA;NA;NA;0;NA;NA;NA;NA;NA;NA;NA
1030558;2024;NA;NA;;NA;;NA;NA;NA;4106902;Curitiba;41;PR;1;1;1;1;643.6;609.9;582;679.7;0;1;140;180;180;180;160;840
1076184;2024;23083549;2309706;Pacatuba;23;CE;2;1;1;2309706;Pacatuba;23;CE;1;1;1;1;519.6;474;524;595.7;0;1;80;120;80;120;120;520
4252568;2024;NA;NA;;NA;;NA;NA;NA;1508001;Tomé-Açu;15;PA;0;0;0;0;NA;NA;NA;NA;1;NA;NA;NA;NA;NA;NA;NA
1372173;2024;31103691;3155702;Rio Piracicaba;31;MG;2;1;1;3102308;Alvinópolis;31;MG;0;0;0;0;NA;NA;NA;NA;0;NA;NA;NA;NA;NA;NA;NA
334965;2024;NA;NA;;NA;;NA;NA;NA;5103403;Cuiabá;51;MT;1;1;1;1;415.1;325.9;426.3;384.2;0;1;120;160;120;140;100;640
4199986;2024;NA;NA;;NA;;NA;NA;NA;4321907;Três Passos;43;RS;0;0;0;0;NA;NA;NA;NA;1;NA;NA;NA;NA;NA;NA;NA
657836;2024;29448751;2913606;Ilhéus;29;BA;1;1;1;2913606;Ilhéus;29;BA;1;1;1;1;492.6;548.6;490.5;624.8;1;1;120;200;200;180;200;900
4271966;2024;NA;NA;;NA;;NA;NA;NA;2933307;Vitória da Conquista;29;BA;0;0;0;0;NA;NA;NA;NA;0;NA;NA;NA;NA;NA;NA;NA
2646630;2024;29145538;2930501;Serrinha;29;BA;2;1;1;2930501;Serrinha;29;BA;1;1;1;1;442.8;347.1;448.8;454.7;1;1;100;120;100;100;60;480
1113793;2024;NA;NA;;NA;;NA;NA;NA;4311403;Lajeado;43;RS;1;1;1;1;387.2;445.9;493.4;415.6;0;1;120;40;40;100;60;360
1464568;2024;NA;NA;;NA;;NA;NA;NA;2408003;Mossoró;24;RN;1;1;1;1;481.3;409.5;506;422.5;1;1;120;120;120;100;120;580
2028292;2024;NA;NA;;NA;;NA;NA;NA;1501402;Belém;15;PA;1;1;1;1;533;635.4;588.1;405.6;0;1;120;200;160;160;140;780
3325347;2024;13051407;1302702;Manicoré;13;AM;2;1;1;1302702;Manicoré;13;AM;1;1;1;1;493;352.8;380.3;436.3;0;1;100;120;100;80;20;420
1112972;2024;23252430;2304707;Granja;23;CE;2;1;1;2304707;Granja;23;CE;1;1;1;1;548.8;623.9;620.6;702.6;1;1;160;200;160;180;200;900
2434900;2024;35143157;3550308;São Paulo;35;SP;4;1;1;3550308;São Paulo;35;SP;1;1;1;1;442.9;536.6;554.5;441.5;1;1;120;160;120;120;40;560
3025673;2024;26089947;2607802;Itaquitinga;26;PE;2;1;1;2606200;Goiana;26;PE;1;1;1;1;389.5;418.5;439.1;392.2;0;1;80;120;120;80;80;480
3071514;2024;NA;NA;;NA;;NA;NA;NA;3106200;Belo Horizonte;31;MG;1;1;1;1;637;622;629.8;771.8;0;1;160;180;180;140;180;840
3070227;2024;NA;NA;;NA;;NA;NA;NA;3549805;São José do Rio Preto;35;SP;1;1;1;1;527.2;583.1;585;531.5;0;1;120;120;100;100;100;540
4024376;2024;NA;NA;;NA;;NA;NA;NA;2927408;Salvador;29;BA;1;1;1;1;588.1;582.6;565.5;561.7;1;1;140;120;120;120;100;600
697913;2024;51031981;5107107;São José dos Quatro Marcos;51;MT;2;1;1;5107107;São José dos Quatro Marcos;51;MT;1;1;1;1;434.9;507.4;508.6;511;0;1;120;160;120;120;80;600
1207391;2024;60003646;2112506;Tutóia;21;MA;4;1;1;2112506;Tutóia;21;MA;1;1;1;1;557.1;632.4;597.3;610.8;1;1;120;180;160;160;140;760
913412;2024;NA;NA;;NA;;NA;NA;NA;2800308;Aracaju;28;SE;1;1;1;1;468.7;494.8;482.2;440.9;1;1;120;120;80;100;0;420
3082386;2024;NA;NA;;NA;;NA;NA;NA;4211306;Navegantes;42;SC;1;1;1;1;500.1;594.3;613.6;556.7;0;1;120;180;140;200;100;740
3274852;2024;13084410;1303569;Rio Preto da Eva;13;AM;2;1;1;1303569;Rio Preto da Eva;13;AM;0;0;0;0;NA;NA;NA;NA;0;NA;NA;NA;NA;NA;NA;NA
3937129;2024;NA;NA;;NA;;NA;NA;NA;1200401;Rio Branco;12;AC;0;0;0;0;NA;NA;NA;NA;1;NA;NA;NA;NA;NA;NA;NA
2646179;2024;NA;NA;;NA;;NA;NA;NA;3303500;Nova Iguaçu;33;RJ;0;0;0;0;NA;NA;NA;NA;0;NA;NA;NA;NA;NA;NA;NA
1991099;2024;33055300;3303302;Niterói;33;RJ;2;1;1;3303302;Niterói;33;RJ;1;1;1;1;492.6;570.7;524.2;576.7;1;1;100;80;40;120;40;380
1140325;2024;23016876;2300507;Alcântaras;23;CE;2;1;1;2312908;Sobral;23;CE;1;1;1;1;409.2;364;385.9;466.4;0;1;120;80;40;100;0;340
2090798;2024;52101363;5208707;Goiânia;52;GO;4;1;1;5208707;Goiânia;52;GO;1;1;1;1;672.1;660.5;597.2;742.3;0;1;140;200;160;180;180;860
3556193;2024;NA;NA;;NA;;NA;NA;NA;3552205;Sorocaba;35;SP;1;1;1;1;481.1;560.6;527.9;415.8;0;1;160;180;160;160;200;860
3276263;2024;NA;NA;;NA;;NA;NA;NA;3515103;Embu-Guaçu;35;SP;0;1;1;0;NA;381.4;538.2;NA;0;1;120;140;80;100;0;440
654040;2024;NA;NA;;NA;;NA;NA;NA;2512101;Pombal;25;PB;1;1;1;1;504.5;324.5;449.9;456;1;1;160;140;100;120;40;560
1497496;2024;NA;NA;;NA;;NA;NA;NA;4115804;Medianeira;41;PR;1;1;1;1;480.1;586.8;583.8;473.2;0;1;120;140;120;120;60;560
3014215;2024;35297501;3550308;São Paulo;35;SP;2;1;1;3550308;São Paulo;35;SP;0;0;0;0;NA;NA;NA;NA;0;NA;NA;NA;NA;NA;NA;NA
1985214;2024;23066920;2304400;Fortaleza;23;CE;2;1;1;2304400;Fortaleza;23;CE;0;0;0;0;NA;NA;NA;NA;1;NA;NA;NA;NA;NA;NA;NA
3739621;2024;NA;NA;;NA;;NA;NA;NA;3147006;Paracatu;31;MG;0;0;0;0;NA;NA;NA;NA;1;NA;NA;NA;NA;NA;NA;NA
1883564;2024;NA;NA;;NA;;NA;NA;NA;3304904;São Gonçalo;33;RJ;0;0;0;0;NA;NA;NA;NA;0;NA;NA;NA;NA;NA;NA;NA
1559292;2024;25094793;2507507;João Pessoa;25;PB;2;1;1;2507507;João Pessoa;25;PB;1;1;1;1;503.6;545.4;495.2;393;0;1;80;120;80;100;120;500
3159509;2024;NA;NA;;NA;;NA;NA;NA;1501808;Breves;15;PA;1;1;1;1;420.5;470.9;463.9;407.1;1;1;120;120;120;120;120;600
789678;2024;26154803;2612455;Santa Cruz;26;PE;2;1;1;2609907;Ouricuri;26;PE;1;1;1;1;533.5;496.2;496;581.7;1;1;120;120;120;120;120;600
1636756;2024;NA;NA;;NA;;NA;NA;NA;1502400;Castanhal;15;PA;1;1;1;1;411.3;571;520.5;476.4;1;1;140;200;180;160;180;860
3285718;2024;31042480;3122207;Divinolândia de Minas;31;MG;2;1;1;3171808;Virginópolis;31;MG;1;1;1;1;490.8;505.7;492.9;619.7;0;1;160;160;160;160;200;840
1693416;2024;NA;NA;;NA;;NA;NA;NA;3106200;Belo Horizonte;31;MG;0;0;0;0;NA;NA;NA;NA;0;NA;NA;NA;NA;NA;NA;NA
2780723;2024;52064824;5205109;Catalão;52;GO;2;1;1;5205109;Catalão;52;GO;1;1;1;1;501.3;596.5;575.4;478.4;1;1;120;160;120;120;120;640
1756753;2024;NA;NA;;NA;;NA;NA;NA;1600303;Macapá;16;AP;1;1;1;1;579.6;556.1;554.2;660.4;1;1;160;160;160;200;200;880
2380527;2024;NA;NA;;NA;;NA;NA;NA;2904605;Brumado;29;BA;1;1;1;1;604.3;568.3;578.9;719.3;0;1;120;120;80;100;100;520
1162446;2024;NA;NA;;NA;;NA;NA;NA;3304557;Rio de Janeiro;33;RJ;1;1;1;1;465;525.1;567.9;466;0;1;120;120;100;100;0;440
2000968;2024;23234580;2302057;Barroquinha;23;CE;2;1;1;2302057;Barroquinha;23;CE;1;1;1;1;362;482.2;495.1;514.3;1;1;140;100;120;120;120;600
1223624;2024;23186364;2304400;Fortaleza;23;CE;2;1;1;2304400;Fortaleza;23;CE;0;1;1;0;NA;414.8;538.9;NA;0;1;120;140;100;120;80;560
1233605;2024;NA;NA;;NA;;NA;NA;NA;2200509;Amarante;22;PI;1;1;1;1;495.3;527.8;510.8;442.5;1;1;160;200;120;160;140;780
2487882;2024;33104220;3304557;Rio de Janeiro;33;RJ;4;1;1;3304557;Rio de Janeiro;33;RJ;1;1;1;1;611.2;629;609;789.3;0;1;160;200;180;200;200;940
3218011;2024;NA;NA;;NA;;NA;NA;NA;3201308;Cariacica;32;ES;1;1;1;1;344.4;378.8;493.4;401.6;0;1;80;100;80;80;40;380
3300981;2024;43093353;4313409;Novo Hamburgo;43;RS;4;1;1;4318705;São Leopoldo;43;RS;1;1;1;1;487.5;618;394.5;520.4;0;1;120;180;120;160;140;720
1806159;2024;NA;NA;;NA;;NA;NA;NA;2211001;Teresina;22;PI;1;1;1;1;535.4;521.7;561.4;626.5;1;1;180;200;200;180;200;960
703806;2024;NA;NA;;NA;;NA;NA;NA;3550308;São Paulo;35;SP;0;0;0;0;NA;NA;NA;NA;1;NA;NA;NA;NA;NA;NA;NA
3695254;2024;NA;NA;;NA;;NA;NA;NA;2512903;Rio Tinto;25;PB;1;1;1;1;533;462.3;500.3;411;0;1;80;120;80;60;60;400
3530752;2024;41051114;4109005;Guapirama;41;PR;2;1;1;4124103;Santo Antônio da Platina;41;PR;0;0;0;0;NA;NA;NA;NA;1;NA;NA;NA;NA;NA;NA;NA
1204957;2024;60026972;4306106;Cruz Alta;43;RS;4;1;1;4311205;Júlio de Castilhos;43;RS;0;0;0;0;NA;NA;NA;NA;0;NA;NA;NA;NA;NA;NA;NA
488476;2024;23264063;2303501;Cascavel;23;CE;2;1;1;2303501;Cascavel;23;CE;1;1;1;1;643.7;661.3;636.7;815.2;0;1;160;200;200;180;160;900
1416654;2024;35117195;3541406;Presidente Prudente;35;SP;4;1;1;3541406;Presidente Prudente;35;SP;1;1;1;1;599;541;520.2;650.6;0;1;120;200;140;160;140;760
269740;2024;35001173;3550308;São Paulo;35;SP;2;1;1;3550308;São Paulo;35;SP;1;1;1;1;523.9;602.7;566.5;443.3;0;1;140;140;140;80;140;640
2675669;2024;15167100;1502103;Cametá;15;PA;1;1;1;1502103;Cametá;15;PA;1;1;1;1;514.8;558.2;579.8;509.3;1;1;160;200;180;200;200;940
3737712;2024;NA;NA;;NA;;NA;NA;NA;3301702;Duque de Caxias;33;RJ;0;0;0;0;NA;NA;NA;NA;1;NA;NA;NA;NA;NA;NA;NA
2976213;2024;NA;NA;;NA;;NA;NA;NA;2306900;Jaguaribe;23;CE;0;1;1;0;NA;448.8;526.4;NA;1;1;120;180;120;140;160;720
3452404;2024;NA;NA;;NA;;NA;NA;NA;4315602;Rio Grande;43;RS;1;1;1;1;533.6;489.1;535.5;459.2;1;1;120;160;120;120;100;620
1415769;2024;52060098;5213806;Morrinhos;52;GO;2;1;1;5213806;Morrinhos;52;GO;1;1;1;1;572.4;616.6;600.2;783.1;0;1;140;180;160;160;200;840
3893662;2024;NA;NA;;NA;;NA;NA;NA;4300604;Alvorada;43;RS;0;0;0;0;NA;NA;NA;NA;1;NA;NA;NA;NA;NA;NA;NA
3826732;2024;NA;NA;;NA;;NA;NA;NA;3534401;Osasco;35;SP;0;0;0;0;NA;NA;NA;NA;0;NA;NA;NA;NA;NA;NA;NA
4034228;2024;NA;NA;;NA;;NA;NA;NA;4314902;Porto Alegre;43;RS;1;1;1;1;647.2;604.1;598.5;716.9;0;1;140;200;160;200;200;900
206687;2024;NA;NA;;NA;;NA;NA;NA;3304201;Resende;33;RJ;1;1;1;1;602.2;674.3;573.8;411.6;0;1;140;200;160;160;200;860
3428648;2024;31010367;3156700;Sabará;31;MG;2;1;1;3156700;Sabará;31;MG;1;1;1;1;387.9;311.4;457;418.7;1;1;60;120;100;100;100;480
1669684;2024;NA;NA;;NA;;NA;NA;NA;2611606;Recife;26;PE;1;1;1;1;404;436.1;432.8;393;0;1;100;180;120;160;140;700
4206814;2024;NA;NA;;NA;;NA;NA;NA;5300108;Brasília;53;DF;1;1;1;1;408.3;537.2;537.1;391.1;0;1;160;200;160;160;200;880
337877;2024;33058733;3303500;Nova Iguaçu;33;RJ;2;1;1;3303500;Nova Iguaçu;33;RJ;0;0;0;0;NA;NA;NA;NA;0;NA;NA;NA;NA;NA;NA;NA
918102;2024;35448060;3550308;São Paulo;35;SP;2;1;1;3550308;São Paulo;35;SP;1;1;1;1;445.8;543;540.1;466.7;0;1;120;200;160;140;140;760
2066924;2024;NA;NA;;NA;;NA;NA;NA;2408003;Mossoró;24;RN;0;0;0;0;NA;NA;NA;NA;0;NA;NA;NA;NA;NA;NA;NA
1227090;2024;NA;NA;;NA;;NA;NA;NA;3170206;Uberlândia;31;MG;1;1;1;1;470.7;533.8;504;598.7;1;1;160;200;160;180;180;880
605929;2024;NA;NA;;NA;;NA;NA;NA;2307304;Juazeiro do Norte;23;CE;0;0;0;0;NA;NA;NA;NA;0;NA;NA;NA;NA;NA;NA;NA
2526859;2024;NA;NA;;NA;;NA;NA;NA;1502202;Capanema;15;PA;1;1;1;1;553.9;432.5;486.9;380;1;1;120;120;120;120;80;560
3010113;2024;13037013;1304005;Silves;13;AM;2;1;1;1304005;Silves;13;AM;1;1;1;1;384.1;427.1;333.4;423.6;0;3;0;0;0;0;0;0
2962110;2024;NA;NA;;NA;;NA;NA;NA;2200400;Altos;22;PI;1;1;1;1;478.2;371.5;510.2;473.4;1;1;80;80;80;80;0;320
1363612;2024;NA;NA;;NA;;NA;NA;NA;2925758;Presidente Tancredo Neves;29;BA;1;1;1;1;377.2;527.2;538.9;414.2;1;1;140;180;180;200;200;900
1146591;2024;NA;NA;;NA;;NA;NA;NA;3121605;Diamantina;31;MG;1;1;1;1;485.5;525.5;559;375.9;0;1;120;160;80;120;80;560
2517732;2024;NA;NA;;NA;;NA;NA;NA;4314902;Porto Alegre;43;RS;1;1;1;1;669.3;664.8;634;793.3;0;1;140;180;120;120;140;700
537068;2024;NA;NA;;NA;;NA;NA;NA;2512101;Pombal;25;PB;0;0;0;0;NA;NA;NA;NA;1;NA;NA;NA;NA;NA;NA;NA
314252;2024;23214457;2304400;Fortaleza;23;CE;2;1;1;2304400;Fortaleza;23;CE;0;0;0;0;NA;NA;NA;NA;1;NA;NA;NA;NA;NA;NA;NA
1132028;2024;NA;NA;;NA;;NA;NA;NA;2804805;Nossa Senhora do Socorro;28;SE;1;1;1;1;400.6;457.1;449.4;457.6;1;1;140;120;120;100;160;640
4197590;2024;NA;NA;;NA;;NA;NA;NA;2109908;Santa Inês;21;MA;1;1;1;1;592.7;604.9;585.6;537.8;0;1;120;80;80;120;40;440
3221310;2024;35012518;3513405;Cruzeiro;35;SP;2;1;1;3513405;Cruzeiro;35;SP;1;1;1;1;517;540.4;548.5;552.7;0;1;80;40;120;120;0;360
2799044;2024;33060746;3303500;Nova Iguaçu;33;RJ;2;1;1;3303500;Nova Iguaçu;33;RJ;1;1;1;1;358.4;386.8;391.1;412.8;1;1;120;180;120;120;120;660
1526784;2024;NA;NA;;NA;;NA;NA;NA;1505106;Óbidos;15;PA;1;1;1;1;495.3;455.7;448.5;533.8;0;1;120;120;120;120;60;540
200173;2024;42064600;4216701;São José do Cedro;42;SC;2;1;1;4217204;São Miguel do Oeste;42;SC;1;1;1;1;375.4;517;508.4;603.4;1;1;160;180;180;160;160;840
1031589;2024;35002057;3550308;São Paulo;35;SP;2;1;1;3550308;São Paulo;35;SP;1;1;1;1;351.8;524.8;574.9;462.4;1;1;160;160;120;120;140;700
3243807;2024;NA;NA;;NA;;NA;NA;NA;2800308;Aracaju;28;SE;0;0;0;0;NA;NA;NA;NA;0;NA;NA;NA;NA;NA;NA;NA
1129052;2024;31043222;3127701;Governador Valadares;31;MG;2;1;1;3127701;Governador Valadares;31;MG;1;1;1;1;570.4;559.6;509.5;623.5;0;1;140;120;120;140;60;580
3183377;2024;NA;NA;;NA;;NA;NA;NA;1600303;Macapá;16;AP;1;1;1;1;507.5;542.8;488.7;436;1;1;140;120;80;120;60;520
466434;2024;NA;NA;;NA;;NA;NA;NA;3136702;Juiz de Fora;31;MG;0;0;0;0;NA;NA;NA;NA;0;NA;NA;NA;NA;NA;NA;NA
1938521;2024;NA;NA;;NA;;NA;NA;NA;2111300;São Luís;21;MA;1;1;1;1;477.4;562;514.5;511.4;1;1;120;120;120;120;80;560
1017774;2024;NA;NA;;NA;;NA;NA;NA;3522109;Itanhaém;35;SP;1;1;1;1;589.6;546;566.3;569.3;0;1;160;180;160;180;160;840
777596;2024;NA;NA;;NA;;NA;NA;NA;3524105;Ituverava;35;SP;1;1;1;1;515;480.4;510.2;435.4;0;1;140;200;140;120;120;720
2135394;2024;NA;NA;;NA;;NA;NA;NA;5200258;Águas Lindas de Goiás;52;GO;1;1;1;1;474.7;488.3;513;452.3;1;1;120;120;120;120;140;620
2361645;2024;32066333;3205002;Serra;32;ES;2;1;1;3205002;Serra;32;ES;1;1;1;1;512.6;493.2;479.7;505.9;0;1;100;160;120;120;160;660
2382177;2024;NA;NA;;NA;;NA;NA;NA;2611606;Recife;26;PE;1;1;1;1;620.9;604.8;599.7;701.8;0;1;140;180;140;160;160;780
984589;2024;NA;NA;;NA;;NA;NA;NA;3546405;Santa Cruz do Rio Pardo;35;SP;0;0;0;0;NA;NA;NA;NA;0;NA;NA;NA;NA;NA;NA;NA
116920;2024;NA;NA;;NA;;NA;NA;NA;2607901;Jaboatão dos Guararapes;26;PE;0;1;1;0;NA;475.2;457;NA;0;1;120;120;100;120;0;460
3167396;2024;NA;NA;;NA;;NA;NA;NA;4317509;Santo Ângelo;43;RS;1;1;1;1;498.9;533.8;552.8;602.4;0;1;120;120;120;120;140;620
910607;2024;33173990;3304557;Rio de Janeiro;33;RJ;4;1;1;3304557;Rio de Janeiro;33;RJ;1;1;1;1;679;619.1;646.4;846;0;1;180;140;160;200;200;880
403471;2024;35010959;3534401;Osasco;35;SP;2;1;1;3534401;Osasco;35;SP;1;1;1;1;384.5;322.7;418.3;447.3;1;1;80;100;80;120;0;380
412351;2024;NA;NA;;NA;;NA;NA;NA;3301702;Duque de Caxias;33;RJ;0;0;0;0;NA;NA;NA;NA;1;NA;NA;NA;NA;NA;NA;NA
1520029;2024;35044337;3550308;São Paulo;35;SP;2;1;1;3550308;São Paulo;35;SP;1;1;1;1;583;620.1;577.1;663.7;0;1;140;140;140;160;140;720
2493230;2024;35009659;3510609;Carapicuíba;35;SP;2;1;1;3510609;Carapicuíba;35;SP;1;1;1;1;551;573.2;575.1;589.4;0;1;160;160;160;160;200;840
3450970;2024;NA;NA;;NA;;NA;NA;NA;2706901;Pilar;27;AL;0;0;0;0;NA;NA;NA;NA;0;NA;NA;NA;NA;NA;NA;NA
3397168;2024;NA;NA;;NA;;NA;NA;NA;2919207;Lauro de Freitas;29;BA;1;1;1;1;378.8;535.5;469.5;396.7;1;1;100;160;120;120;120;620
1924930;2024;NA;NA;;NA;;NA;NA;NA;4313409;Novo Hamburgo;43;RS;0;0;0;0;NA;NA;NA;NA;0;NA;NA;NA;NA;NA;NA;NA
2078072;2024;NA;NA;;NA;;NA;NA;NA;4315602;Rio Grande;43;RS;0;0;0;0;NA;NA;NA;NA;1;NA;NA;NA;NA;NA;NA;NA
30987;2024;50006100;5002704;Campo Grande;50;MS;2;1;1;5002704;Campo Grande;50;MS;1;1;1;1;548.6;571;491.3;551.4;1;1;120;180;120;120;160;700
2650830;2024;NA;NA;;NA;;NA;NA;NA;3151800;Poços de Caldas;31;MG;0;0;0;0;NA;NA;NA;NA;0;NA;NA;NA;NA;NA;NA;NA
3397076;2024;NA;NA;;NA;;NA;NA;NA;2408102;Natal;24;RN;0;0;0;0;NA;NA;NA;NA;0;NA;NA;NA;NA;NA;NA;NA
465806;2024;NA;NA;;NA;;NA;NA;NA;3550308;São Paulo;35;SP;1;1;1;1;431.2;485;497.3;428.6;1;1;120;40;120;120;0;400
1298430;2024;NA;NA;;NA;;NA;NA;NA;2307304;Juazeiro do Norte;23;CE;1;1;1;1;429.8;375.2;484.9;431.8;1;3;0;0;0;0;0;0
1168374;2024;NA;NA;;NA;;NA;NA;NA;3301702;Duque de Caxias;33;RJ;1;1;1;1;483.7;485.7;512.5;495.9;0;1;120;140;120;120;60;560
2092289;2024;NA;NA;;NA;;NA;NA;NA;2211001;Teresina;22;PI;1;1;1;1;456.6;604.5;554.8;547.5;0;1;120;120;80;120;120;560
1541642;2024;NA;NA;;NA;;NA;NA;NA;2312403;São Gonçalo do Amarante;23;CE;0;0;0;0;NA;NA;NA;NA;1;NA;NA;NA;NA;NA;NA;NA
3246051;2024;NA;NA;;NA;;NA;NA;NA;3154606;Ribeirão das Neves;31;MG;0;0;0;0;NA;NA;NA;NA;0;NA;NA;NA;NA;NA;NA;NA
264427;2024;NA;NA;;NA;;NA;NA;NA;2412203;São José de Mipibu;24;RN;1;1;1;1;509.9;574;510.5;498.7;1;1;120;120;80;120;120;560
570367;2024;NA;NA;;NA;;NA;NA;NA;4307005;Erechim;43;RS;1;1;1;1;535.1;571.1;609.9;568.9;0;1;160;200;180;180;200;920
2467782;2024;29535808;2905909;Campo Alegre de Lourdes;29;BA;2;1;1;2905909;Campo Alegre de Lourdes;29;BA;1;1;1;1;447;403.3;426.2;465.9;1;4;0;0;0;0;0;0
1677736;2024;NA;NA;;NA;;NA;NA;NA;3304557;Rio de Janeiro;33;RJ;0;0;0;0;NA;NA;NA;NA;0;NA;NA;NA;NA;NA;NA;NA
1642049;2024;NA;NA;;NA;;NA;NA;NA;3106200;Belo Horizonte;31;MG;0;0;0;0;NA;NA;NA;NA;1;NA;NA;NA;NA;NA;NA;NA
845167;2024;NA;NA;;NA;;NA;NA;NA;5217104;Piracanjuba;52;GO;0;1;1;0;NA;456.3;542.4;NA;1;1;120;80;40;80;40;360
1669193;2024;NA;NA;;NA;;NA;NA;NA;4304606;Canoas;43;RS;0;1;1;0;NA;429.8;503.8;NA;0;1;100;120;60;80;100;460
3530229;2024;NA;NA;;NA;;NA;NA;NA;2911709;Guanambi;29;BA;1;1;1;1;472.9;580;553.3;447.8;0;1;120;200;200;180;180;880
1720757;2024;22015221;2207702;Parnaíba;22;PI;2;1;1;2207702;Parnaíba;22;PI;1;1;1;1;361.2;501.2;475.1;397.4;1;1;140;120;120;120;120;620
3999684;2024;NA;NA;;NA;;NA;NA;NA;5300108;Brasília;53;DF;1;1;1;1;430.7;507.2;468.9;529.5;0;1;100;120;60;100;0;380
4136263;2024;NA;NA;;NA;;NA;NA;NA;2933307;Vitória da Conquista;29;BA;1;1;1;1;375.7;483.2;477.4;460.7;1;1;100;120;60;80;40;400
3235918;2024;33008310;3301009;Campos dos Goytacazes;33;RJ;4;1;1;3301009;Campos dos Goytacazes;33;RJ;1;1;1;1;572.6;532.7;528.7;426.6;0;1;140;160;140;120;120;680
2784436;2024;NA;NA;;NA;;NA;NA;NA;1600303;Macapá;16;AP;1;1;1;1;604.3;613.7;581.8;594.2;0;1;140;120;140;120;80;600
1142403;2024;31140619;3119104;Corinto;31;MG;2;1;1;3119104;Corinto;31;MG;1;1;1;1;450.6;389.7;414.1;409.5;1;1;120;160;120;120;80;600
1985060;2024;NA;NA;;NA;;NA;NA;NA;2804409;Neópolis;28;SE;1;1;1;1;395.3;458.4;462.1;472.3;1;1;120;140;140;120;120;640
2954323;2024;NA;NA;;NA;;NA;NA;NA;2307403;Jucás;23;CE;1;1;1;1;436.6;505;524.4;650;1;1;120;200;120;140;160;740
2214157;2024;21022135;2111300;São Luís;21;MA;2;2;1;2111300;São Luís;21;MA;1;1;1;1;442.6;462.3;517.4;396.7;1;1;80;120;100;120;100;520
3582528;2024;NA;NA;;NA;;NA;NA;NA;1302603;Manaus;13;AM;0;1;1;0;NA;499.2;530.4;NA;1;1;120;180;120;140;80;640
2607899;2024;53011031;5300108;Brasília;53;DF;2;1;1;5300108;Brasília;53;DF;1;1;1;1;516;364.9;414.1;433.4;1;1;140;160;120;120;120;660
4132257;2024;50021028;5004809;Japorã;50;MS;2;1;1;4108809;Guaíra;41;PR;1;1;1;1;401.7;383.4;420.6;425.9;1;1;100;120;60;100;0;380
1471517;2024;NA;NA;;NA;;NA;NA;NA;2611101;Petrolina;26;PE;0;0;0;0;NA;NA;NA;NA;1;NA;NA;NA;NA;NA;NA;NA
3453642;2024;NA;NA;;NA;;NA;NA;NA;3144805;Nova Lima;31;MG;0;1;1;0;NA;600.8;593.2;NA;1;1;120;160;140;120;120;660
2759423;2024;42015987;4202404;Blumenau;42;SC;2;1;1;4202404;Blumenau;42;SC;1;1;1;1;488.6;538.9;539.2;473.1;1;1;160;160;140;160;120;740
4159277;2024;NA;NA;;NA;;NA;NA;NA;5103403;Cuiabá;51;MT;0;0;0;0;NA;NA;NA;NA;0;NA;NA;NA;NA;NA;NA;NA
2432771;2024;NA;NA;;NA;;NA;NA;NA;3115508;Caxambu;31;MG;1;1;1;1;437.8;458;516.8;578.3;0;1;160;180;140;180;200;860
2431547;2024;NA;NA;;NA;;NA;NA;NA;5300108;Brasília;53;DF;0;0;0;0;NA;NA;NA;NA;0;NA;NA;NA;NA;NA;NA;NA
3374181;2024;NA;NA;;NA;;NA;NA;NA;3144805;Nova Lima;31;MG;0;0;0;0;NA;NA;NA;NA;0;NA;NA;NA;NA;NA;NA;NA
2757292;2024;NA;NA;;NA;;NA;NA;NA;3516408;Franco da Rocha;35;SP;1;1;1;1;570.9;570;586.9;662.4;0;1;160;200;180;180;180;900
3462705;2024;NA;NA;;NA;;NA;NA;NA;1500404;Alenquer;15;PA;0;1;1;0;NA;386.7;386.3;NA;0;3;0;0;0;0;0;0
4289657;2024;NA;NA;;NA;;NA;NA;NA;4305108;Caxias do Sul;43;RS;0;0;0;0;NA;NA;NA;NA;0;NA;NA;NA;NA;NA;NA;NA
3291513;2024;NA;NA;;NA;;NA;NA;NA;2510808;Patos;25;PB;1;1;1;1;576.5;590.2;595.1;417.7;0;1;140;180;160;140;160;780
1058570;2024;35910454;3522505;Itapevi;35;SP;2;1;1;3522505;Itapevi;35;SP;1;1;1;1;501.2;432.3;532.1;473.2;1;1;100;120;120;120;120;580
1890038;2024;35005447;3550308;São Paulo;35;SP;2;1;1;3550308;São Paulo;35;SP;1;1;1;1;415;427.1;452.4;442.1;1;1;80;100;80;100;100;460
2724332;2024;NA;NA;;NA;;NA;NA;NA;3143302;Montes Claros;31;MG;1;1;1;1;478;511.5;569.5;678.1;1;1;160;200;180;200;200;940
4301740;2024;NA;NA;;NA;;NA;NA;NA;4314407;Pelotas;43;RS;1;1;1;1;537.5;374.3;487.2;454.4;0;1;80;80;80;120;80;440
2520901;2024;NA;NA;;NA;;NA;NA;NA;3520400;Ilhabela;35;SP;1;1;1;1;374.2;513.7;520.7;475.6;0;1;120;180;120;120;80;620
2055626;2024;NA;NA;;NA;;NA;NA;NA;1100049;Cacoal;11;RO;1;1;1;1;515.3;338.6;466.4;469.5;1;1;140;140;120;120;120;640
4286150;2024;35005198;3550308;São Paulo;35;SP;2;1;1;3550308;São Paulo;35;SP;1;1;1;1;469.8;507.8;384.5;474.1;0;1;80;100;80;80;20;360
1448278;2024;NA;NA;;NA;;NA;NA;NA;2301604;Assaré;23;CE;0;0;0;0;NA;NA;NA;NA;1;NA;NA;NA;NA;NA;NA;NA
4090933;2024;NA;NA;;NA;;NA;NA;NA;2304400;Fortaleza;23;CE;1;1;1;1;553.3;591.7;590.8;567.9;0;1;120;120;120;120;160;640
2837884;2024;NA;NA;;NA;;NA;NA;NA;3201308;Cariacica;32;ES;1;1;1;1;522.4;567.1;545;491.4;0;1;120;120;80;80;60;460
638560;2024;NA;NA;;NA;;NA;NA;NA;2928604;Santo Amaro;29;BA;1;1;1;1;440.1;528.6;487.5;588.4;1;1;100;120;100;120;100;540
835628;2024;NA;NA;;NA;;NA;NA;NA;4106902;Curitiba;41;PR;0;0;0;0;NA;NA;NA;NA;0;NA;NA;NA;NA;NA;NA;NA
3480831;2024;52103099;5212501;Luziânia;52;GO;2;1;1;5212501;Luziânia;52;GO;0;0;0;0;NA;NA;NA;NA;0;NA;NA;NA;NA;NA;NA;NA
2105823;2024;NA;NA;;NA;;NA;NA;NA;3516408;Franco da Rocha;35;SP;1;1;1;1;526.9;501.9;529.2;622.8;1;1;140;160;120;120;120;660
688003;2024;NA;NA;;NA;;NA;NA;NA;5213103;Mineiros;52;GO;0;0;0;0;NA;NA;NA;NA;0;NA;NA;NA;NA;NA;NA;NA
468779;2024;11048441;1100254;Presidente Médici;11;RO;2;2;1;1100254;Presidente Médici;11;RO;0;0;0;0;NA;NA;NA;NA;1;NA;NA;NA;NA;NA;NA;NA
1631900;2024;35060495;3520509;Indaiatuba;35;SP;3;1;1;3520509;Indaiatuba;35;SP;1;1;1;1;550.9;477.7;535.7;451.1;1;1;120;120;100;80;0;420
678595;2024;NA;NA;;NA;;NA;NA;NA;2706703;Penedo;27;AL;1;1;1;1;412.4;457.4;460.2;442.8;1;1;120;100;80;80;100;480
4290398;2024;43107583;4314902;Porto Alegre;43;RS;2;1;1;4314902;Porto Alegre;43;RS;0;0;0;0;NA;NA;NA;NA;0;NA;NA;NA;NA;NA;NA;NA
4263746;2024;NA;NA;;NA;;NA;NA;NA;2408102;Natal;24;RN;0;1;1;0;NA;545.8;575.1;NA;1;4;0;0;0;0;0;0
1695087;2024;26133949;2614600;Tabira;26;PE;2;1;1;2614600;Tabira;26;PE;1;1;1;1;591.5;531.7;538.2;678.5;0;1;120;160;140;120;120;660
3135599;2024;NA;NA;;NA;;NA;NA;NA;1506708;Santana do Araguaia;15;PA;0;0;0;0;NA;NA;NA;NA;0;NA;NA;NA;NA;NA;NA;NA
738525;2024;41063325;4119905;Ponta Grossa;41;PR;2;1;1;4119905;Ponta Grossa;41;PR;0;0;0;0;NA;NA;NA;NA;1;NA;NA;NA;NA;NA;NA;NA
2758477;2024;NA;NA;;NA;;NA;NA;NA;4113700;Londrina;41;PR;1;1;1;1;617.3;604.9;544.4;718.9;0;1;160;200;160;200;160;880
723504;2024;NA;NA;;NA;;NA;NA;NA;5300108;Brasília;53;DF;0;0;0;0;NA;NA;NA;NA;0;NA;NA;NA;NA;NA;NA;NA
3700640;2024;NA;NA;;NA;;NA;NA;NA;3556701;Vinhedo;35;SP;0;0;0;0;NA;NA;NA;NA;0;NA;NA;NA;NA;NA;NA;NA
3099862;2024;35154908;3534401;Osasco;35;SP;4;1;1;3534401;Osasco;35;SP;1;1;1;1;446;454.8;517.1;521.2;0;1;120;120;100;120;200;660
598229;2024;35102088;3550308;São Paulo;35;SP;4;1;1;3550308;São Paulo;35;SP;1;1;1;1;590.7;311.2;670.5;521.8;0;1;120;140;120;120;120;620
1059646;2024;31068586;3136702;Juiz de Fora;31;MG;2;1;1;3136702;Juiz de Fora;31;MG;1;1;1;1;435.3;493.8;540.4;420.9;0;1;120;160;120;120;120;640
1561276;2024;35908320;3557006;Votorantim;35;SP;2;1;1;3557006;Votorantim;35;SP;1;1;1;1;443.4;448.7;498.3;541.4;0;1;140;160;140;160;140;740
1297809;2024;NA;NA;;NA;;NA;NA;NA;2503209;Cabedelo;25;PB;1;1;1;1;553.7;623.3;571.2;568.1;1;1;160;160;160;160;120;760
715453;2024;NA;NA;;NA;;NA;NA;NA;2400505;Alexandria;24;RN;1;1;1;1;533.7;578.4;570.7;611.4;0;1;160;200;160;200;180;900
4257445;2024;NA;NA;;NA;;NA;NA;NA;2101400;Balsas;21;MA;0;0;0;0;NA;NA;NA;NA;1;NA;NA;NA;NA;NA;NA;NA
1043775;2024;23265027;2312908;Sobral;23;CE;2;1;1;2312908;Sobral;23;CE;1;1;1;1;597;598.1;629.2;693.6;0;1;160;200;180;180;120;840
2923006;2024;NA;NA;;NA;;NA;NA;NA;1721000;Palmas;17;TO;0;0;0;0;NA;NA;NA;NA;0;NA;NA;NA;NA;NA;NA;NA
3534710;2024;NA;NA;;NA;;NA;NA;NA;4209102;Joinville;42;SC;1;1;1;1;578.6;619;625.1;472.1;0;1;140;160;120;160;160;740
3012061;2024;29301483;2913606;Ilhéus;29;BA;2;1;1;2913606;Ilhéus;29;BA;0;0;0;0;NA;NA;NA;NA;0;NA;NA;NA;NA;NA;NA;NA
2603276;2024;31167606;3170206;Uberlândia;31;MG;2;1;1;3170206;Uberlândia;31;MG;1;1;1;1;447.1;515.7;464.4;389.2;1;1;100;120;100;120;0;440
873545;2024;NA;NA;;NA;;NA;NA;NA;2902609;Baixa Grande;29;BA;1;1;1;1;389.8;402.8;450.8;387.5;0;1;80;80;80;80;40;360
2576434;2024;29325803;2923001;Nova Viçosa;29;BA;2;1;1;2923001;Nova Viçosa;29;BA;1;1;1;1;389.8;313.2;419.1;486.6;1;1;120;120;100;80;120;540
550019;2024;NA;NA;;NA;;NA;NA;NA;2304400;Fortaleza;23;CE;1;1;1;1;640.5;622.4;593.4;759.8;1;1;160;200;160;180;180;880
698549;2024;29135710;2902104;Araci;29;BA;2;1;1;2902104;Araci;29;BA;0;1;1;0;NA;496;507.4;NA;0;1;120;120;100;100;40;480
2815796;2024;NA;NA;;NA;;NA;NA;NA;4304606;Canoas;43;RS;0;0;0;0;NA;NA;NA;NA;1;NA;NA;NA;NA;NA;NA;NA
3819394;2024;NA;NA;;NA;;NA;NA;NA;2311603;Redenção;23;CE;0;0;0;0;NA;NA;NA;NA;1;NA;NA;NA;NA;NA;NA;NA
3944976;2024;NA;NA;;NA;;NA;NA;NA;2611606;Recife;26;PE;1;1;1;1;505;589.6;586.6;635.1;0;1;120;120;120;120;0;480
2033614;2024;NA;NA;;NA;;NA;NA;NA;3547809;Santo André;35;SP;1;1;1;1;402.4;470.9;514.1;440.6;0;1;120;120;80;100;100;520
4324287;2024;NA;NA;;NA;;NA;NA;NA;4320008;Sapucaia do Sul;43;RS;0;0;0;0;NA;NA;NA;NA;0;NA;NA;NA;NA;NA;NA;NA
1059433;2024;NA;NA;;NA;;NA;NA;NA;1501808;Breves;15;PA;1;1;1;1;428.2;469.1;519.6;450.7;1;1;120;120;120;120;100;580
564443;2024;NA;NA;;NA;;NA;NA;NA;3550308;São Paulo;35;SP;1;1;1;1;581.8;572.1;533.7;652.6;0;1;120;140;80;100;120;560
2163341;2024;15140760;1502707;Conceição do Araguaia;15;PA;2;1;1;1502707;Conceição do Araguaia;15;PA;0;1;1;0;NA;487.6;422.5;NA;1;1;80;120;60;80;120;460
885115;2024;NA;NA;;NA;;NA;NA;NA;3142908;Monte Azul;31;MG;1;1;1;1;646.4;685.8;674.2;730;0;1;160;200;180;200;200;940
1236725;2024;NA;NA;;NA;;NA;NA;NA;2301208;Aracoiaba;23;CE;1;1;1;1;405.9;435.5;475.8;516.1;1;1;160;200;160;180;200;900
4089714;2024;NA;NA;;NA;;NA;NA;NA;2611606;Recife;26;PE;1;1;1;1;508.5;461.1;481.6;531;1;1;100;160;120;140;80;600
4018438;2024;NA;NA;;NA;;NA;NA;NA;3303906;Petrópolis;33;RJ;0;0;0;0;NA;NA;NA;NA;1;NA;NA;NA;NA;NA;NA;NA
118881;2024;42153824;4202008;Balneário Camboriú;42;SC;4;1;1;4202008;Balneário Camboriú;42;SC;1;1;1;1;638.8;672.9;602.4;746.2;0;1;160;160;160;160;160;800
2230570;2024;29177812;2916104;Itaparica;29;BA;2;1;1;2933208;Vera Cruz;29;BA;0;0;0;0;NA;NA;NA;NA;0;NA;NA;NA;NA;NA;NA;NA
2042255;2024;NA;NA;;NA;;NA;NA;NA;3154606;Ribeirão das Neves;31;MG;0;1;1;0;NA;435.8;515.7;NA;1;1;140;200;120;160;80;700
1305183;2024;33113106;3304557;Rio de Janeiro;33;RJ;4;1;1;3304557;Rio de Janeiro;33;RJ;1;1;1;1;536.8;536.1;579.8;592.9;0;1;80;180;120;100;140;620
2975150;2024;35136931;3550308;São Paulo;35;SP;4;1;1;3550308;São Paulo;35;SP;1;1;1;1;572.9;692;617.8;734.9;0;1;160;200;160;160;200;880
2743122;2024;22027297;2211001;Teresina;22;PI;2;1;1;2211001;Teresina;22;PI;1;1;1;1;538.1;568.2;524;603.3;1;1;60;100;80;80;120;440
1050586;2024;25039032;2513406;Santa Luzia;25;PB;2;1;1;2513406;Santa Luzia;25;PB;1;1;1;1;384.9;386.3;417;564.6;1;1;120;160;80;120;80;560
2111709;2024;NA;NA;;NA;;NA;NA;NA;3522307;Itapetininga;35;SP;1;1;1;1;587.1;593.4;599.1;631.4;0;1;160;200;160;180;180;880
4268580;2024;NA;NA;;NA;;NA;NA;NA;3550308;São Paulo;35;SP;1;1;1;1;383.4;391.2;528.3;545.3;0;1;100;120;120;160;80;580
472820;2024;NA;NA;;NA;;NA;NA;NA;3204906;São Mateus;32;ES;1;1;1;1;482.2;481.2;498.8;454.1;1;1;120;120;120;120;20;500
1338243;2024;26181266;2611606;Recife;26;PE;4;1;1;2611606;Recife;26;PE;1;1;1;1;705.6;795.7;713.6;880.8;0;1;160;200;160;180;200;900
710173;2024;NA;NA;;NA;;NA;NA;NA;3103405;Araçuaí;31;MG;1;1;1;1;404.9;490.2;521.7;442.5;1;1;100;200;120;120;140;680
3129464;2024;29084202;2914703;Itaberaba;29;BA;2;1;1;2914703;Itaberaba;29;BA;0;0;0;0;NA;NA;NA;NA;0;NA;NA;NA;NA;NA;NA;NA
3092611;2024;33173990;3304557;Rio de Janeiro;33;RJ;4;1;1;3304557;Rio de Janeiro;33;RJ;1;1;1;1;556.1;619.4;600.9;636.4;0;1;160;200;180;180;200;920
1711116;2024;23010665;2305308;Ibiapina;23;CE;2;1;1;2305308;Ibiapina;23;CE;1;1;1;1;467.1;530.5;554.4;407;0;1;140;160;140;180;120;740
657630;2024;NA;NA;;NA;;NA;NA;NA;5208707;Goiânia;52;GO;1;1;1;1;601.8;592.6;540;655.7;0;1;160;180;160;180;200;880
4178014;2024;NA;NA;;NA;;NA;NA;NA;5218300;Posse;52;GO;0;0;0;0;NA;NA;NA;NA;1;NA;NA;NA;NA;NA;NA;NA
367288;2024;NA;NA;;NA;;NA;NA;NA;3156700;Sabará;31;MG;1;1;1;1;509.9;581.5;528.1;431.1;1;1;140;100;100;120;80;540
246947;2024;NA;NA;;NA;;NA;NA;NA;3106705;Betim;31;MG;1;1;1;1;588.7;624.2;598.5;674.7;1;1;160;200;180;180;160;880
3333906;2024;33098085;3300100;Angra dos Reis;33;RJ;2;1;1;3300100;Angra dos Reis;33;RJ;1;1;1;1;465.9;495.7;534.8;394.6;1;1;120;120;120;120;100;580
3480132;2024;14322773;1400100;Boa Vista;14;RR;2;1;1;1400100;Boa Vista;14;RR;1;1;1;1;513.7;450.8;440.8;473.3;1;1;80;120;80;100;60;440
1456455;2024;43145337;4319802;São Vicente do Sul;43;RS;1;2;1;4319802;São Vicente do Sul;43;RS;1;1;1;1;456;409.3;393.4;431;0;1;100;120;120;120;140;600
158275;2024;NA;NA;;NA;;NA;NA;NA;2908903;Coração de Maria;29;BA;1;1;1;1;582.2;629.4;601.4;718.9;1;1;160;180;160;180;200;880
485257;2024;NA;NA;;NA;;NA;NA;NA;2910800;Feira de Santana;29;BA;1;1;1;1;546.3;577.6;593.2;500.6;0;1;120;140;120;140;100;620
1767166;2024;21266948;2102358;Buritirana;21;MA;2;1;1;2100600;Amarante do Maranhão;21;MA;1;1;1;1;481.2;506;530;409;1;1;120;140;120;100;40;520
1750693;2024;NA;NA;;NA;;NA;NA;NA;1501501;Benevides;15;PA;1;1;1;1;482;453;516.8;443.5;1;1;80;160;80;120;80;520
2100231;2024;NA;NA;;NA;;NA;NA;NA;1504604;Mocajuba;15;PA;1;1;1;1;493.2;332.9;426.3;377.8;1;1;120;120;120;100;40;500
2817151;2024;33173850;3301702;Duque de Caxias;33;RJ;4;1;1;3301702;Duque de Caxias;33;RJ;1;1;1;1;583.7;616.6;615;768.8;0;1;160;160;140;160;140;760
3864940;2024;NA;NA;;NA;;NA;NA;NA;2903904;Bom Jesus da Lapa;29;BA;1;1;1;1;519.7;602.4;540.6;422.6;1;1;160;200;180;180;200;920
1107899;2024;27008452;2708402;São José da Tapera;27;AL;2;1;1;2708402;São José da Tapera;27;AL;1;1;1;1;436.7;352.6;322;443.6;1;1;120;120;120;120;100;580
1881359;2024;35006427;3518800;Guarulhos;35;SP;2;1;1;3518800;Guarulhos;35;SP;1;1;1;1;538.4;605.6;588.4;676.4;0;1;80;200;160;160;180;780
2430489;2024;33177627;3304557;Rio de Janeiro;33;RJ;4;1;1;3304557;Rio de Janeiro;33;RJ;1;1;1;1;599.8;540.5;567.4;597.5;0;1;120;160;140;140;160;720
4215185;2024;NA;NA;;NA;;NA;NA;NA;4318705;São Leopoldo;43;RS;0;1;1;0;NA;394.5;485.2;NA;0;4;0;0;0;0;0;0
2071290;2024;NA;NA;;NA;;NA;NA;NA;3121605;Diamantina;31;MG;1;1;1;1;472.4;568.9;478.2;639.9;1;1;140;140;120;100;60;560
2714019;2024;NA;NA;;NA;;NA;NA;NA;2914802;Itabuna;29;BA;1;1;1;1;435.4;419.7;450.8;433.2;0;1;60;60;40;80;0;240
4288997;2024;NA;NA;;NA;;NA;NA;NA;4309308;Guaíba;43;RS;0;0;0;0;NA;NA;NA;NA;1;NA;NA;NA;NA;NA;NA;NA
3089345;2024;NA;NA;;NA;;NA;NA;NA;4208302;Itapema;42;SC;0;0;0;0;NA;NA;NA;NA;1;NA;NA;NA;NA;NA;NA;NA
517839;2024;51051966;5107602;Rondonópolis;51;MT;2;1;1;5107602;Rondonópolis;51;MT;1;1;1;1;375.3;487.1;514.3;393.2;1;1;160;200;180;200;200;940
1408185;2024;33089825;3304904;São Gonçalo;33;RJ;4;1;1;3301900;Itaboraí;33;RJ;1;1;1;1;685.6;683.1;614.7;744.4;0;1;160;200;180;200;200;940
2933660;2024;NA;NA;;NA;;NA;NA;NA;1507706;São Sebastião da Boa Vista;15;PA;1;1;1;1;364.5;451.1;358.1;406.9;0;1;100;120;80;120;40;460
2860552;2024;NA;NA;;NA;;NA;NA;NA;3135209;Januária;31;MG;1;1;1;1;531.5;330.1;486.4;441.4;0;1;120;140;120;100;100;580
2621649;2024;13024205;1302504;Manacapuru;13;AM;2;2;1;1302504;Manacapuru;13;AM;0;0;0;0;NA;NA;NA;NA;1;NA;NA;NA;NA;NA;NA;NA
3278321;2024;NA;NA;;NA;;NA;NA;NA;4102109;Astorga;41;PR;0;0;0;0;NA;NA;NA;NA;0;NA;NA;NA;NA;NA;NA;NA
3830147;2024;NA;NA;;NA;;NA;NA;NA;3303500;Nova Iguaçu;33;RJ;1;1;1;1;583.9;640;635.7;549.7;1;1;160;120;160;120;20;580
3357904;2024;NA;NA;;NA;;NA;NA;NA;4202305;Biguaçu;42;SC;1;1;1;1;482.5;569.4;539.9;411.8;1;1;120;80;40;80;40;360
278713;2024;NA;NA;;NA;;NA;NA;NA;2304400;Fortaleza;23;CE;1;1;1;1;519.1;411.4;534.5;436.1;0;1;140;200;180;160;180;860
15849;2024;NA;NA;;NA;;NA;NA;NA;2211001;Teresina;22;PI;1;1;1;1;511.9;462.2;558.3;498.2;1;1;120;140;120;120;120;620
184582;2024;NA;NA;;NA;;NA;NA;NA;3304557;Rio de Janeiro;33;RJ;1;1;1;1;561.3;643.5;532.9;664.9;1;1;160;200;160;200;200;920
2653857;2024;NA;NA;;NA;;NA;NA;NA;2924009;Paulo Afonso;29;BA;1;1;1;1;449.6;562.2;519.3;462.8;0;1;120;200;140;160;160;780
1059559;2024;23243082;2310308;Parambu;23;CE;2;1;1;2310308;Parambu;23;CE;1;1;1;1;465.9;510;562.2;439.2;1;1;100;160;120;140;160;680
1420198;2024;29279011;2933307;Vitória da Conquista;29;BA;4;1;1;2933307;Vitória da Conquista;29;BA;1;1;1;1;418.1;449.4;500.5;526.5;1;1;120;160;160;160;160;760
601521;2024;NA;NA;;NA;;NA;NA;NA;3550308;São Paulo;35;SP;0;0;0;0;NA;NA;NA;NA;1;NA;NA;NA;NA;NA;NA;NA
2141401;2024;NA;NA;;NA;;NA;NA;NA;2611606;Recife;26;PE;0;0;0;0;NA;NA;NA;NA;0;NA;NA;NA;NA;NA;NA;NA
1279930;2024;35014679;3504503;Avaré;35;SP;2;1;1;3504503;Avaré;35;SP;0;0;0;0;NA;NA;NA;NA;0;NA;NA;NA;NA;NA;NA;NA
945897;2024;NA;NA;;NA;;NA;NA;NA;3105608;Barbacena;31;MG;1;1;1;1;445.1;447.4;475;580;0;1;160;200;200;200;200;960
1682937;2024;21278458;2103406;Coelho Neto;21;MA;1;1;1;2103406;Coelho Neto;21;MA;1;1;1;1;565.7;602.6;557.6;475;0;1;160;180;160;160;200;860
1618376;2024;35014825;3507506;Botucatu;35;SP;2;1;1;3507506;Botucatu;35;SP;0;0;0;0;NA;NA;NA;NA;1;NA;NA;NA;NA;NA;NA;NA
3352803;2024;NA;NA;;NA;;NA;NA;NA;4127700;Toledo;41;PR;1;1;1;1;501.9;571;591.5;633.5;0;1;160;200;180;200;180;920
1907362;2024;31014362;3129806;Ibirité;31;MG;2;1;1;3129806;Ibirité;31;MG;1;1;1;1;493.8;576.2;543.2;613;1;1;140;180;120;180;180;800
984032;2024;NA;NA;;NA;;NA;NA;NA;2932903;Valença;29;BA;1;1;1;1;400;330;353.9;467;0;1;80;80;60;60;0;280
3320817;2024;NA;NA;;NA;;NA;NA;NA;3304557;Rio de Janeiro;33;RJ;1;1;1;1;501.1;475.7;528.6;459.3;0;1;120;200;160;160;200;840
2086466;2024;NA;NA;;NA;;NA;NA;NA;1721000;Palmas;17;TO;1;1;1;1;430.5;495.7;524.6;603.9;0;1;140;160;160;180;200;840
4229147;2024;NA;NA;;NA;;NA;NA;NA;2111300;São Luís;21;MA;0;0;0;0;NA;NA;NA;NA;1;NA;NA;NA;NA;NA;NA;NA
3796935;2024;NA;NA;;NA;;NA;NA;NA;2931350;Teixeira de Freitas;29;BA;0;0;0;0;NA;NA;NA;NA;1;NA;NA;NA;NA;NA;NA;NA
4019769;2024;NA;NA;;NA;;NA;NA;NA;2510808;Patos;25;PB;1;1;1;1;483.9;555.8;561;439.4;1;1;80;120;120;120;100;540
466290;2024;NA;NA;;NA;;NA;NA;NA;3157807;Santa Luzia;31;MG;1;1;1;1;571.7;597.6;590.7;540.5;0;1;100;100;80;100;60;440
3716708;2024;NA;NA;;NA;;NA;NA;NA;2504009;Campina Grande;25;PB;1;1;1;1;488.1;512.2;441.6;407.2;0;1;140;180;160;180;160;820
442100;2024;NA;NA;;NA;;NA;NA;NA;2927408;Salvador;29;BA;1;1;1;1;616.1;635.2;627.6;679.1;0;1;160;200;160;160;180;860
2581316;2024;35920241;3505708;Barueri;35;SP;2;1;1;3505708;Barueri;35;SP;0;0;0;0;NA;NA;NA;NA;1;NA;NA;NA;NA;NA;NA;NA
1361241;2024;22129553;2211001;Teresina;22;PI;1;1;1;2211001;Teresina;22;PI;1;1;1;1;492.8;569.4;547.6;511.4;0;1;140;120;140;140;100;640
1291987;2024;NA;NA;;NA;;NA;NA;NA;2927408;Salvador;29;BA;1;1;1;1;439.8;421.6;513.3;441;1;1;120;120;100;120;80;540
4132555;2024;29483891;2924306;Piatã;29;BA;2;2;1;2929909;Seabra;29;BA;0;0;0;0;NA;NA;NA;NA;0;NA;NA;NA;NA;NA;NA;NA
3783604;2024;NA;NA;;NA;;NA;NA;NA;5103403;Cuiabá;51;MT;1;1;1;1;540.8;517.7;587.6;539.2;0;1;140;200;160;200;200;900
2761737;2024;50060015;5002704;Campo Grande;50;MS;4;1;1;5002704;Campo Grande;50;MS;0;1;1;0;NA;553.7;613.5;NA;1;1;160;200;180;180;200;920
4296341;2024;31115495;3147907;Passos;31;MG;2;1;1;3147907;Passos;31;MG;0;0;0;0;NA;NA;NA;NA;0;NA;NA;NA;NA;NA;NA;NA
1234798;2024;NA;NA;;NA;;NA;NA;NA;2211001;Teresina;22;PI;1;1;1;1;451.4;380.6;477.4;454.5;1;1;80;120;60;80;0;340
4176889;2024;NA;NA;;NA;;NA;NA;NA;3506003;Bauru;35;SP;1;1;1;1;552.8;614.7;606.7;697;0;1;120;120;120;120;120;600
3278554;2024;NA;NA;;NA;;NA;NA;NA;4211306;Navegantes;42;SC;0;0;0;0;NA;NA;NA;NA;0;NA;NA;NA;NA;NA;NA;NA
384201;2024;NA;NA;;NA;;NA;NA;NA;1501709;Bragança;15;PA;1;1;1;1;390.4;458.4;485.2;441.5;1;4;0;0;0;0;0;0
1443367;2024;NA;NA;;NA;;NA;NA;NA;2906873;Capim Grosso;29;BA;1;0;0;1;586.1;NA;NA;551.2;1;NA;NA;NA;NA;NA;NA;NA
761622;2024;NA;NA;;NA;;NA;NA;NA;2113009;Vitorino Freire;21;MA;1;1;1;1;417.9;365.1;488.7;433;0;1;120;160;120;120;120;640
1545764;2024;28009398;2807105;Simão Dias;28;SE;2;1;1;2807105;Simão Dias;28;SE;1;1;1;1;403.7;515.6;518;554.8;0;1;140;180;140;160;120;740
1774353;2024;NA;NA;;NA;;NA;NA;NA;1501303;Barcarena;15;PA;0;0;0;0;NA;NA;NA;NA;0;NA;NA;NA;NA;NA;NA;NA
1527628;2024;NA;NA;;NA;;NA;NA;NA;3548708;São Bernardo do Campo;35;SP;1;1;1;1;554.7;439.4;520.9;577.2;1;1;140;160;140;160;120;720
3241435;2024;NA;NA;;NA;;NA;NA;NA;3104502;Arinos;31;MG;1;1;1;1;471.6;372.3;433.9;396.7;1;1;140;180;120;180;180;800
3009571;2024;NA;NA;;NA;;NA;NA;NA;5208707;Goiânia;52;GO;1;1;1;1;459.1;561.5;545.1;390.3;1;1;120;140;120;120;80;580
1735268;2024;26075440;2606002;Garanhuns;26;PE;4;1;1;2606002;Garanhuns;26;PE;1;1;1;1;463.1;556;529.6;482.8;0;1;100;160;120;120;140;640
2323952;2024;NA;NA;;NA;;NA;NA;NA;3131703;Itabira;31;MG;1;1;1;1;560.4;629.2;568;598.9;0;1;140;140;140;160;120;700
1701567;2024;NA;NA;;NA;;NA;NA;NA;1302603;Manaus;13;AM;1;1;1;1;436;400.5;487.2;428.5;0;1;120;120;120;120;80;560
1488600;2024;NA;NA;;NA;;NA;NA;NA;2507507;João Pessoa;25;PB;1;1;1;1;654.2;655.9;588.5;703.3;0;1;160;180;160;200;200;900
3846523;2024;NA;NA;;NA;;NA;NA;NA;3304557;Rio de Janeiro;33;RJ;0;0;0;0;NA;NA;NA;NA;0;NA;NA;NA;NA;NA;NA;NA
887544;2024;NA;NA;;NA;;NA;NA;NA;4321501;Torres;43;RS;1;1;1;1;610.7;673;609.4;684.2;0;1;160;200;160;180;200;900
4014827;2024;NA;NA;;NA;;NA;NA;NA;3551702;Sertãozinho;35;SP;1;1;1;1;508.5;459.8;434.6;514.1;0;1;120;140;120;160;180;720
1979664;2024;NA;NA;;NA;;NA;NA;NA;2611606;Recife;26;PE;1;1;1;1;429.2;514.6;571.7;508.9;1;1;120;140;120;120;80;580
3106569;2024;41064968;4110656;Iracema do Oeste;41;PR;2;1;1;4102000;Assis Chateaubriand;41;PR;1;1;1;1;358.3;398.9;416.4;397.3;0;1;120;120;120;120;60;540
1743601;2024;NA;NA;;NA;;NA;NA;NA;2607901;Jaboatão dos Guararapes;26;PE;1;1;1;1;518.5;550.9;593.2;409.8;0;1;120;120;100;120;0;460
3122644;2024;NA;NA;;NA;;NA;NA;NA;2933307;Vitória da Conquista;29;BA;1;1;1;1;501.8;522.1;571.6;496.3;0;1;160;200;180;180;180;900
273498;2024;32036582;3205002;Serra;32;ES;2;1;1;3205002;Serra;32;ES;1;1;1;1;417;432.3;461;506.3;1;1;160;200;160;200;200;920
690600;2024;14001209;1400100;Boa Vista;14;RR;2;1;1;1400100;Boa Vista;14;RR;0;2;2;0;NA;NA;NA;NA;0;NA;NA;NA;NA;NA;NA;NA
3981965;2024;NA;NA;;NA;;NA;NA;NA;3550308;São Paulo;35;SP;0;1;1;0;NA;597;603.2;NA;1;1;120;160;120;80;80;560
108743;2024;NA;NA;;NA;;NA;NA;NA;4211306;Navegantes;42;SC;0;1;1;0;NA;443.5;541.5;NA;1;4;0;0;0;0;0;0
378075;2024;NA;NA;;NA;;NA;NA;NA;3550308;São Paulo;35;SP;1;1;1;1;479.6;541.9;542.9;483.7;0;1;120;120;100;140;40;520
3669099;2024;NA;NA;;NA;;NA;NA;NA;2111300;São Luís;21;MA;1;1;1;1;355;464.1;479.7;458.1;0;1;140;140;120;140;140;680
1514153;2024;NA;NA;;NA;;NA;NA;NA;3304557;Rio de Janeiro;33;RJ;1;1;1;1;456.9;482.2;515.2;495.9;1;1;120;120;80;120;0;440
702413;2024;NA;NA;;NA;;NA;NA;NA;2304400;Fortaleza;23;CE;1;1;1;1;516.1;593.4;568.8;499.9;0;1;120;140;120;140;160;680
4046775;2024;NA;NA;;NA;;NA;NA;NA;3115508;Caxambu;31;MG;0;0;0;0;NA;NA;NA;NA;0;NA;NA;NA;NA;NA;NA;NA
2173622;2024;26181282;2610707;Paulista;26;PE;2;1;1;2609600;Olinda;26;PE;1;1;1;1;586.8;454.2;483.1;671.7;1;1;140;160;120;160;180;760
598651;2024;NA;NA;;NA;;NA;NA;NA;2111300;São Luís;21;MA;1;1;1;1;367.2;498.3;352.6;509.5;1;1;80;120;60;80;0;340
2789320;2024;52066550;5215504;Ouvidor;52;GO;2;1;1;5205109;Catalão;52;GO;1;1;1;1;451.1;413.4;474.8;434.4;0;1;120;120;100;140;60;540
412992;2024;NA;NA;;NA;;NA;NA;NA;2505105;Cuité;25;PB;0;0;0;0;NA;NA;NA;NA;0;NA;NA;NA;NA;NA;NA;NA
2368086;2024;NA;NA;;NA;;NA;NA;NA;4311304;Lagoa Vermelha;43;RS;1;1;1;1;546;420.5;534.1;398.3;1;1;100;140;120;120;0;480
200833;2024;23164050;2307106;Jardim;23;CE;2;1;1;2307106;Jardim;23;CE;1;1;1;1;405.6;491.4;413.8;424.3;1;1;120;160;80;120;20;500
207249;2024;15034640;1500800;Ananindeua;15;PA;2;1;1;1500800;Ananindeua;15;PA;1;1;1;1;509.6;392.5;488.9;441.5;1;1;120;200;100;120;120;660
1617863;2024;29306264;2914802;Itabuna;29;BA;2;1;1;2914802;Itabuna;29;BA;1;1;1;1;463.3;459.9;501.9;461;0;1;120;160;120;120;120;640
2809036;2024;NA;NA;;NA;;NA;NA;NA;3542602;Registro;35;SP;1;1;1;1;584.9;681.5;621.3;673.7;0;1;120;140;140;140;200;740
1538295;2024;NA;NA;;NA;;NA;NA;NA;4202404;Blumenau;42;SC;0;0;0;0;NA;NA;NA;NA;1;NA;NA;NA;NA;NA;NA;NA
1303550;2024;NA;NA;;NA;;NA;NA;NA;1600303;Macapá;16;AP;1;1;1;1;585.6;546.6;512.6;453.1;0;1;140;160;120;120;100;640
3845790;2024;21336407;2101608;Barra do Corda;21;MA;2;1;1;2101608;Barra do Corda;21;MA;1;1;1;1;450.2;350.6;425.3;473.4;1;1;120;80;80;120;20;420
3577892;2024;35041051;3550308;São Paulo;35;SP;2;1;1;3509601;Campo Limpo Paulista;35;SP;0;0;0;0;NA;NA;NA;NA;0;NA;NA;NA;NA;NA;NA;NA
1250280;2024;NA;NA;;NA;;NA;NA;NA;1505809;Portel;15;PA;1;1;1;1;490;483;514.8;472.8;0;1;120;120;100;120;0;460
2105132;2024;NA;NA;;NA;;NA;NA;NA;2302800;Canindé;23;CE;1;1;1;1;426.6;477.6;512.1;507.8;1;1;160;200;160;160;120;800
182759;2024;NA;NA;;NA;;NA;NA;NA;1501402;Belém;15;PA;1;1;1;1;452.2;591.1;600;526.6;0;1;160;200;200;200;200;960
2865599;2024;NA;NA;;NA;;NA;NA;NA;3302858;Mesquita;33;RJ;0;0;0;0;NA;NA;NA;NA;0;NA;NA;NA;NA;NA;NA;NA
1119870;2024;32000987;3200904;Barra de São Francisco;32;ES;2;1;1;3200904;Barra de São Francisco;32;ES;0;0;0;0;NA;NA;NA;NA;0;NA;NA;NA;NA;NA;NA;NA
2446648;2024;NA;NA;;NA;;NA;NA;NA;1505908;Porto de Moz;15;PA;1;1;1;1;538.9;445.8;462.1;388.5;0;1;120;120;120;120;80;560
1133843;2024;NA;NA;;NA;;NA;NA;NA;2408102;Natal;24;RN;1;1;1;1;551.5;490.1;521.8;431.9;0;1;120;120;100;100;0;440
1134979;2024;33011842;3301009;Campos dos Goytacazes;33;RJ;2;2;1;3301009;Campos dos Goytacazes;33;RJ;1;1;1;1;437.3;429.8;441.1;505.5;0;1;80;100;80;60;0;320
876102;2024;NA;NA;;NA;;NA;NA;NA;2603009;Cabrobó;26;PE;1;1;1;1;527.7;579.4;576.7;598.6;0;1;140;200;160;200;200;900
528598;2024;NA;NA;;NA;;NA;NA;NA;2408300;Nova Cruz;24;RN;0;0;0;0;NA;NA;NA;NA;0;NA;NA;NA;NA;NA;NA;NA
3675201;2024;26110598;2607901;Jaboatão dos Guararapes;26;PE;4;1;1;2607901;Jaboatão dos Guararapes;26;PE;1;1;1;1;487.4;343.2;494.1;550.7;0;1;160;80;80;80;0;400
3314834;2024;26042045;2611002;Petrolândia;26;PE;2;1;1;2611002;Petrolândia;26;PE;0;0;0;0;NA;NA;NA;NA;1;NA;NA;NA;NA;NA;NA;NA
3417940;2024;33064776;3304557;Rio de Janeiro;33;RJ;4;1;1;3304557;Rio de Janeiro;33;RJ;1;1;1;1;536.6;477.5;476;539.6;0;1;140;120;80;160;200;700
3359472;2024;NA;NA;;NA;;NA;NA;NA;1501402;Belém;15;PA;0;0;0;0;NA;NA;NA;NA;1;NA;NA;NA;NA;NA;NA;NA
2384100;2024;NA;NA;;NA;;NA;NA;NA;4312401;Montenegro;43;RS;1;1;1;1;374.3;529.3;585;506.9;1;1;120;120;100;100;100;540
1994909;2024;NA;NA;;NA;;NA;NA;NA;1500800;Ananindeua;15;PA;0;0;0;0;NA;NA;NA;NA;1;NA;NA;NA;NA;NA;NA;NA
1203037;2024;13108484;1301407;Eirunepé;13;AM;2;1;1;1301407;Eirunepé;13;AM;1;1;1;1;536.5;445.1;480;452.2;1;1;100;120;100;120;80;520
3487793;2024;NA;NA;;NA;;NA;NA;NA;2927408;Salvador;29;BA;1;1;1;1;472.8;467.2;590.8;512.2;0;1;120;140;120;100;160;640
144238;2024;23545372;2310209;Paracuru;23;CE;2;1;1;2310209;Paracuru;23;CE;1;1;1;1;393.5;479.4;537.9;476.6;1;1;120;120;120;180;120;660
3296605;2024;42093899;4209409;Laguna;42;SC;2;1;1;4209409;Laguna;42;SC;1;1;1;1;412.7;516.2;533.5;559.3;0;1;160;200;140;160;160;820
3430836;2024;NA;NA;;NA;;NA;NA;NA;1302603;Manaus;13;AM;1;1;1;1;580.6;648.7;570.3;519.1;1;1;120;120;120;140;100;600
4034677;2024;NA;NA;;NA;;NA;NA;NA;2101202;Bacabal;21;MA;0;0;0;0;NA;NA;NA;NA;1;NA;NA;NA;NA;NA;NA;NA
3641922;2024;NA;NA;;NA;;NA;NA;NA;2112704;Vargem Grande;21;MA;0;0;0;0;NA;NA;NA;NA;1;NA;NA;NA;NA;NA;NA;NA
1382307;2024;NA;NA;;NA;;NA;NA;NA;4309209;Gravataí;43;RS;1;1;1;1;424.9;433.2;519.3;427;1;1;100;140;120;80;0;440
3015120;2024;NA;NA;;NA;;NA;NA;NA;3152501;Pouso Alegre;31;MG;0;1;1;0;NA;541.8;530.5;NA;1;1;120;120;120;140;120;620
1709937;2024;NA;NA;;NA;;NA;NA;NA;3303203;Nilópolis;33;RJ;1;1;1;1;453.7;593.3;545.1;596.9;0;1;120;120;120;120;160;640
3884767;2024;NA;NA;;NA;;NA;NA;NA;3304557;Rio de Janeiro;33;RJ;0;1;1;0;NA;503.8;481.8;NA;1;1;100;120;120;120;0;460
4222875;2024;NA;NA;;NA;;NA;NA;NA;5208707;Goiânia;52;GO;1;1;1;1;365.2;463.7;548.3;538;0;1;120;180;160;180;180;820
2625924;2024;43127010;4317301;Santa Vitória do Palmar;43;RS;2;1;1;4317301;Santa Vitória do Palmar;43;RS;1;1;1;1;502.7;539.3;542.8;609.8;1;1;160;180;140;160;140;780
2504499;2024;NA;NA;;NA;;NA;NA;NA;2309409;Novo Oriente;23;CE;1;1;1;1;447.2;507.7;505.7;595.6;0;1;160;200;180;200;180;920
2905691;2024;33108617;3304904;São Gonçalo;33;RJ;4;1;1;3304904;São Gonçalo;33;RJ;0;1;1;0;NA;560.9;551.7;NA;0;1;120;200;140;140;180;780
2908579;2024;25120670;2504009;Campina Grande;25;PB;2;1;1;2504009;Campina Grande;25;PB;0;0;0;0;NA;NA;NA;NA;0;NA;NA;NA;NA;NA;NA;NA
3332897;2024;NA;NA;;NA;;NA;NA;NA;2609600;Olinda;26;PE;0;0;0;0;NA;NA;NA;NA;0;NA;NA;NA;NA;NA;NA;NA
1664958;2024;23004258;2304251;Cruz;23;CE;2;1;1;2304251;Cruz;23;CE;1;1;1;1;487.5;532.4;532.8;514.2;0;1;80;120;100;100;160;560
3389861;2024;NA;NA;;NA;;NA;NA;NA;4314100;Passo Fundo;43;RS;0;0;0;0;NA;NA;NA;NA;1;NA;NA;NA;NA;NA;NA;NA
346545;2024;35108741;3547809;Santo André;35;SP;4;1;1;3547809;Santo André;35;SP;1;1;1;1;522.4;550;461.2;524.2;0;1;160;200;160;180;200;900
535039;2024;29327792;2931350;Teixeira de Freitas;29;BA;2;1;1;2931350;Teixeira de Freitas;29;BA;1;1;1;1;529.6;610.7;562.1;502.7;0;1;140;200;160;180;200;880
477105;2024;NA;NA;;NA;;NA;NA;NA;3106200;Belo Horizonte;31;MG;1;1;1;1;453.2;525.8;517.2;582.3;0;1;120;200;160;200;180;860
3212317;2024;41134419;4106902;Curitiba;41;PR;2;1;1;4106902;Curitiba;41;PR;1;1;1;1;555.5;537.4;571.1;677.7;0;1;160;160;140;140;40;640
1722434;2024;43094074;4313508;Osório;43;RS;2;1;1;4313508;Osório;43;RS;1;1;1;1;429.4;524.9;534.1;538.9;1;1;120;160;120;180;200;780
430619;2024;NA;NA;;NA;;NA;NA;NA;4110706;Irati;41;PR;0;0;0;0;NA;NA;NA;NA;0;NA;NA;NA;NA;NA;NA;NA
1585067;2024;NA;NA;;NA;;NA;NA;NA;1705508;Colinas do Tocantins;17;TO;1;1;1;1;483.4;569.1;589.3;497.9;0;1;160;200;160;200;200;920
3743178;2024;NA;NA;;NA;;NA;NA;NA;3550308;São Paulo;35;SP;1;1;1;1;410.3;500.1;467.5;408.6;1;1;100;120;80;60;40;400
1312756;2024;NA;NA;;NA;;NA;NA;NA;1100452;Buritis;11;RO;1;1;1;1;453.8;473;500;617.8;1;1;140;120;120;120;80;580
2053971;2024;22081348;2208007;Picos;22;PI;2;1;1;2208007;Picos;22;PI;1;1;1;1;392;529.9;522;419.5;1;1;120;140;120;120;140;640
3325791;2024;NA;NA;;NA;;NA;NA;NA;1504208;Marabá;15;PA;1;1;1;1;572.9;549.4;528.2;513.4;1;1;160;200;140;140;160;800
2920093;2024;NA;NA;;NA;;NA;NA;NA;2611606;Recife;26;PE;0;0;0;0;NA;NA;NA;NA;1;NA;NA;NA;NA;NA;NA;NA
2964940;2024;13232207;1302900;Maués;13;AM;2;2;1;1302900;Maués;13;AM;0;0;0;0;NA;NA;NA;NA;1;NA;NA;NA;NA;NA;NA;NA
1422881;2024;NA;NA;;NA;;NA;NA;NA;4101804;Araucária;41;PR;1;1;1;1;563.5;520.8;528.7;480;0;1;140;120;120;120;0;500
2305029;2024;NA;NA;;NA;;NA;NA;NA;3139607;Mantena;31;MG;0;0;0;0;NA;NA;NA;NA;1;NA;NA;NA;NA;NA;NA;NA
947311;2024;26053853;2604106;Caruaru;26;PE;2;1;1;2604106;Caruaru;26;PE;1;1;1;1;485.9;520.6;544.9;565.8;1;1;140;160;160;140;140;740
626957;2024;NA;NA;;NA;;NA;NA;NA;1302603;Manaus;13;AM;0;0;0;0;NA;NA;NA;NA;0;NA;NA;NA;NA;NA;NA;NA
3775242;2024;NA;NA;;NA;;NA;NA;NA;2308104;Mauriti;23;CE;0;0;0;0;NA;NA;NA;NA;1;NA;NA;NA;NA;NA;NA;NA
1899496;2024;NA;NA;;NA;;NA;NA;NA;5003306;Coxim;50;MS;1;1;1;1;509.5;519.8;486.3;484.5;0;1;100;120;100;80;0;400
3493302;2024;NA;NA;;NA;;NA;NA;NA;1506500;Santa Izabel do Pará;15;PA;1;1;1;1;483.3;521.7;513.4;522.7;0;1;120;200;140;120;100;680
2557162;2024;33032858;3306305;Volta Redonda;33;RJ;4;1;1;3306305;Volta Redonda;33;RJ;1;1;1;1;637.6;693.3;623.6;670.9;0;1;140;200;140;160;180;820
3969893;2024;35290634;3504107;Atibaia;35;SP;2;1;1;3504107;Atibaia;35;SP;1;1;1;1;566.6;539.6;538.6;511.3;1;1;120;140;120;120;20;520
3382614;2024;41159888;4107652;Fazenda Rio Grande;41;PR;2;1;1;4107652;Fazenda Rio Grande;41;PR;1;1;1;1;569.8;441.4;546.8;423.1;0;1;100;120;100;60;40;420
3521918;2024;NA;NA;;NA;;NA;NA;NA;3551702;Sertãozinho;35;SP;1;1;1;1;516.1;495.9;519.9;411.7;1;1;120;160;120;120;80;600
1261719;2024;NA;NA;;NA;;NA;NA;NA;2112704;Vargem Grande;21;MA;1;1;1;1;391.8;367.8;442.7;398.6;1;1;80;120;80;100;40;420
1107885;2024;17004950;1702109;Araguaína;17;TO;2;1;1;1702109;Araguaína;17;TO;1;1;1;1;513.2;540.9;514.5;512.3;0;1;120;180;120;120;200;740
209521;2024;35056169;3547304;Santana de Parnaíba;35;SP;3;1;1;3547304;Santana de Parnaíba;35;SP;1;1;1;1;360.3;508;530.5;418.2;0;1;120;160;120;160;160;720
4110392;2024;31115703;3151503;Piumhi;31;MG;2;1;1;3151503;Piumhi;31;MG;0;0;0;0;NA;NA;NA;NA;0;NA;NA;NA;NA;NA;NA;NA
2413574;2024;NA;NA;;NA;;NA;NA;NA;4317202;Santa Rosa;43;RS;0;0;0;0;NA;NA;NA;NA;0;NA;NA;NA;NA;NA;NA;NA
2544888;2024;NA;NA;;NA;;NA;NA;NA;4106902;Curitiba;41;PR;1;1;1;1;542.8;337;442.1;570.1;0;1;140;120;120;180;120;680
1533696;2024;NA;NA;;NA;;NA;NA;NA;2800308;Aracaju;28;SE;1;1;1;1;440.2;463.7;561.6;406.2;1;1;120;160;120;100;80;580
2877937;2024;NA;NA;;NA;;NA;NA;NA;3552809;Taboão da Serra;35;SP;1;1;1;1;511.8;444.1;521;531;0;1;120;120;120;100;80;540
3454764;2024;29426960;2924801;Piritiba;29;BA;2;1;1;2921203;Miguel Calmon;29;BA;0;0;0;0;NA;NA;NA;NA;0;NA;NA;NA;NA;NA;NA;NA
1237698;2024;NA;NA;;NA;;NA;NA;NA;2609600;Olinda;26;PE;0;0;0;0;NA;NA;NA;NA;0;NA;NA;NA;NA;NA;NA;NA
618465;2024;NA;NA;;NA;;NA;NA;NA;5103403;Cuiabá;51;MT;0;0;0;0;NA;NA;NA;NA;1;NA;NA;NA;NA;NA;NA;NA
3710769;2024;41114418;4121505;Rebouças;41;PR;2;2;1;4110706;Irati;41;PR;1;1;1;1;532.5;530.2;504.5;568.6;1;1;120;120;120;120;140;620
4222328;2024;NA;NA;;NA;;NA;NA;NA;4316907;Santa Maria;43;RS;1;1;1;1;437.8;564.8;562.4;576;1;1;140;160;120;120;80;620
767063;2024;NA;NA;;NA;;NA;NA;NA;1500602;Altamira;15;PA;1;1;1;1;468.8;331.6;426.1;379.7;0;1;120;160;140;160;120;700
3711354;2024;NA;NA;;NA;;NA;NA;NA;3304144;Queimados;33;RJ;0;0;0;0;NA;NA;NA;NA;0;NA;NA;NA;NA;NA;NA;NA
2492431;2024;23004088;2303907;Chaval;23;CE;2;1;1;2303907;Chaval;23;CE;0;0;0;0;NA;NA;NA;NA;1;NA;NA;NA;NA;NA;NA;NA
4244382;2024;NA;NA;;NA;;NA;NA;NA;4313409;Novo Hamburgo;43;RS;1;1;1;1;386.3;421.3;464;455.8;0;1;80;120;80;80;20;380
4303242;2024;NA;NA;;NA;;NA;NA;NA;3205309;Vitória;32;ES;0;0;0;0;NA;NA;NA;NA;0;NA;NA;NA;NA;NA;NA;NA
751825;2024;NA;NA;;NA;;NA;NA;NA;2106326;Maracaçumé;21;MA;1;1;1;1;465.7;580.2;544.8;591.1;1;1;160;160;160;180;180;840
3969023;2024;NA;NA;;NA;;NA;NA;NA;4307708;Esteio;43;RS;0;0;0;0;NA;NA;NA;NA;1;NA;NA;NA;NA;NA;NA;NA
662650;2024;NA;NA;;NA;;NA;NA;NA;5221858;Valparaíso de Goiás;52;GO;1;1;1;1;405.4;466.8;444.7;425.3;1;1;40;120;80;40;0;280
1380849;2024;NA;NA;;NA;;NA;NA;NA;3118601;Contagem;31;MG;1;1;1;1;475.3;567.9;551.7;450.3;0;1;120;180;120;140;160;720
47519;2024;NA;NA;;NA;;NA;NA;NA;3108552;Brasilândia de Minas;31;MG;1;1;1;1;536.9;325.6;347.1;453.8;1;1;80;120;80;120;120;520
1334779;2024;NA;NA;;NA;;NA;NA;NA;3157807;Santa Luzia;31;MG;1;1;1;1;567.1;584.6;617.3;471.2;0;1;120;140;100;120;120;600
2446468;2024;26000024;2601102;Araripina;26;PE;2;1;1;2601102;Araripina;26;PE;0;0;0;0;NA;NA;NA;NA;0;NA;NA;NA;NA;NA;NA;NA
303673;2024;NA;NA;;NA;;NA;NA;NA;2311264;Quiterianópolis;23;CE;1;1;1;1;378.6;528;520.3;432.7;1;1;100;140;120;120;140;620
2498228;2024;NA;NA;;NA;;NA;NA;NA;2211001;Teresina;22;PI;1;1;1;1;619.8;626.1;624.6;716;0;1;120;160;100;120;120;620
3303318;2024;NA;NA;;NA;;NA;NA;NA;2402600;Ceará-Mirim;24;RN;0;0;0;0;NA;NA;NA;NA;0;NA;NA;NA;NA;NA;NA;NA
2968677;2024;35021817;3543907;Rio Claro;35;SP;2;1;1;3543907;Rio Claro;35;SP;1;1;1;1;475.1;559.2;498.1;480.2;0;1;120;160;100;140;120;640
3226105;2024;29071275;2917508;Jacobina;29;BA;2;2;1;2906873;Capim Grosso;29;BA;1;1;1;1;391.5;315.9;451.7;443.7;1;4;0;0;0;0;0;0
2250611;2024;NA;NA;;NA;;NA;NA;NA;3550308;São Paulo;35;SP;0;0;0;0;NA;NA;NA;NA;1;NA;NA;NA;NA;NA;NA;NA
1172702;2024;35002636;3550308;São Paulo;35;SP;2;1;1;3550308;São Paulo;35;SP;1;1;1;1;563.6;523.2;554;464.1;0;1;120;100;80;80;40;420
3859933;2024;NA;NA;;NA;;NA;NA;NA;2504009;Campina Grande;25;PB;1;1;1;1;468;465.4;471.3;470.5;0;1;120;120;80;80;80;480
1648354;2024;NA;NA;;NA;;NA;NA;NA;3304557;Rio de Janeiro;33;RJ;1;1;1;1;574.4;587.3;549.3;597.2;0;1;120;140;140;120;0;520
2753969;2024;NA;NA;;NA;;NA;NA;NA;5217302;Pirenópolis;52;GO;0;0;0;0;NA;NA;NA;NA;0;NA;NA;NA;NA;NA;NA;NA
4197577;2024;13220225;1301159;Careiro da Várzea;13;AM;2;2;1;1301159;Careiro da Várzea;13;AM;0;0;0;0;NA;NA;NA;NA;1;NA;NA;NA;NA;NA;NA;NA
1638636;2024;26186241;2611606;Recife;26;PE;2;1;1;2611606;Recife;26;PE;1;1;1;1;365.5;443.5;529.5;375.5;1;1;120;140;60;120;120;560
1954888;2024;NA;NA;;NA;;NA;NA;NA;2802809;Indiaroba;28;SE;1;1;1;1;474.6;425.3;450.6;413.3;1;1;80;120;100;80;0;380
859378;2024;NA;NA;;NA;;NA;NA;NA;3152501;Pouso Alegre;31;MG;1;1;1;1;566.9;645.1;602.2;637.1;0;1;160;200;180;180;200;920
3355460;2024;31123501;3148004;Patos de Minas;31;MG;4;1;1;3148004;Patos de Minas;31;MG;1;1;1;1;546.2;592.5;592.8;659.5;1;1;160;200;160;160;140;820
3536857;2024;NA;NA;;NA;;NA;NA;NA;5208707;Goiânia;52;GO;1;1;1;1;511.4;408.4;508.1;592.3;0;1;140;180;120;160;120;720
875653;2024;NA;NA;;NA;;NA;NA;NA;2402303;Caraúbas;24;RN;1;1;1;1;423.4;416.9;477.1;400.6;1;4;0;0;0;0;0;0
948957;2024;NA;NA;;NA;;NA;NA;NA;3545209;Salto;35;SP;1;1;1;1;451.1;523.8;524.2;504.5;1;1;80;40;40;60;20;240
1916613;2024;42005353;4200606;Águas Mornas;42;SC;2;1;1;4211900;Palhoça;42;SC;0;1;1;0;NA;418.5;483.5;NA;1;1;140;200;140;180;140;800
2511745;2024;35925950;3545803;Santa Bárbara d'Oeste;35;SP;2;1;1;3545803;Santa Bárbara d'Oeste;35;SP;1;1;1;1;607.6;556.1;574;697.5;0;1;100;140;100;120;120;580
660355;2024;31322628;3154606;Ribeirão das Neves;31;MG;2;1;1;3154606;Ribeirão das Neves;31;MG;1;1;1;1;457.9;339.1;461.6;458.1;1;1;120;60;140;100;120;540
1915342;2024;NA;NA;;NA;;NA;NA;NA;1505106;Óbidos;15;PA;1;1;1;1;455.6;422;431.2;419.8;0;1;120;120;120;100;100;560
918315;2024;51045168;5102504;Cáceres;51;MT;1;2;1;5102504;Cáceres;51;MT;1;1;1;1;501.3;486.7;568.3;444.8;0;1;140;180;120;140;160;740
2345618;2024;NA;NA;;NA;;NA;NA;NA;3304557;Rio de Janeiro;33;RJ;0;0;0;0;NA;NA;NA;NA;0;NA;NA;NA;NA;NA;NA;NA
2045517;2024;NA;NA;;NA;;NA;NA;NA;5208707;Goiânia;52;GO;1;1;1;1;560.8;610.1;571.3;618.5;0;1;140;60;80;120;0;400
2736509;2024;NA;NA;;NA;;NA;NA;NA;2510808;Patos;25;PB;1;1;1;1;583.6;557.4;541.3;575.7;1;1;100;120;100;100;0;420
4124041;2024;NA;NA;;NA;;NA;NA;NA;3146107;Ouro Preto;31;MG;0;0;0;0;NA;NA;NA;NA;0;NA;NA;NA;NA;NA;NA;NA
1528977;2024;35005009;3550308;São Paulo;35;SP;2;1;1;3550308;São Paulo;35;SP;0;0;0;0;NA;NA;NA;NA;1;NA;NA;NA;NA;NA;NA;NA
2567444;2024;NA;NA;;NA;;NA;NA;NA;3301306;Casimiro de Abreu;33;RJ;0;1;1;0;NA;623.6;595.6;NA;0;1;140;200;180;180;180;880
3126120;2024;NA;NA;;NA;;NA;NA;NA;3513405;Cruzeiro;35;SP;1;0;0;1;476.7;NA;NA;533.2;0;NA;NA;NA;NA;NA;NA;NA
3249234;2024;35920642;3556701;Vinhedo;35;SP;2;1;1;3556701;Vinhedo;35;SP;1;1;1;1;383.5;483.9;498.6;411.8;1;1;140;140;120;160;160;720
2807837;2024;13031007;1302603;Manaus;13;AM;2;1;1;1302603;Manaus;13;AM;1;1;1;1;373.9;525.3;593.9;471.9;0;1;120;160;120;160;120;680
4203340;2024;NA;NA;;NA;;NA;NA;NA;2914406;Iraquara;29;BA;1;1;1;1;389.5;375.2;470.9;439.7;1;1;80;120;80;80;40;400
2390197;2024;35919724;3549904;São José dos Campos;35;SP;2;1;1;3549904;São José dos Campos;35;SP;1;1;1;1;402.4;416.1;562.5;402.6;1;1;120;120;80;140;60;520
2132656;2024;NA;NA;;NA;;NA;NA;NA;4309209;Gravataí;43;RS;1;1;1;1;554.9;668;670.8;647.4;0;1;140;180;180;160;160;820
550795;2024;NA;NA;;NA;;NA;NA;NA;1501402;Belém;15;PA;1;1;1;1;463.5;462.3;437.6;474.5;1;4;0;0;0;0;0;0
4101462;2024;NA;NA;;NA;;NA;NA;NA;3547304;Santana de Parnaíba;35;SP;1;1;1;1;572;604;568;613.5;1;1;140;180;160;140;120;740
4310112;2024;NA;NA;;NA;;NA;NA;NA;2704302;Maceió;27;AL;0;0;0;0;NA;NA;NA;NA;1;NA;NA;NA;NA;NA;NA;NA
2356450;2024;NA;NA;;NA;;NA;NA;NA;4309209;Gravataí;43;RS;1;1;1;1;516.2;612.8;543.7;429.6;0;1;140;120;120;140;120;640
41661;2024;NA;NA;;NA;;NA;NA;NA;2408102;Natal;24;RN;0;0;0;0;NA;NA;NA;NA;1;NA;NA;NA;NA;NA;NA;NA
3116562;2024;NA;NA;;NA;;NA;NA;NA;3301702;Duque de Caxias;33;RJ;1;1;1;1;431;470.6;570;599.4;0;1;160;180;180;160;200;880
1390968;2024;NA;NA;;NA;;NA;NA;NA;2101509;Barão de Grajaú;21;MA;1;1;1;1;571.8;618.6;570.9;694.6;0;1;120;120;100;140;120;600
3522779;2024;35011320;3510500;Caraguatatuba;35;SP;2;1;1;3510500;Caraguatatuba;35;SP;1;1;1;1;630.1;605.6;571.5;614.7;1;1;80;120;100;80;20;400
2942474;2024;NA;NA;;NA;;NA;NA;NA;2503209;Cabedelo;25;PB;1;1;1;1;642.3;611.8;598;781.4;0;1;160;200;180;200;200;940
3082464;2024;NA;NA;;NA;;NA;NA;NA;3502804;Araçatuba;35;SP;1;1;1;1;523.1;598.2;514.5;664.1;0;1;100;140;100;80;100;520
4183552;2024;NA;NA;;NA;;NA;NA;NA;3548708;São Bernardo do Campo;35;SP;0;0;0;0;NA;NA;NA;NA;1;NA;NA;NA;NA;NA;NA;NA
4023189;2024;NA;NA;;NA;;NA;NA;NA;1302603;Manaus;13;AM;0;0;0;0;NA;NA;NA;NA;0;NA;NA;NA;NA;NA;NA;NA
1066085;2024;NA;NA;;NA;;NA;NA;NA;2928109;Santa Maria da Vitória;29;BA;1;1;1;1;366.5;508.3;578.7;390.3;0;1;140;180;120;100;120;660
3126112;2024;29434734;2906709;Cândido Sales;29;BA;2;1;1;2906709;Cândido Sales;29;BA;0;0;0;0;NA;NA;NA;NA;0;NA;NA;NA;NA;NA;NA;NA
4076527;2024;NA;NA;;NA;;NA;NA;NA;3511508;Cerquilho;35;SP;1;1;1;1;450.8;487;431.4;534.1;1;1;120;120;120;100;40;500
2927102;2024;52024610;5211800;Jaraguá;52;GO;2;1;1;5211800;Jaraguá;52;GO;1;1;1;1;452.6;442.9;454.2;517.5;1;1;120;120;100;100;60;500
3917847;2024;NA;NA;;NA;;NA;NA;NA;1721000;Palmas;17;TO;1;1;1;1;565.2;619.1;587.8;681.1;0;1;140;180;140;200;160;820
3833124;2024;NA;NA;;NA;;NA;NA;NA;2611606;Recife;26;PE;1;1;1;1;618.9;659.5;684.2;636.4;0;1;180;200;160;200;200;940
2023872;2024;31307700;3106200;Belo Horizonte;31;MG;2;1;1;3106200;Belo Horizonte;31;MG;1;1;1;1;638.4;675;557.3;728.3;0;1;160;200;180;180;200;920
928387;2024;NA;NA;;NA;;NA;NA;NA;2901007;Amargosa;29;BA;1;0;0;1;481;NA;NA;428.5;1;NA;NA;NA;NA;NA;NA;NA
157802;2024;NA;NA;;NA;;NA;NA;NA;2917508;Jacobina;29;BA;1;1;1;1;503.1;520.6;537.8;468.5;0;1;120;180;120;140;180;740
437083;2024;32075979;3205002;Serra;32;ES;1;1;1;3205309;Vitória;32;ES;1;1;1;1;405.9;522.6;553.2;583.6;0;1;120;180;120;160;160;740
2517554;2024;60024929;4202909;Brusque;42;SC;2;1;1;4202909;Brusque;42;SC;1;1;1;1;572.9;584.1;583.2;606.2;0;1;120;160;140;140;120;680
2563306;2024;35134673;3550308;São Paulo;35;SP;4;1;1;3548807;São Caetano do Sul;35;SP;1;1;1;1;600.1;651.7;640.8;703.6;0;1;120;180;120;120;140;680
2045911;2024;NA;NA;;NA;;NA;NA;NA;3167202;Sete Lagoas;31;MG;1;1;1;1;642.3;685;682.8;806.5;0;1;160;160;140;160;200;820
2515739;2024;NA;NA;;NA;;NA;NA;NA;5201405;Aparecida de Goiânia;52;GO;0;1;1;0;NA;577;535.5;NA;0;1;160;180;120;140;180;780
4125438;2024;41076605;4108304;Foz do Iguaçu;41;PR;2;1;1;4108304;Foz do Iguaçu;41;PR;1;1;1;1;568.4;490.5;559.9;661;0;1;80;80;100;100;100;460
1528441;2024;28032861;2800308;Aracaju;28;SE;4;1;1;2800308;Aracaju;28;SE;1;1;1;1;556.7;565.7;560;595.7;0;1;120;120;120;140;100;600
3642782;2024;15044114;1506351;Santa Bárbara do Pará;15;PA;2;1;1;1501501;Benevides;15;PA;1;1;1;1;404.1;393.5;521.4;378.8;0;1;100;120;120;160;80;580
1234003;2024;31062260;3135209;Januária;31;MG;1;2;1;3135209;Januária;31;MG;1;1;1;1;565.5;408.5;501.2;525.7;0;1;100;200;140;140;120;700
1080405;2024;13031163;1302603;Manaus;13;AM;2;1;1;1302603;Manaus;13;AM;1;1;1;1;368.6;427;374.2;394.2;1;1;80;120;100;100;80;480
3072480;2024;35917588;3546306;Santa Cruz das Palmeiras;35;SP;2;1;1;3539301;Pirassununga;35;SP;0;0;0;0;NA;NA;NA;NA;0;NA;NA;NA;NA;NA;NA;NA
1360636;2024;NA;NA;;NA;;NA;NA;NA;2611606;Recife;26;PE;1;1;1;1;554.5;630;602.3;713.9;0;1;160;200;180;200;180;920
1826139;2024;NA;NA;;NA;;NA;NA;NA;5106224;Nova Mutum;51;MT;0;1;1;0;NA;400;429.6;NA;1;1;80;40;40;80;40;280
1745652;2024;29398673;2919207;Lauro de Freitas;29;BA;2;1;1;2919207;Lauro de Freitas;29;BA;1;1;1;1;468.6;597.7;538.4;479.2;0;1;140;120;120;180;120;680
1239532;2024;21251355;2110104;Santa Quitéria do Maranhão;21;MA;2;1;1;2110609;São Bernardo;21;MA;1;1;1;1;408.6;361.4;362.1;385.4;0;1;80;60;60;60;20;280
3697808;2024;21283893;2106607;Matões;21;MA;2;1;1;2107803;Parnarama;21;MA;1;1;1;1;396;461.9;514.4;420.6;1;1;100;120;100;80;0;400
1294903;2024;NA;NA;;NA;;NA;NA;NA;2611101;Petrolina;26;PE;1;1;1;1;550.3;590.5;625.5;642.6;0;1;120;160;140;120;100;640
2814395;2024;13045938;1303502;Pauini;13;AM;2;1;1;1303502;Pauini;13;AM;1;1;1;1;434.8;487.6;526;462.1;1;1;100;160;80;140;100;580
2920044;2024;NA;NA;;NA;;NA;NA;NA;3548807;São Caetano do Sul;35;SP;0;0;0;0;NA;NA;NA;NA;0;NA;NA;NA;NA;NA;NA;NA
2699433;2024;25126415;2512507;Queimadas;25;PB;2;2;1;2504009;Campina Grande;25;PB;1;1;1;1;495;577.5;468.2;519.5;0;1;100;180;120;160;160;720
1441933;2024;NA;NA;;NA;;NA;NA;NA;1302603;Manaus;13;AM;1;1;1;1;548;579.2;620.9;563.3;0;1;100;140;120;100;180;640
2690151;2024;NA;NA;;NA;;NA;NA;NA;3549805;São José do Rio Preto;35;SP;1;1;1;1;519.3;628.8;574.1;594.9;0;1;120;200;120;120;140;700
2741285;2024;NA;NA;;NA;;NA;NA;NA;1505536;Parauapebas;15;PA;0;0;0;0;NA;NA;NA;NA;0;NA;NA;NA;NA;NA;NA;NA
3210969;2024;23267151;2304400;Fortaleza;23;CE;4;1;1;2304400;Fortaleza;23;CE;1;1;1;1;603.4;645;597.9;655.1;0;1;160;200;160;180;200;900
224391;2024;33054118;3302700;Maricá;33;RJ;4;1;1;3302700;Maricá;33;RJ;1;1;1;1;594.7;577.3;570.5;644.4;0;1;120;160;120;160;160;720
834930;2024;NA;NA;;NA;;NA;NA;NA;2615300;Timbaúba;26;PE;1;1;1;1;480.2;517.4;534.3;574.3;0;1;140;200;160;160;160;820
2597094;2024;NA;NA;;NA;;NA;NA;NA;3518800;Guarulhos;35;SP;1;1;1;1;409.4;532.5;505.7;446.7;1;1;160;160;160;180;120;780
3426459;2024;42152631;4202602;Bom Retiro;42;SC;2;1;1;4209300;Lages;42;SC;0;0;0;0;NA;NA;NA;NA;1;NA;NA;NA;NA;NA;NA;NA
2422166;2024;NA;NA;;NA;;NA;NA;NA;2309458;Ocara;23;CE;0;0;0;0;NA;NA;NA;NA;0;NA;NA;NA;NA;NA;NA;NA
3818985;2024;NA;NA;;NA;;NA;NA;NA;4314902;Porto Alegre;43;RS;0;0;0;0;NA;NA;NA;NA;0;NA;NA;NA;NA;NA;NA;NA
201253;2024;NA;NA;;NA;;NA;NA;NA;2802908;Itabaiana;28;SE;1;1;1;1;660.9;696;626.5;778.2;1;1;160;200;180;200;200;940
2344388;2024;NA;NA;;NA;;NA;NA;NA;5300108;Brasília;53;DF;0;0;0;0;NA;NA;NA;NA;0;NA;NA;NA;NA;NA;NA;NA
1839967;2024;NA;NA;;NA;;NA;NA;NA;1504422;Marituba;15;PA;1;1;1;1;520.4;640.2;631.7;630.6;1;1;120;140;140;120;60;580
1814053;2024;29279810;2933307;Vitória da Conquista;29;BA;2;1;1;2933307;Vitória da Conquista;29;BA;1;1;1;1;430.2;508.4;518.1;413.3;1;1;120;120;80;120;80;520
4280914;2024;NA;NA;;NA;;NA;NA;NA;2702405;Delmiro Gouveia;27;AL;0;0;0;0;NA;NA;NA;NA;0;NA;NA;NA;NA;NA;NA;NA
755286;2024;33043132;3305802;Teresópolis;33;RJ;2;2;1;3305802;Teresópolis;33;RJ;1;1;1;1;458.7;480.6;529.5;700.3;1;1;100;140;100;120;0;460
1599105;2024;15043630;1504422;Marituba;15;PA;2;1;1;1504422;Marituba;15;PA;0;1;1;0;NA;367.2;408.8;NA;1;3;0;0;0;0;0;0
381328;2024;NA;NA;;NA;;NA;NA;NA;2114007;Zé Doca;21;MA;1;1;1;1;549.4;601.9;573;705.3;0;1;140;200;120;140;100;700
3766828;2024;NA;NA;;NA;;NA;NA;NA;3550308;São Paulo;35;SP;1;1;1;1;431.6;498;515.5;530.5;0;1;100;120;100;80;60;460
1318307;2024;NA;NA;;NA;;NA;NA;NA;5300108;Brasília;53;DF;1;1;1;1;443;527.6;489.9;430.5;1;1;120;160;120;120;60;580
3203065;2024;NA;NA;;NA;;NA;NA;NA;5300108;Brasília;53;DF;1;1;1;1;548.9;456.7;476.2;421;0;1;160;160;140;160;120;740
2526328;2024;23276320;2307650;Maracanaú;23;CE;4;1;1;2307650;Maracanaú;23;CE;1;1;1;1;507.2;513.4;532.8;578.1;0;1;160;160;160;200;200;880
4027178;2024;15043320;1501402;Belém;15;PA;2;1;1;1501402;Belém;15;PA;1;1;1;1;459.2;354.1;401.1;454.4;1;1;120;120;100;100;0;440
1713597;2024;NA;NA;;NA;;NA;NA;NA;2408102;Natal;24;RN;1;1;1;1;650.9;661.2;630.9;744.2;0;1;160;200;180;200;180;920
3745369;2024;NA;NA;;NA;;NA;NA;NA;2915601;Itamaraju;29;BA;0;0;0;0;NA;NA;NA;NA;1;NA;NA;NA;NA;NA;NA;NA
2063509;2024;NA;NA;;NA;;NA;NA;NA;2500700;São João do Rio do Peixe;25;PB;1;1;1;1;354.6;461.3;407.4;426;0;1;120;160;140;120;180;720
3470943;2024;13030469;1302603;Manaus;13;AM;2;1;1;1302603;Manaus;13;AM;0;0;0;0;NA;NA;NA;NA;1;NA;NA;NA;NA;NA;NA;NA
1130908;2024;NA;NA;;NA;;NA;NA;NA;3145208;Nova Serrana;31;MG;0;1;1;0;NA;483.5;567.2;NA;0;1;140;160;140;160;180;780
3870159;2024;NA;NA;;NA;;NA;NA;NA;3300407;Barra Mansa;33;RJ;0;0;0;0;NA;NA;NA;NA;1;NA;NA;NA;NA;NA;NA;NA
2568283;2024;NA;NA;;NA;;NA;NA;NA;3105103;Bambuí;31;MG;0;0;0;0;NA;NA;NA;NA;0;NA;NA;NA;NA;NA;NA;NA
3417377;2024;26107082;2600054;Abreu e Lima;26;PE;2;1;1;2600054;Abreu e Lima;26;PE;1;1;1;1;530;512.4;535.7;443.7;0;1;80;120;80;60;80;420
707072;2024;NA;NA;;NA;;NA;NA;NA;2409407;Pau dos Ferros;24;RN;0;2;2;0;NA;NA;NA;NA;0;NA;NA;NA;NA;NA;NA;NA
2857094;2024;31245488;3106200;Belo Horizonte;31;MG;1;1;1;3106200;Belo Horizonte;31;MG;1;1;1;1;604.5;665.9;605.9;707;0;1;160;200;160;160;160;840
2579283;2024;35025896;3526803;Lençóis Paulista;35;SP;2;1;1;3526803;Lençóis Paulista;35;SP;0;0;0;0;NA;NA;NA;NA;0;NA;NA;NA;NA;NA;NA;NA
3848521;2024;NA;NA;;NA;;NA;NA;NA;4104808;Cascavel;41;PR;0;0;0;0;NA;NA;NA;NA;0;NA;NA;NA;NA;NA;NA;NA
400824;2024;NA;NA;;NA;;NA;NA;NA;3303500;Nova Iguaçu;33;RJ;0;0;0;0;NA;NA;NA;NA;1;NA;NA;NA;NA;NA;NA;NA
4243639;2024;NA;NA;;NA;;NA;NA;NA;3524402;Jacareí;35;SP;1;1;1;1;493.8;437.9;459.4;383.2;0;1;100;140;120;100;80;540
4157578;2024;29097665;2910800;Feira de Santana;29;BA;2;1;1;2910800;Feira de Santana;29;BA;0;0;0;0;NA;NA;NA;NA;1;NA;NA;NA;NA;NA;NA;NA
486871;2024;41127650;4106902;Curitiba;41;PR;2;1;1;4106902;Curitiba;41;PR;1;1;1;1;458.4;498.9;527;565.1;1;1;120;120;80;120;80;520
840522;2024;NA;NA;;NA;;NA;NA;NA;2927408;Salvador;29;BA;1;1;1;1;581.1;548.4;574.2;677.5;0;1;140;180;160;160;140;780
829568;2024;NA;NA;;NA;;NA;NA;NA;1500800;Ananindeua;15;PA;0;0;0;0;NA;NA;NA;NA;1;NA;NA;NA;NA;NA;NA;NA
284198;2024;23165278;2307304;Juazeiro do Norte;23;CE;2;1;1;2307304;Juazeiro do Norte;23;CE;1;1;1;1;588.7;600.4;599.5;749.6;0;1;160;200;160;200;180;900
2071002;2024;NA;NA;;NA;;NA;NA;NA;2111102;São João dos Patos;21;MA;1;1;1;1;429.7;473.3;490.6;521.7;1;1;100;180;120;140;160;700
1451686;2024;NA;NA;;NA;;NA;NA;NA;3509502;Campinas;35;SP;1;1;1;1;505.2;593.3;546.7;570.8;1;1;140;140;140;140;200;760
299110;2024;NA;NA;;NA;;NA;NA;NA;3301702;Duque de Caxias;33;RJ;0;1;1;0;NA;483.3;440.1;NA;1;1;160;180;160;180;180;860
2376892;2024;NA;NA;;NA;;NA;NA;NA;2927408;Salvador;29;BA;0;0;0;0;NA;NA;NA;NA;1;NA;NA;NA;NA;NA;NA;NA
3338387;2024;NA;NA;;NA;;NA;NA;NA;4108403;Francisco Beltrão;41;PR;1;1;1;1;525.7;583;550.7;434.8;0;1;120;120;120;200;120;680
1085469;2024;NA;NA;;NA;;NA;NA;NA;2611101;Petrolina;26;PE;0;0;0;0;NA;NA;NA;NA;1;NA;NA;NA;NA;NA;NA;NA
1850865;2024;35140351;3550308;São Paulo;35;SP;4;1;1;3550308;São Paulo;35;SP;1;1;1;1;575.9;566.6;543;690.6;0;1;120;180;120;100;60;580
2736158;2024;NA;NA;;NA;;NA;NA;NA;5201405;Aparecida de Goiânia;52;GO;1;1;1;1;575.2;499.6;466.8;474.7;1;1;120;160;120;120;0;520
329332;2024;NA;NA;;NA;;NA;NA;NA;2105104;Icatu;21;MA;1;1;1;1;483.8;524.2;553.6;382.9;1;1;100;160;120;120;160;660
1346394;2024;NA;NA;;NA;;NA;NA;NA;2403251;Parnamirim;24;RN;0;0;0;0;NA;NA;NA;NA;1;NA;NA;NA;NA;NA;NA;NA
218704;2024;13304224;1302603;Manaus;13;AM;2;1;1;1302603;Manaus;13;AM;0;0;0;0;NA;NA;NA;NA;0;NA;NA;NA;NA;NA;NA;NA
3607528;2024;31338664;3145703;Oliveira Fortes;31;MG;2;1;1;3160702;Santos Dumont;31;MG;1;1;1;1;403.3;428;329;441.9;1;1;120;160;100;120;20;520
722021;2024;NA;NA;;NA;;NA;NA;NA;2112704;Vargem Grande;21;MA;1;1;1;1;399.4;313.3;394.3;414.1;1;1;100;120;80;80;0;380
2069324;2024;NA;NA;;NA;;NA;NA;NA;1506138;Redenção;15;PA;1;1;1;1;469.1;450.8;348;429.4;1;1;120;40;40;80;20;300
2192040;2024;53014308;5300108;Brasília;53;DF;2;1;1;5300108;Brasília;53;DF;1;1;1;1;409.5;548.6;478.5;618.7;0;1;160;200;160;200;120;840
3348470;2024;NA;NA;;NA;;NA;NA;NA;2211209;Uruçuí;22;PI;0;0;0;0;NA;NA;NA;NA;1;NA;NA;NA;NA;NA;NA;NA
4222246;2024;NA;NA;;NA;;NA;NA;NA;3171204;Vespasiano;31;MG;1;1;1;1;437.5;356.8;464.7;395.9;1;1;100;100;80;80;40;400
3187668;2024;NA;NA;;NA;;NA;NA;NA;3303500;Nova Iguaçu;33;RJ;1;1;1;1;457;484.7;559.2;409;0;1;120;180;140;160;160;760
1585091;2024;23118709;2310506;Pedra Branca;23;CE;2;1;1;2310506;Pedra Branca;23;CE;1;1;1;1;395.9;437.6;443.1;452.6;1;1;100;100;100;60;60;420
4099429;2024;NA;NA;;NA;;NA;NA;NA;2924603;Pindobaçu;29;BA;0;0;0;0;NA;NA;NA;NA;1;NA;NA;NA;NA;NA;NA;NA
2465807;2024;12004170;1200302;Feijó;12;AC;2;1;1;1200302;Feijó;12;AC;0;0;0;0;NA;NA;NA;NA;1;NA;NA;NA;NA;NA;NA;NA
2040901;2024;29373280;2910602;Esplanada;29;BA;2;1;1;2910602;Esplanada;29;BA;1;1;1;1;541.4;635.8;589.7;576.6;1;1;140;120;120;140;160;680
198970;2024;23124121;2301109;Aracati;23;CE;2;1;1;2301109;Aracati;23;CE;0;0;0;0;NA;NA;NA;NA;0;NA;NA;NA;NA;NA;NA;NA
676878;2024;35324462;3505708;Barueri;35;SP;3;1;1;3505708;Barueri;35;SP;1;1;1;1;415.9;556.1;553.6;571.9;0;1;140;160;120;180;160;760
1948702;2024;NA;NA;;NA;;NA;NA;NA;2302800;Canindé;23;CE;0;1;1;0;NA;374.3;470.5;NA;0;1;100;120;120;100;120;560
41377;2024;35022998;3505906;Batatais;35;SP;2;1;1;3505906;Batatais;35;SP;1;1;1;1;469.5;541.5;516.6;419.3;1;1;160;160;120;160;120;720
2532844;2024;NA;NA;;NA;;NA;NA;NA;3524808;Jales;35;SP;0;0;0;0;NA;NA;NA;NA;0;NA;NA;NA;NA;NA;NA;NA
1199740;2024;33008442;3301009;Campos dos Goytacazes;33;RJ;2;1;1;3301009;Campos dos Goytacazes;33;RJ;1;1;1;1;385.4;447.6;469.2;411.1;0;1;100;100;100;120;60;480
847169;2024;NA;NA;;NA;;NA;NA;NA;2114007;Zé Doca;21;MA;1;1;1;1;462.2;558.6;587.4;376.4;0;1;120;160;160;160;100;700
1838038;2024;NA;NA;;NA;;NA;NA;NA;2927408;Salvador;29;BA;1;1;1;1;613.4;554.9;558.5;656.8;1;1;160;180;160;180;200;880
856617;2024;33055947;3303302;Niterói;33;RJ;4;1;1;3303302;Niterói;33;RJ;1;1;1;1;648.4;637.1;618.9;682.3;0;1;160;200;160;200;180;900
1571925;2024;NA;NA;;NA;;NA;NA;NA;2303709;Caucaia;23;CE;1;1;1;1;606.9;682.4;652.4;764.2;0;1;160;200;180;180;180;900
1602406;2024;NA;NA;;NA;;NA;NA;NA;2927408;Salvador;29;BA;1;1;1;1;424.7;479.3;544.6;495;0;1;140;200;120;160;160;780
1785527;2024;NA;NA;;NA;;NA;NA;NA;1504422;Marituba;15;PA;1;1;1;1;414.4;407.3;434.9;431.4;1;1;120;160;120;120;40;560
1239244;2024;31184381;3101003;Águas Vermelhas;31;MG;2;1;1;2906709;Cândido Sales;29;BA;1;1;1;1;524.8;492.8;595;579.3;1;1;120;160;160;160;140;740
2766093;2024;23225386;2304400;Fortaleza;23;CE;2;1;1;2304400;Fortaleza;23;CE;0;0;0;0;NA;NA;NA;NA;0;NA;NA;NA;NA;NA;NA;NA
2753992;2024;NA;NA;;NA;;NA;NA;NA;2800308;Aracaju;28;SE;1;1;1;1;506.1;405.7;519.4;575;0;1;100;180;120;140;140;680
437401;2024;NA;NA;;NA;;NA;NA;NA;2207702;Parnaíba;22;PI;0;0;0;0;NA;NA;NA;NA;0;NA;NA;NA;NA;NA;NA;NA
3664497;2024;NA;NA;;NA;;NA;NA;NA;4117602;Palmas;41;PR;1;1;1;1;607;598;658.9;410.2;0;1;100;160;120;80;40;500
4187660;2024;35914666;3537800;Piedade;35;SP;2;2;1;3537800;Piedade;35;SP;0;0;0;0;NA;NA;NA;NA;1;NA;NA;NA;NA;NA;NA;NA
3783213;2024;NA;NA;;NA;;NA;NA;NA;3168705;Timóteo;31;MG;1;1;1;1;608.3;624.6;584.1;732.6;0;1;140;200;140;160;100;740
4303736;2024;NA;NA;;NA;;NA;NA;NA;3303302;Niterói;33;RJ;1;1;1;1;616.5;685.2;629.4;754.3;1;1;160;180;160;200;160;860
689116;2024;NA;NA;;NA;;NA;NA;NA;4314902;Porto Alegre;43;RS;1;1;1;1;483.2;628.4;564.5;545.5;0;1;120;80;100;120;100;520
3045220;2024;35914587;3519709;Ibiúna;35;SP;2;2;1;3513009;Cotia;35;SP;1;1;1;1;499.6;570.2;585.5;471.1;0;1;120;120;80;120;80;520
2585652;2024;NA;NA;;NA;;NA;NA;NA;3138658;Lontra;31;MG;1;1;1;1;362.6;516.4;494.5;422.6;1;1;160;160;120;160;120;720
3550270;2024;NA;NA;;NA;;NA;NA;NA;3143401;Monte Sião;31;MG;0;1;1;0;NA;495.3;537.2;NA;0;1;120;120;120;100;20;480
3499309;2024;NA;NA;;NA;;NA;NA;NA;2408102;Natal;24;RN;1;1;1;1;537.3;330.8;565.7;593.3;0;1;140;120;120;120;100;600
408921;2024;NA;NA;;NA;;NA;NA;NA;3518800;Guarulhos;35;SP;1;1;1;1;589.8;662.1;575.6;629.3;0;1;140;140;140;140;120;680
2888406;2024;NA;NA;;NA;;NA;NA;NA;3163706;São Lourenço;31;MG;1;1;1;1;484.8;359.5;480.1;436.4;0;1;120;140;120;120;100;600
1344258;2024;NA;NA;;NA;;NA;NA;NA;3205002;Serra;32;ES;1;1;1;1;539.1;387.6;538.2;436.8;1;1;100;120;120;120;80;540
1834294;2024;NA;NA;;NA;;NA;NA;NA;4316907;Santa Maria;43;RS;1;1;1;1;520.3;500.6;538.6;489.3;0;1;120;120;100;120;100;560
1905280;2024;29448816;2912707;Ibirapitanga;29;BA;2;2;1;2911204;Gandu;29;BA;1;1;1;1;473.2;436.6;471.3;430.5;1;1;140;140;180;180;200;840
2319640;2024;NA;NA;;NA;;NA;NA;NA;3111200;Campo Belo;31;MG;0;0;0;0;NA;NA;NA;NA;1;NA;NA;NA;NA;NA;NA;NA
192019;2024;NA;NA;;NA;;NA;NA;NA;1505106;Óbidos;15;PA;0;1;1;0;NA;455.7;502.6;NA;1;4;0;0;0;0;0;0
3716086;2024;NA;NA;;NA;;NA;NA;NA;3547809;Santo André;35;SP;1;1;1;1;552.9;614;599.6;572.7;0;1;120;40;40;80;20;300
191642;2024;31010316;3156700;Sabará;31;MG;2;1;1;3156700;Sabará;31;MG;1;1;1;1;448.4;522.5;514.5;384.6;0;1;120;180;140;160;160;760
3243237;2024;41132220;4106902;Curitiba;41;PR;2;1;1;4106902;Curitiba;41;PR;1;1;1;1;400.9;522.2;529.3;440.9;0;1;120;180;120;120;100;640
3785313;2024;NA;NA;;NA;;NA;NA;NA;4316907;Santa Maria;43;RS;1;1;1;1;504.2;592.3;575.4;422.2;0;1;120;160;120;120;140;660
2826813;2024;35020096;3526902;Limeira;35;SP;2;1;1;3526902;Limeira;35;SP;0;0;0;0;NA;NA;NA;NA;0;NA;NA;NA;NA;NA;NA;NA
1994190;2024;29339731;2911709;Guanambi;29;BA;4;1;1;2911709;Guanambi;29;BA;1;1;1;1;511.2;564.3;549.1;595.3;0;1;140;200;200;200;200;940
2087783;2024;NA;NA;;NA;;NA;NA;NA;2605004;Cupira;26;PE;0;0;0;0;NA;NA;NA;NA;1;NA;NA;NA;NA;NA;NA;NA
732064;2024;35014771;3550100;São Manuel;35;SP;2;1;1;3550100;São Manuel;35;SP;1;1;1;1;513.8;516;550;485.4;1;1;100;120;80;120;0;420
3502495;2024;31033553;3126000;Florestal;31;MG;2;1;1;3106200;Belo Horizonte;31;MG;0;0;0;0;NA;NA;NA;NA;0;NA;NA;NA;NA;NA;NA;NA
3082857;2024;NA;NA;;NA;;NA;NA;NA;2408003;Mossoró;24;RN;1;1;1;1;392;485.2;547.9;439.4;1;1;80;120;100;120;120;540
2686894;2024;NA;NA;;NA;;NA;NA;NA;3142908;Monte Azul;31;MG;0;0;0;0;NA;NA;NA;NA;1;NA;NA;NA;NA;NA;NA;NA
2847921;2024;NA;NA;;NA;;NA;NA;NA;3550308;São Paulo;35;SP;1;1;1;1;687.2;678.1;661.2;706.6;0;1;160;200;200;180;200;940
4197411;2024;NA;NA;;NA;;NA;NA;NA;2607653;Itambé;26;PE;0;0;0;0;NA;NA;NA;NA;1;NA;NA;NA;NA;NA;NA;NA
2171538;2024;NA;NA;;NA;;NA;NA;NA;2930154;Serra do Ramalho;29;BA;1;1;1;1;383.5;441.6;430.5;495.6;1;1;140;180;140;140;120;720
3719841;2024;26055082;2604106;Caruaru;26;PE;2;1;1;2604106;Caruaru;26;PE;1;1;1;1;481.3;478.1;477.5;504.9;0;1;140;120;120;200;200;780
2649895;2024;50014420;5004106;Guia Lopes da Laguna;50;MS;2;1;1;5005004;Jardim;50;MS;1;1;1;1;376.4;366.7;384.8;399.7;0;1;80;140;80;160;140;600
2707123;2024;26124190;2611606;Recife;26;PE;2;1;1;2611606;Recife;26;PE;1;1;1;1;410.5;449.5;425.8;425.3;0;1;120;180;120;120;60;600
332569;2024;NA;NA;;NA;;NA;NA;NA;4304804;Carlos Barbosa;43;RS;1;1;1;1;560.2;602.9;561.3;435.5;1;1;120;140;120;140;160;680
2766538;2024;NA;NA;;NA;;NA;NA;NA;4208302;Itapema;42;SC;0;0;0;0;NA;NA;NA;NA;1;NA;NA;NA;NA;NA;NA;NA
3987123;2024;NA;NA;;NA;;NA;NA;NA;3550308;São Paulo;35;SP;1;1;1;1;526.2;504.7;570.8;572.8;0;1;160;180;160;140;140;780
573774;2024;NA;NA;;NA;;NA;NA;NA;1508100;Tucuruí;15;PA;1;1;1;1;423.9;453.5;443.2;410.1;1;1;120;180;120;120;0;540
1672292;2024;NA;NA;;NA;;NA;NA;NA;3143302;Montes Claros;31;MG;0;0;0;0;NA;NA;NA;NA;0;NA;NA;NA;NA;NA;NA;NA
1111231;2024;NA;NA;;NA;;NA;NA;NA;2101202;Bacabal;21;MA;1;1;1;1;534.5;670;563.3;665.3;0;1;160;200;160;200;200;920
444287;2024;NA;NA;;NA;;NA;NA;NA;3301702;Duque de Caxias;33;RJ;1;1;1;1;524.8;610.1;564.1;584.7;0;1;100;120;100;120;80;520
3753707;2024;42020425;4209102;Joinville;42;SC;2;1;1;4209102;Joinville;42;SC;1;1;1;1;441.4;483;586.6;396.2;1;1;80;140;100;120;100;540
1100864;2024;52030962;5201405;Aparecida de Goiânia;52;GO;2;1;1;5201405;Aparecida de Goiânia;52;GO;0;0;0;0;NA;NA;NA;NA;1;NA;NA;NA;NA;NA;NA;NA
3806989;2024;NA;NA;;NA;;NA;NA;NA;5201405;Aparecida de Goiânia;52;GO;1;1;1;1;544.7;541.3;528.9;562.1;0;1;160;180;140;160;160;800
2006094;2024;NA;NA;;NA;;NA;NA;NA;4314902;Porto Alegre;43;RS;0;1;1;0;NA;617.6;574.3;NA;0;1;120;120;120;120;120;600
2688884;2024;NA;NA;;NA;;NA;NA;NA;4321501;Torres;43;RS;1;1;1;1;451;350.2;549.2;466;0;1;120;120;120;120;80;560
3691220;2024;NA;NA;;NA;;NA;NA;NA;3550308;São Paulo;35;SP;0;0;0;0;NA;NA;NA;NA;0;NA;NA;NA;NA;NA;NA;NA
1989594;2024;NA;NA;;NA;;NA;NA;NA;2905008;Caculé;29;BA;0;0;0;0;NA;NA;NA;NA;0;NA;NA;NA;NA;NA;NA;NA
4068160;2024;NA;NA;;NA;;NA;NA;NA;4114609;Marechal Cândido Rondon;41;PR;0;1;1;0;NA;662.2;613.5;NA;0;1;160;180;140;160;180;820
4002112;2024;25127519;2504009;Campina Grande;25;PB;4;1;1;2504009;Campina Grande;25;PB;1;1;1;1;480.8;602.3;575.1;606.6;1;1;160;200;160;160;160;840
883294;2024;51088223;5102504;Cáceres;51;MT;2;1;1;5102504;Cáceres;51;MT;1;1;1;1;607.7;567.1;570.3;613.1;0;1;180;200;200;200;200;980
1239551;2024;NA;NA;;NA;;NA;NA;NA;1500800;Ananindeua;15;PA;1;1;1;1;635.9;642.8;570.5;643.1;1;1;140;180;100;120;120;660
3904215;2024;NA;NA;;NA;;NA;NA;NA;5101803;Barra do Garças;51;MT;0;0;0;0;NA;NA;NA;NA;1;NA;NA;NA;NA;NA;NA;NA
2251570;2024;NA;NA;;NA;;NA;NA;NA;4303103;Cachoeirinha;43;RS;0;1;1;0;NA;307.9;383.4;NA;1;6;0;0;0;0;0;0
4317524;2024;NA;NA;;NA;;NA;NA;NA;4314407;Pelotas;43;RS;1;1;1;1;460.4;569.3;561.4;393.9;0;1;80;80;80;80;0;320
1934824;2024;NA;NA;;NA;;NA;NA;NA;3304557;Rio de Janeiro;33;RJ;1;1;1;1;504;595.1;624.9;547.4;0;1;120;160;100;120;100;600
2960065;2024;NA;NA;;NA;;NA;NA;NA;3106200;Belo Horizonte;31;MG;1;1;1;1;548.4;694;565.6;464.6;0;1;160;200;160;140;140;800
2387305;2024;35026104;3541604;Promissão;35;SP;2;1;1;3541604;Promissão;35;SP;1;1;1;1;601.5;591.3;559.9;547.2;0;1;100;120;120;80;100;520
2354137;2024;NA;NA;;NA;;NA;NA;NA;4106902;Curitiba;41;PR;1;1;1;1;552;556.3;516.3;550.9;0;1;120;160;160;140;160;740
1303853;2024;NA;NA;;NA;;NA;NA;NA;2917607;Jaguaquara;29;BA;0;0;0;0;NA;NA;NA;NA;1;NA;NA;NA;NA;NA;NA;NA
1850403;2024;NA;NA;;NA;;NA;NA;NA;2800308;Aracaju;28;SE;1;1;1;1;491.3;585.6;576.9;659.3;0;1;160;160;140;180;200;840
1445574;2024;26139618;2611606;Recife;26;PE;1;1;1;2607901;Jaboatão dos Guararapes;26;PE;1;1;1;1;538.9;584.3;562.5;590.8;0;1;120;180;140;160;160;760
1320876;2024;35917898;3538709;Piracicaba;35;SP;2;1;1;3538709;Piracicaba;35;SP;0;0;0;0;NA;NA;NA;NA;1;NA;NA;NA;NA;NA;NA;NA
2882388;2024;41023161;4114203;Mandaguari;41;PR;2;1;1;4112108;Jandaia do Sul;41;PR;0;0;0;0;NA;NA;NA;NA;0;NA;NA;NA;NA;NA;NA;NA
4035409;2024;NA;NA;;NA;;NA;NA;NA;2611606;Recife;26;PE;1;1;1;1;364.1;477.9;413.3;451.4;0;1;80;80;80;100;0;340
1730274;2024;NA;NA;;NA;;NA;NA;NA;2307304;Juazeiro do Norte;23;CE;0;2;2;0;NA;NA;NA;NA;1;NA;NA;NA;NA;NA;NA;NA
2089006;2024;NA;NA;;NA;;NA;NA;NA;3136702;Juiz de Fora;31;MG;1;1;1;1;545.5;615.9;644.1;637.9;1;1;120;180;120;120;100;640
587200;2024;NA;NA;;NA;;NA;NA;NA;3201308;Cariacica;32;ES;1;1;1;1;433.6;458;523.3;387.5;0;1;80;120;60;80;20;360
1281251;2024;21021961;2111300;São Luís;21;MA;2;1;1;2111300;São Luís;21;MA;1;1;1;1;525.3;479.8;432.4;462.8;1;1;140;160;160;180;180;820
1180375;2024;26366614;2613008;São Bento do Una;26;PE;2;1;1;2613008;São Bento do Una;26;PE;1;1;1;1;472.6;548.1;507.7;420.2;1;1;140;120;120;120;80;580
3177691;2024;NA;NA;;NA;;NA;NA;NA;2202208;Campo Maior;22;PI;1;1;1;1;446.1;581.4;524.1;470;1;1;80;160;120;120;180;660
2417997;2024;NA;NA;;NA;;NA;NA;NA;3509502;Campinas;35;SP;0;0;0;0;NA;NA;NA;NA;1;NA;NA;NA;NA;NA;NA;NA
272667;2024;35113256;3525904;Jundiaí;35;SP;4;1;1;3525904;Jundiaí;35;SP;1;1;1;1;676.3;664.6;638.1;740.1;0;1;160;200;160;180;200;900
58326;2024;NA;NA;;NA;;NA;NA;NA;2924009;Paulo Afonso;29;BA;1;1;1;1;415.8;536.7;542.6;447.1;0;1;160;180;160;140;100;740
4170408;2024;NA;NA;;NA;;NA;NA;NA;4314902;Porto Alegre;43;RS;1;1;1;1;521.9;639.8;593.8;433.6;0;1;140;120;140;140;160;700
497514;2024;NA;NA;;NA;;NA;NA;NA;3106200;Belo Horizonte;31;MG;0;0;0;0;NA;NA;NA;NA;0;NA;NA;NA;NA;NA;NA;NA
2048508;2024;25114433;2504009;Campina Grande;25;PB;2;1;1;2504009;Campina Grande;25;PB;0;0;0;0;NA;NA;NA;NA;0;NA;NA;NA;NA;NA;NA;NA
2423199;2024;NA;NA;;NA;;NA;NA;NA;3128006;Guanhães;31;MG;1;1;1;1;365.8;413.1;405.3;383.4;1;1;160;160;140;140;120;720
2075514;2024;NA;NA;;NA;;NA;NA;NA;3146107;Ouro Preto;31;MG;1;1;1;1;398.5;474.6;498.6;465.7;1;1;80;100;80;100;0;360
1735983;2024;NA;NA;;NA;;NA;NA;NA;2800308;Aracaju;28;SE;1;1;1;1;496.8;511.6;496.6;405.3;1;1;140;180;200;200;200;920
2764155;2024;NA;NA;;NA;;NA;NA;NA;2111300;São Luís;21;MA;0;0;0;0;NA;NA;NA;NA;1;NA;NA;NA;NA;NA;NA;NA
1845994;2024;31360147;3113404;Caratinga;31;MG;4;1;1;3113404;Caratinga;31;MG;1;1;1;1;595.2;642.4;655.1;708.4;0;1;180;200;180;180;200;940
507292;2024;NA;NA;;NA;;NA;NA;NA;3550308;São Paulo;35;SP;1;1;1;1;529.6;544.7;560.1;498.6;0;1;120;180;120;120;100;640
3526292;2024;NA;NA;;NA;;NA;NA;NA;2108306;Penalva;21;MA;1;1;1;1;562.9;520.8;516;373;1;1;120;140;100;120;120;600
2964321;2024;NA;NA;;NA;;NA;NA;NA;5104807;Jaciara;51;MT;1;1;1;1;414.4;417.2;527;489.7;0;1;140;120;140;120;120;640
2979797;2024;26087910;2604007;Carpina;26;PE;2;1;1;2604007;Carpina;26;PE;0;0;0;0;NA;NA;NA;NA;1;NA;NA;NA;NA;NA;NA;NA
4166944;2024;NA;NA;;NA;;NA;NA;NA;3513009;Cotia;35;SP;0;0;0;0;NA;NA;NA;NA;0;NA;NA;NA;NA;NA;NA;NA
4251873;2024;NA;NA;;NA;;NA;NA;NA;3550308;São Paulo;35;SP;0;0;0;0;NA;NA;NA;NA;1;NA;NA;NA;NA;NA;NA;NA
1483666;2024;35286217;3547809;Santo André;35;SP;2;1;1;3547809;Santo André;35;SP;0;0;0;0;NA;NA;NA;NA;0;NA;NA;NA;NA;NA;NA;NA
4177842;2024;NA;NA;;NA;;NA;NA;NA;2925303;Porto Seguro;29;BA;1;1;1;1;455.6;420.3;432.8;375.9;1;1;120;120;140;100;0;480
528934;2024;35009003;3548708;São Bernardo do Campo;35;SP;2;1;1;3548708;São Bernardo do Campo;35;SP;1;1;1;1;534.3;543.7;546.9;577.4;0;1;100;100;60;100;80;440
1915240;2024;13025767;1302603;Manaus;13;AM;2;1;1;1302603;Manaus;13;AM;0;0;0;0;NA;NA;NA;NA;0;NA;NA;NA;NA;NA;NA;NA
414362;2024;23272104;2306553;Itarema;23;CE;2;1;1;2306553;Itarema;23;CE;1;1;1;1;556.9;501.2;561;548.4;1;1;100;180;160;140;160;740
1439180;2024;NA;NA;;NA;;NA;NA;NA;2906501;Candeias;29;BA;1;1;1;1;379.7;415.9;434.6;407.3;1;1;120;120;40;120;120;520
1644345;2024;41368185;4104808;Cascavel;41;PR;2;1;1;4104808;Cascavel;41;PR;1;1;1;1;358.3;403.6;454.1;485.3;1;1;80;120;60;80;80;420
358716;2024;NA;NA;;NA;;NA;NA;NA;4301602;Bagé;43;RS;0;1;1;0;NA;471.7;514.1;NA;1;1;140;160;120;120;120;660
1719429;2024;50011936;5007109;Ribas do Rio Pardo;50;MS;2;1;1;5007109;Ribas do Rio Pardo;50;MS;1;1;1;1;454.9;430;444.5;396.9;0;1;80;120;80;120;60;460
649278;2024;NA;NA;;NA;;NA;NA;NA;2208403;Piripiri;22;PI;1;1;1;1;574.3;461.3;556.6;471.3;1;1;160;200;140;140;160;800
3804556;2024;NA;NA;;NA;;NA;NA;NA;1501402;Belém;15;PA;1;1;1;1;391.5;518.1;489.1;583.2;0;1;120;140;120;140;0;520
1708377;2024;31062472;3135209;Januária;31;MG;2;1;1;3135209;Januária;31;MG;1;1;1;1;384.2;377.9;502.7;406.7;1;1;120;180;160;120;120;700
2822953;2024;22082336;2208007;Picos;22;PI;2;1;1;2208007;Picos;22;PI;1;1;1;1;393.7;422.9;433.8;396.2;1;1;80;120;100;80;0;380
168664;2024;NA;NA;;NA;;NA;NA;NA;3301009;Campos dos Goytacazes;33;RJ;1;1;1;1;496.4;569;560;552.4;0;1;160;200;180;180;160;880
2508837;2024;15007375;1504802;Monte Alegre;15;PA;2;1;1;1504802;Monte Alegre;15;PA;1;1;1;1;417.7;434.6;379.8;425.4;1;1;100;80;80;120;0;380
1922405;2024;NA;NA;;NA;;NA;NA;NA;3526803;Lençóis Paulista;35;SP;0;0;0;0;NA;NA;NA;NA;0;NA;NA;NA;NA;NA;NA;NA
1905891;2024;NA;NA;;NA;;NA;NA;NA;2409407;Pau dos Ferros;24;RN;0;0;0;0;NA;NA;NA;NA;1;NA;NA;NA;NA;NA;NA;NA
4006026;2024;35440036;3516309;Francisco Morato;35;SP;2;1;1;3516309;Francisco Morato;35;SP;1;1;1;1;515.4;552.9;552;585.9;0;1;140;140;120;140;180;720
2270156;2024;NA;NA;;NA;;NA;NA;NA;3550308;São Paulo;35;SP;1;1;1;1;482.2;517.3;540;449;1;1;120;160;140;120;80;620
4071011;2024;NA;NA;;NA;;NA;NA;NA;3152105;Ponte Nova;31;MG;1;1;1;1;380.5;411.7;462.1;403.4;1;1;120;120;80;120;120;560
489248;2024;15564363;1500800;Ananindeua;15;PA;2;1;1;1500800;Ananindeua;15;PA;1;1;1;1;432.8;335.1;436.5;426;1;1;140;80;60;140;100;520
860261;2024;15101681;1508050;Trairão;15;PA;2;1;1;1503606;Itaituba;15;PA;1;1;1;1;459.1;509.8;528.1;472.8;1;1;160;200;180;200;180;920
2836812;2024;NA;NA;;NA;;NA;NA;NA;3131307;Ipatinga;31;MG;1;1;1;1;603;606.5;587.8;733;0;1;160;180;160;180;200;880
1597482;2024;43039804;4304705;Carazinho;43;RS;2;1;1;4304705;Carazinho;43;RS;1;1;1;1;511.8;572;617.6;584;1;1;120;120;120;120;80;560
4111343;2024;NA;NA;;NA;;NA;NA;NA;3156700;Sabará;31;MG;0;0;0;0;NA;NA;NA;NA;1;NA;NA;NA;NA;NA;NA;NA
3796822;2024;35045573;3552403;Sumaré;35;SP;2;1;1;3552403;Sumaré;35;SP;1;1;1;1;369.9;436.8;502.6;410.7;0;1;120;120;120;120;60;540
1013524;2024;NA;NA;;NA;;NA;NA;NA;2927408;Salvador;29;BA;1;1;1;1;517.5;448.9;527.2;453.8;0;1;80;140;120;100;100;540
761006;2024;25130676;2504009;Campina Grande;25;PB;4;1;1;2504009;Campina Grande;25;PB;1;1;1;1;593.8;613.5;575.1;682.6;0;1;120;180;140;160;200;800
4067614;2024;NA;NA;;NA;;NA;NA;NA;3506003;Bauru;35;SP;1;1;1;1;543.6;500.5;537.9;386.3;0;1;100;120;80;80;60;440
3127637;2024;29387736;2910800;Feira de Santana;29;BA;2;1;1;2910800;Feira de Santana;29;BA;1;1;1;1;450.1;541.7;552.5;475.4;0;4;0;0;0;0;0;0
3423046;2024;35151048;3548708;São Bernardo do Campo;35;SP;4;1;1;3548708;São Bernardo do Campo;35;SP;1;1;1;1;496.7;511;551.9;534.4;0;1;120;180;120;120;140;680
3950847;2024;NA;NA;;NA;;NA;NA;NA;2407005;Luís Gomes;24;RN;1;1;1;1;398.7;337;542.1;497;1;1;160;180;160;180;160;840
1820046;2024;NA;NA;;NA;;NA;NA;NA;2211001;Teresina;22;PI;1;1;1;1;481.1;370.6;426;437.1;0;4;0;0;0;0;0;0
4038260;2024;NA;NA;;NA;;NA;NA;NA;3506003;Bauru;35;SP;1;1;1;1;554.7;502.2;550.2;532.8;0;1;160;180;180;200;200;920
3344766;2024;27008479;2708402;São José da Tapera;27;AL;2;1;1;2708402;São José da Tapera;27;AL;0;0;0;0;NA;NA;NA;NA;0;NA;NA;NA;NA;NA;NA;NA
2607748;2024;NA;NA;;NA;;NA;NA;NA;5208707;Goiânia;52;GO;1;1;1;1;482.3;633.4;598.9;650.1;0;1;140;140;100;140;160;680
528364;2024;29321298;2915304;Itagimirim;29;BA;2;1;1;2910727;Eunápolis;29;BA;1;1;1;1;526.9;464.4;589.2;429.2;0;1;120;140;120;120;140;640
3189173;2024;35925457;3550308;São Paulo;35;SP;2;1;1;3550308;São Paulo;35;SP;1;1;1;1;411.9;410.4;377.7;401.8;1;1;100;120;60;120;0;400
3406875;2024;NA;NA;;NA;;NA;NA;NA;2202901;Corrente;22;PI;1;1;1;1;409;334.9;422.5;525.6;0;1;80;120;60;140;0;400
3205909;2024;NA;NA;;NA;;NA;NA;NA;2408003;Mossoró;24;RN;1;1;1;1;512.1;348;473;406.5;1;1;80;160;100;120;140;600
722004;2024;NA;NA;;NA;;NA;NA;NA;4309209;Gravataí;43;RS;1;1;1;1;480;524.5;566.3;593.8;0;1;120;120;120;160;120;640
270716;2024;NA;NA;;NA;;NA;NA;NA;2907806;Cícero Dantas;29;BA;1;1;1;1;486.6;395.1;478.8;540.3;1;1;140;160;160;140;160;760
591204;2024;26440733;2611606;Recife;26;PE;4;1;1;2611606;Recife;26;PE;1;1;1;1;537;448.5;490.6;487.6;0;1;120;120;120;120;120;600
560557;2024;NA;NA;;NA;;NA;NA;NA;2806701;São Cristóvão;28;SE;1;1;1;1;551.6;645;621.9;612.7;0;1;160;180;160;200;200;900
4145536;2024;NA;NA;;NA;;NA;NA;NA;3549805;São José do Rio Preto;35;SP;0;0;0;0;NA;NA;NA;NA;1;NA;NA;NA;NA;NA;NA;NA
3321854;2024;NA;NA;;NA;;NA;NA;NA;3518800;Guarulhos;35;SP;1;1;1;1;613.3;619.8;565.5;787.7;0;1;160;180;160;180;200;880
1563774;2024;NA;NA;;NA;;NA;NA;NA;4208203;Itajaí;42;SC;1;1;1;1;549.2;546.4;549.8;531.4;0;1;160;160;140;160;200;820
872291;2024;NA;NA;;NA;;NA;NA;NA;2202208;Campo Maior;22;PI;0;0;0;0;NA;NA;NA;NA;0;NA;NA;NA;NA;NA;NA;NA
197019;2024;29230985;2918704;Lafaiete Coutinho;29;BA;2;1;1;2918001;Jequié;29;BA;1;1;1;1;473.2;518.1;531.1;591.4;1;1;120;180;140;140;160;740
112366;2024;NA;NA;;NA;;NA;NA;NA;2403103;Currais Novos;24;RN;1;1;1;1;368.9;431.7;505.7;406.4;1;1;120;180;120;120;140;680
1861230;2024;29411491;2927408;Salvador;29;BA;2;1;1;2927408;Salvador;29;BA;1;1;1;1;387.9;391.7;429.5;538.7;1;1;120;160;120;120;120;640
1725922;2024;50006037;5002704;Campo Grande;50;MS;2;1;1;5002704;Campo Grande;50;MS;1;1;1;1;407.4;421.4;536.3;434.3;0;1;120;200;120;160;160;760
2505504;2024;35017589;3501905;Amparo;35;SP;2;1;1;3501905;Amparo;35;SP;1;1;1;1;545.5;525.5;547.6;494.3;0;1;140;160;120;140;160;720
3326609;2024;NA;NA;;NA;;NA;NA;NA;2114007;Zé Doca;21;MA;1;1;1;1;401.4;484.8;521.6;397.5;1;4;0;0;0;0;0;0
4140427;2024;NA;NA;;NA;;NA;NA;NA;2700300;Arapiraca;27;AL;1;1;1;1;495;572.3;589.7;461.2;0;1;120;160;120;120;100;620
3849537;2024;NA;NA;;NA;;NA;NA;NA;3550308;São Paulo;35;SP;1;1;1;1;606.1;324.8;597.8;680.7;0;1;140;180;180;160;140;800
1935495;2024;NA;NA;;NA;;NA;NA;NA;3157807;Santa Luzia;31;MG;0;0;0;0;NA;NA;NA;NA;0;NA;NA;NA;NA;NA;NA;NA
2756454;2024;33142319;3304706;Santo Antônio de Pádua;33;RJ;2;2;1;3304706;Santo Antônio de Pádua;33;RJ;1;1;1;1;534;476.1;571.5;467.6;1;1;120;120;120;140;140;640
3657934;2024;NA;NA;;NA;;NA;NA;NA;3161106;São Francisco;31;MG;0;0;0;0;NA;NA;NA;NA;1;NA;NA;NA;NA;NA;NA;NA
1696267;2024;NA;NA;;NA;;NA;NA;NA;3127701;Governador Valadares;31;MG;1;1;1;1;462.7;594.2;565.2;518.9;1;1;120;120;120;100;140;600
3017408;2024;NA;NA;;NA;;NA;NA;NA;3106200;Belo Horizonte;31;MG;1;1;1;1;413.4;389.2;404.7;402.5;0;1;80;60;60;80;40;320
3741889;2024;NA;NA;;NA;;NA;NA;NA;5003801;Fátima do Sul;50;MS;0;0;0;0;NA;NA;NA;NA;1;NA;NA;NA;NA;NA;NA;NA
43483;2024;NA;NA;;NA;;NA;NA;NA;2408102;Natal;24;RN;0;0;0;0;NA;NA;NA;NA;1;NA;NA;NA;NA;NA;NA;NA
1840441;2024;26110997;2607901;Jaboatão dos Guararapes;26;PE;2;1;1;2607901;Jaboatão dos Guararapes;26;PE;1;1;1;1;453.1;516.3;510.5;531.6;1;1;160;180;140;160;160;800
2056476;2024;35113852;3538709;Piracicaba;35;SP;4;1;1;3545803;Santa Bárbara d'Oeste;35;SP;1;1;1;1;602.5;548.6;541.3;730.2;0;1;140;180;160;200;160;840
1710807;2024;26017598;2606903;Iguaracy;26;PE;2;2;1;2613602;São José do Egito;26;PE;1;1;1;1;436.4;577.8;561.1;521;1;1;80;180;120;120;160;660
2639219;2024;NA;NA;;NA;;NA;NA;NA;3106705;Betim;31;MG;0;0;0;0;NA;NA;NA;NA;0;NA;NA;NA;NA;NA;NA;NA
4125024;2024;NA;NA;;NA;;NA;NA;NA;1200401;Rio Branco;12;AC;1;1;1;1;565.1;604.7;578;617.1;1;1;80;120;80;100;80;460
1396416;2024;33223203;3304557;Rio de Janeiro;33;RJ;4;1;1;3304557;Rio de Janeiro;33;RJ;1;1;1;1;561.2;663.5;629.4;644.3;0;1;160;200;160;200;200;920
1567429;2024;33152276;3304557;Rio de Janeiro;33;RJ;4;1;1;3304557;Rio de Janeiro;33;RJ;1;1;1;1;566;582.2;599.5;641.7;0;1;120;160;120;160;160;720
556999;2024;NA;NA;;NA;;NA;NA;NA;1504208;Marabá;15;PA;0;0;0;0;NA;NA;NA;NA;1;NA;NA;NA;NA;NA;NA;NA
1437744;2024;NA;NA;;NA;;NA;NA;NA;2111300;São Luís;21;MA;1;1;1;1;380.5;399;403.4;423;1;1;100;120;100;80;40;440
1762316;2024;NA;NA;;NA;;NA;NA;NA;2301604;Assaré;23;CE;1;1;1;1;421.9;450.2;433.4;596.3;0;1;100;120;80;60;40;400
1845813;2024;NA;NA;;NA;;NA;NA;NA;4318705;São Leopoldo;43;RS;0;0;0;0;NA;NA;NA;NA;1;NA;NA;NA;NA;NA;NA;NA
1869997;2024;NA;NA;;NA;;NA;NA;NA;5208707;Goiânia;52;GO;1;1;1;1;382.3;475.2;475.3;420.4;1;1;80;160;100;80;0;420
3623764;2024;53086007;5300108;Brasília;53;DF;4;1;1;5300108;Brasília;53;DF;1;1;1;1;457;407.9;386.9;482;0;1;140;180;120;140;100;680
1910198;2024;NA;NA;;NA;;NA;NA;NA;2111706;São Vicente Ferrer;21;MA;1;1;1;1;397.4;380.4;461.7;410.5;1;1;120;120;60;100;20;420
484233;2024;NA;NA;;NA;;NA;NA;NA;3169356;Três Marias;31;MG;0;0;0;0;NA;NA;NA;NA;1;NA;NA;NA;NA;NA;NA;NA
376124;2024;53016645;5300108;Brasília;53;DF;1;1;1;5300108;Brasília;53;DF;0;0;0;0;NA;NA;NA;NA;1;NA;NA;NA;NA;NA;NA;NA
1417634;2024;NA;NA;;NA;;NA;NA;NA;5103403;Cuiabá;51;MT;1;1;1;1;541.1;612.5;601.4;542.6;1;1;160;140;140;160;180;780
1296167;2024;35462412;3541406;Presidente Prudente;35;SP;2;1;1;3541406;Presidente Prudente;35;SP;0;0;0;0;NA;NA;NA;NA;1;NA;NA;NA;NA;NA;NA;NA
4015512;2024;NA;NA;;NA;;NA;NA;NA;2611606;Recife;26;PE;1;1;1;1;474.9;511.9;507.2;560.7;1;1;140;160;160;160;200;820
809525;2024;33051097;3301850;Guapimirim;33;RJ;2;1;1;3301850;Guapimirim;33;RJ;0;2;2;0;NA;NA;NA;NA;1;NA;NA;NA;NA;NA;NA;NA
997541;2024;29344247;2917508;Jacobina;29;BA;2;1;1;2917508;Jacobina;29;BA;1;1;1;1;456.9;464;530.1;425.1;0;1;140;160;120;160;160;740
2136064;2024;NA;NA;;NA;;NA;NA;NA;4313904;Panambi;43;RS;1;1;1;1;548.9;552.5;551.6;523.6;1;1;120;160;120;120;120;640
291432;2024;NA;NA;;NA;;NA;NA;NA;2800308;Aracaju;28;SE;1;1;1;1;500;501.6;511;430.7;0;1;140;120;80;80;40;460
813219;2024;NA;NA;;NA;;NA;NA;NA;2105005;Humberto de Campos;21;MA;1;1;1;1;424.2;471.6;479.2;505.1;1;1;120;140;100;120;120;600
3329414;2024;NA;NA;;NA;;NA;NA;NA;3151503;Piumhi;31;MG;1;1;1;1;574.2;638.6;576.5;718.4;0;1;160;200;180;160;200;900
1741510;2024;52015807;5208608;Goianésia;52;GO;2;1;1;5208608;Goianésia;52;GO;1;1;1;1;502.8;540.4;561.8;456.3;1;1;120;100;80;80;0;380
2481617;2024;NA;NA;;NA;;NA;NA;NA;2211001;Teresina;22;PI;1;1;1;1;565.8;625.9;644.4;600.8;0;1;160;200;160;160;160;840
1725204;2024;NA;NA;;NA;;NA;NA;NA;2804409;Neópolis;28;SE;1;1;1;1;395.5;435.8;476.1;397.3;1;1;140;160;120;120;100;640
4319534;2024;NA;NA;;NA;;NA;NA;NA;4318705;São Leopoldo;43;RS;0;0;0;0;NA;NA;NA;NA;1;NA;NA;NA;NA;NA;NA;NA
2811266;2024;53013085;5300108;Brasília;53;DF;4;1;1;5300108;Brasília;53;DF;1;1;1;1;657.6;643.1;621.6;741;0;1;160;180;180;160;200;880
3568492;2024;17019176;1716109;Paraíso do Tocantins;17;TO;2;1;1;1716109;Paraíso do Tocantins;17;TO;0;0;0;0;NA;NA;NA;NA;0;NA;NA;NA;NA;NA;NA;NA
1678439;2024;NA;NA;;NA;;NA;NA;NA;2302107;Baturité;23;CE;1;1;1;1;376;411.4;393.7;379.4;1;1;140;120;140;160;100;660
1902560;2024;35914997;3548906;São Carlos;35;SP;2;1;1;3548906;São Carlos;35;SP;1;1;1;1;475.3;315.7;409;404.7;1;1;80;120;80;80;100;460
3041077;2024;15577058;1505304;Oriximiná;15;PA;2;1;1;1505304;Oriximiná;15;PA;1;1;1;1;449.1;339.4;357.7;393.6;0;1;120;40;40;120;20;340
3163103;2024;33178909;3303906;Petrópolis;33;RJ;4;1;1;3303906;Petrópolis;33;RJ;1;1;1;1;530.2;647.1;628.4;652;0;1;160;200;180;160;140;840
1880981;2024;NA;NA;;NA;;NA;NA;NA;2515401;São Vicente do Seridó;25;PB;1;1;1;1;376.4;449.5;433.7;509.7;0;1;160;180;160;160;80;740
2460337;2024;NA;NA;;NA;;NA;NA;NA;3205309;Vitória;32;ES;0;0;0;0;NA;NA;NA;NA;1;NA;NA;NA;NA;NA;NA;NA
683373;2024;41130405;4106902;Curitiba;41;PR;2;1;1;4106902;Curitiba;41;PR;1;1;1;1;630;576.7;580.8;685;0;1;160;180;140;200;200;880
1330233;2024;35810794;3556453;Vargem Grande Paulista;35;SP;4;1;1;3556453;Vargem Grande Paulista;35;SP;1;1;1;1;612.2;543.4;539.6;631.9;1;1;120;140;120;140;40;560
1083723;2024;35100304;3550308;São Paulo;35;SP;4;1;1;3550308;São Paulo;35;SP;1;1;1;1;497.3;513.7;603.9;587;0;1;160;200;160;200;120;840
2668824;2024;29459010;2900801;Alcobaça;29;BA;2;2;1;2931350;Teixeira de Freitas;29;BA;1;1;1;1;495.2;463.5;438.9;466.4;0;1;100;120;100;180;80;580
1753899;2024;NA;NA;;NA;;NA;NA;NA;2925600;Presidente Dutra;29;BA;1;1;1;1;446.7;369.5;400.7;469.8;1;1;100;120;80;120;100;520
3290666;2024;NA;NA;;NA;;NA;NA;NA;3167202;Sete Lagoas;31;MG;0;0;0;0;NA;NA;NA;NA;1;NA;NA;NA;NA;NA;NA;NA
2906351;2024;NA;NA;;NA;;NA;NA;NA;2927408;Salvador;29;BA;0;0;0;0;NA;NA;NA;NA;0;NA;NA;NA;NA;NA;NA;NA
727685;2024;NA;NA;;NA;;NA;NA;NA;1501402;Belém;15;PA;1;1;1;1;425.8;421;417.2;382.5;1;1;100;120;80;120;80;500
3720394;2024;NA;NA;;NA;;NA;NA;NA;2304103;Crateús;23;CE;1;1;1;1;507.2;599.5;530.1;452.7;0;1;120;180;120;140;40;600
1941788;2024;15175383;1504604;Mocajuba;15;PA;2;1;1;1504604;Mocajuba;15;PA;1;1;1;1;389.6;343;456;385.9;1;8;0;0;0;0;0;0
2846481;2024;NA;NA;;NA;;NA;NA;NA;3136702;Juiz de Fora;31;MG;1;1;1;1;605.7;575.8;586.1;729.2;0;1;100;120;120;120;140;600
1508183;2024;NA;NA;;NA;;NA;NA;NA;3549904;São José dos Campos;35;SP;1;1;1;1;533.2;491.6;542.8;616.7;0;1;160;180;160;180;200;880
260383;2024;NA;NA;;NA;;NA;NA;NA;2211001;Teresina;22;PI;0;0;0;0;NA;NA;NA;NA;0;NA;NA;NA;NA;NA;NA;NA
2433729;2024;29142229;2926103;Retirolândia;29;BA;2;1;1;2933000;Valente;29;BA;0;1;1;0;NA;363.6;456.2;NA;1;4;0;0;0;0;0;0
44745;2024;41024680;4115200;Maringá;41;PR;2;1;1;4115200;Maringá;41;PR;0;0;0;0;NA;NA;NA;NA;1;NA;NA;NA;NA;NA;NA;NA
3007597;2024;21081646;2110005;Santa Luzia;21;MA;2;1;1;2110005;Santa Luzia;21;MA;0;0;0;0;NA;NA;NA;NA;1;NA;NA;NA;NA;NA;NA;NA
181700;2024;27045234;2706703;Penedo;27;AL;2;1;1;2706703;Penedo;27;AL;1;1;1;1;374.4;460.1;499.9;504.5;1;1;120;140;120;120;140;640
2087653;2024;NA;NA;;NA;;NA;NA;NA;3205309;Vitória;32;ES;0;0;0;0;NA;NA;NA;NA;0;NA;NA;NA;NA;NA;NA;NA
2065927;2024;NA;NA;;NA;;NA;NA;NA;4301602;Bagé;43;RS;1;1;1;1;555.1;617.6;563.2;653.7;0;1;160;200;180;160;180;880
1937116;2024;25100459;2503001;Caaporã;25;PB;2;1;1;2503001;Caaporã;25;PB;0;0;0;0;NA;NA;NA;NA;1;NA;NA;NA;NA;NA;NA;NA
1338145;2024;NA;NA;;NA;;NA;NA;NA;3106200;Belo Horizonte;31;MG;1;1;1;1;473.6;501.9;556;573;0;1;120;100;100;120;60;500
3898713;2024;NA;NA;;NA;;NA;NA;NA;4314407;Pelotas;43;RS;0;0;0;0;NA;NA;NA;NA;0;NA;NA;NA;NA;NA;NA;NA
4165745;2024;43119956;4316808;Santa Cruz do Sul;43;RS;2;1;1;4316808;Santa Cruz do Sul;43;RS;1;1;1;1;418;578.7;544.5;518.4;0;1;160;140;140;140;100;680
2222512;2024;41163656;4104907;Castro;41;PR;4;1;1;4104907;Castro;41;PR;1;1;1;1;577.6;635.5;613;643.1;0;1;120;200;140;140;140;740
2877123;2024;33110328;3304557;Rio de Janeiro;33;RJ;4;1;1;3304557;Rio de Janeiro;33;RJ;1;1;1;1;549.9;591.1;595.3;666.9;0;1;160;200;180;180;200;920
3699428;2024;NA;NA;;NA;;NA;NA;NA;2202208;Campo Maior;22;PI;1;1;1;1;427.7;403.9;442.9;411.2;0;1;140;120;120;140;120;640
2665644;2024;52010287;5218003;Porangatu;52;GO;2;1;1;5218003;Porangatu;52;GO;1;1;1;1;447.8;408.3;496.6;495.4;1;1;120;120;100;140;40;520
2591650;2024;12009725;1200179;Capixaba;12;AC;2;1;1;1200450;Senador Guiomard;12;AC;1;1;1;1;500.5;530.1;536.5;492.7;1;1;140;120;140;160;140;700
105347;2024;29123143;2931905;Tucano;29;BA;2;2;1;2931905;Tucano;29;BA;1;1;1;1;353.4;432.8;362.5;386.1;1;4;0;0;0;0;0;0
2488588;2024;23085592;2304103;Crateús;23;CE;2;1;1;2304103;Crateús;23;CE;1;1;1;1;491;415.6;537.5;506.2;1;1;140;160;120;160;180;760
3938063;2024;35021696;3543907;Rio Claro;35;SP;2;1;1;3543907;Rio Claro;35;SP;1;1;1;1;574.6;416.9;552.2;575.9;0;1;120;120;120;120;140;620
1541568;2024;29252555;2926400;Riacho de Santana;29;BA;2;1;1;2926400;Riacho de Santana;29;BA;1;1;1;1;506.1;494.1;511.7;460.8;1;1;120;160;140;120;180;720
2536355;2024;29277256;2925105;Poções;29;BA;2;1;1;2925105;Poções;29;BA;1;1;1;1;510.8;570.6;517.9;390.9;0;1;120;120;120;140;140;640
2070754;2024;NA;NA;;NA;;NA;NA;NA;2512903;Rio Tinto;25;PB;1;1;1;1;377.6;568;542.8;453;1;1;140;160;120;120;100;640
3692884;2024;NA;NA;;NA;;NA;NA;NA;3304557;Rio de Janeiro;33;RJ;1;1;1;1;568.5;462.9;587.3;614.2;0;1;100;180;140;160;120;700
404579;2024;NA;NA;;NA;;NA;NA;NA;5300108;Brasília;53;DF;0;0;0;0;NA;NA;NA;NA;0;NA;NA;NA;NA;NA;NA;NA
1066719;2024;NA;NA;;NA;;NA;NA;NA;1501402;Belém;15;PA;1;1;1;1;578;639.2;595.9;468.2;1;1;160;180;160;180;200;880
1777323;2024;35108583;3529401;Mauá;35;SP;4;1;1;3529401;Mauá;35;SP;1;1;1;1;394.3;435.5;485.5;398.3;1;1;120;160;120;120;100;620
2953241;2024;35005997;3518800;Guarulhos;35;SP;2;1;1;3518800;Guarulhos;35;SP;1;1;1;1;425.1;544.1;578.5;652;0;1;120;160;120;120;100;620
1276757;2024;24327328;2401008;Apodi;24;RN;1;1;1;2401008;Apodi;24;RN;1;1;1;1;544.2;576;575.9;644.4;1;1;160;200;160;180;200;900
1023584;2024;NA;NA;;NA;;NA;NA;NA;3303906;Petrópolis;33;RJ;1;1;1;1;423.1;570.8;465.1;432.9;1;1;120;120;120;120;80;560
3041564;2024;NA;NA;;NA;;NA;NA;NA;1504208;Marabá;15;PA;0;0;0;0;NA;NA;NA;NA;1;NA;NA;NA;NA;NA;NA;NA
669666;2024;21104832;2105906;Lago Verde;21;MA;2;1;1;2101202;Bacabal;21;MA;1;1;1;1;456.8;479.9;434.4;430.5;0;1;140;160;140;120;120;680
3646188;2024;31305120;3105608;Barbacena;31;MG;4;1;1;3118304;Conselheiro Lafaiete;31;MG;0;0;0;0;NA;NA;NA;NA;1;NA;NA;NA;NA;NA;NA;NA
593792;2024;15175413;1506500;Santa Izabel do Pará;15;PA;2;1;1;1506500;Santa Izabel do Pará;15;PA;1;1;1;1;421.3;441;462.4;412.6;0;1;160;160;120;120;160;720
258264;2024;15039641;1501402;Belém;15;PA;2;1;1;1501402;Belém;15;PA;1;1;1;1;456.1;450.6;483.4;450.1;1;1;120;160;180;180;180;820
346834;2024;NA;NA;;NA;;NA;NA;NA;3516200;Franca;35;SP;1;1;1;1;587.2;599.9;600.7;592.3;0;1;120;160;120;160;160;720
3769157;2024;NA;NA;;NA;;NA;NA;NA;2606408;Gravatá;26;PE;1;1;1;1;483.4;594;556.3;606.7;0;1;120;120;120;140;140;640
1823893;2024;NA;NA;;NA;;NA;NA;NA;3109006;Brumadinho;31;MG;1;1;1;1;436.3;438.5;381.7;392.6;1;1;120;180;120;120;120;660
4087399;2024;NA;NA;;NA;;NA;NA;NA;2924009;Paulo Afonso;29;BA;1;1;1;1;535.8;513.6;589.7;654.1;0;1;120;200;140;160;140;760
2668320;2024;41156781;4127700;Toledo;41;PR;4;1;1;4127700;Toledo;41;PR;1;1;1;1;594.4;588.3;589.2;680.2;0;1;120;140;120;140;140;660
1501812;2024;NA;NA;;NA;;NA;NA;NA;5002704;Campo Grande;50;MS;1;1;1;1;565.3;524.6;524.5;500.1;0;1;100;100;100;120;20;440
1846304;2024;NA;NA;;NA;;NA;NA;NA;2408102;Natal;24;RN;1;1;1;1;541;623.6;620.9;515.5;1;1;140;120;120;100;140;620
3880042;2024;NA;NA;;NA;;NA;NA;NA;3301009;Campos dos Goytacazes;33;RJ;1;1;1;1;608;452.5;520.5;599.6;0;1;140;120;120;120;120;620
3623452;2024;NA;NA;;NA;;NA;NA;NA;2105302;Imperatriz;21;MA;0;0;0;0;NA;NA;NA;NA;1;NA;NA;NA;NA;NA;NA;NA
3977506;2024;NA;NA;;NA;;NA;NA;NA;4309209;Gravataí;43;RS;0;0;0;0;NA;NA;NA;NA;1;NA;NA;NA;NA;NA;NA;NA
263416;2024;NA;NA;;NA;;NA;NA;NA;2507507;João Pessoa;25;PB;0;1;1;0;NA;658.8;635.9;NA;0;1;160;200;160;160;180;860
205148;2024;23071591;2304400;Fortaleza;23;CE;2;1;1;2304400;Fortaleza;23;CE;1;1;1;1;393.4;491.7;435.6;400.6;0;1;140;160;120;140;120;680
625390;2024;33028729;3305505;Saquarema;33;RJ;2;1;1;3305505;Saquarema;33;RJ;1;1;1;1;426.1;464.2;569.5;451.5;0;1;100;120;80;100;80;480
1389950;2024;15059260;1508035;Tracuateua;15;PA;2;1;1;1501709;Bragança;15;PA;1;1;1;1;376.9;400.9;490.5;428.4;1;1;80;160;80;80;160;560
1745727;2024;NA;NA;;NA;;NA;NA;NA;2924009;Paulo Afonso;29;BA;1;1;1;1;399.1;434.8;496.6;416.7;0;1;100;140;100;80;80;500
2271329;2024;NA;NA;;NA;;NA;NA;NA;3201407;Castelo;32;ES;1;1;1;1;501.2;517.9;501.7;612.4;0;1;140;180;140;160;140;760
641165;2024;35019483;3556503;Várzea Paulista;35;SP;2;1;1;3556503;Várzea Paulista;35;SP;1;1;1;1;547.8;567.8;624.3;664.1;0;1;120;140;120;100;180;660
4217199;2024;NA;NA;;NA;;NA;NA;NA;1702109;Araguaína;17;TO;1;1;1;1;447.2;465.6;464.2;501.6;1;1;120;120;100;100;40;480
3778896;2024;NA;NA;;NA;;NA;NA;NA;3163706;São Lourenço;31;MG;1;1;1;1;527.2;433.9;517.4;596;0;1;120;120;120;120;120;600
881879;2024;NA;NA;;NA;;NA;NA;NA;4305207;Cerro Largo;43;RS;0;0;0;0;NA;NA;NA;NA;1;NA;NA;NA;NA;NA;NA;NA
273340;2024;33077100;3304557;Rio de Janeiro;33;RJ;2;1;1;3304557;Rio de Janeiro;33;RJ;1;1;1;1;535.2;456.5;555.8;489.9;0;1;80;140;120;100;80;520
3118533;2024;NA;NA;;NA;;NA;NA;NA;1600303;Macapá;16;AP;1;1;1;1;501.7;559.5;499.5;429.6;1;1;120;120;140;100;140;620
2088845;2024;24061778;2404200;Goianinha;24;RN;2;1;1;2404200;Goianinha;24;RN;1;1;1;1;379.2;533.8;433.9;532.9;1;6;0;0;0;0;0;0
1800024;2024;NA;NA;;NA;;NA;NA;NA;5300108;Brasília;53;DF;0;0;0;0;NA;NA;NA;NA;1;NA;NA;NA;NA;NA;NA;NA
3181872;2024;NA;NA;;NA;;NA;NA;NA;2408003;Mossoró;24;RN;1;1;1;1;537.8;606.8;598.1;532.3;1;1;160;200;180;200;200;940
4099193;2024;53012941;5300108;Brasília;53;DF;4;1;1;5300108;Brasília;53;DF;1;1;1;1;603.5;580.9;530.6;575.8;0;1;160;160;140;140;140;740
289706;2024;23066709;2304400;Fortaleza;23;CE;1;1;1;2304400;Fortaleza;23;CE;1;1;1;1;507.5;489;563.5;497.8;1;1;120;80;100;140;0;440
2179985;2024;NA;NA;;NA;;NA;NA;NA;3503208;Araraquara;35;SP;1;1;1;1;548.1;441.2;477.1;515.4;0;1;120;140;100;140;140;640
218255;2024;42081432;4218004;Tijucas;42;SC;2;1;1;4218004;Tijucas;42;SC;0;0;0;0;NA;NA;NA;NA;0;NA;NA;NA;NA;NA;NA;NA
2574807;2024;NA;NA;;NA;;NA;NA;NA;3304904;São Gonçalo;33;RJ;1;1;1;1;405.7;489.1;595.8;394.9;0;1;120;120;120;160;120;640
3115345;2024;NA;NA;;NA;;NA;NA;NA;2800670;Boquim;28;SE;1;1;1;1;419.2;347.7;485.8;455.6;1;1;80;120;80;80;20;380
1306531;2024;NA;NA;;NA;;NA;NA;NA;3106200;Belo Horizonte;31;MG;1;1;1;1;607;650.5;599.8;724.8;0;1;160;180;140;200;180;860
4099981;2024;NA;NA;;NA;;NA;NA;NA;1302603;Manaus;13;AM;0;0;0;0;NA;NA;NA;NA;0;NA;NA;NA;NA;NA;NA;NA
4034865;2024;NA;NA;;NA;;NA;NA;NA;2304004;Coreaú;23;CE;0;0;0;0;NA;NA;NA;NA;1;NA;NA;NA;NA;NA;NA;NA
3407276;2024;NA;NA;;NA;;NA;NA;NA;2612208;Salgueiro;26;PE;1;1;1;1;412.8;376.4;401.9;469.6;1;1;120;160;120;100;80;580
928999;2024;35448285;3505708;Barueri;35;SP;2;1;1;3522505;Itapevi;35;SP;1;1;1;1;452.3;591;567.1;515.9;0;1;160;160;160;180;180;840
4192571;2024;NA;NA;;NA;;NA;NA;NA;4317103;Sant'Ana do Livramento;43;RS;1;1;1;1;516.4;572.1;557.3;536.7;1;1;120;120;120;120;80;560
2086691;2024;25117700;2502508;Boqueirão;25;PB;2;1;1;2502508;Boqueirão;25;PB;1;1;1;1;394.2;322.6;349.4;420.8;0;1;100;120;80;60;0;360
748003;2024;NA;NA;;NA;;NA;NA;NA;2602605;Brejo da Madre de Deus;26;PE;1;1;1;1;634.9;637.6;600.4;700.6;0;1;180;180;180;200;180;920
2756757;2024;NA;NA;;NA;;NA;NA;NA;2611101;Petrolina;26;PE;1;1;1;1;430.5;532.5;426.3;390;1;1;100;120;80;100;40;440
1805630;2024;NA;NA;;NA;;NA;NA;NA;2604106;Caruaru;26;PE;1;1;1;1;493.7;541.8;483.9;519.7;1;1;160;180;160;160;120;780
1055730;2024;NA;NA;;NA;;NA;NA;NA;3147907;Passos;31;MG;1;1;1;1;466.3;497.9;514.5;448.8;0;1;100;120;120;120;100;560
2824776;2024;29061628;2911303;Gentio do Ouro;29;BA;2;1;1;2933604;Xique-Xique;29;BA;1;1;1;1;423;345.2;414.3;430.8;1;8;0;0;0;0;0;0
3952091;2024;NA;NA;;NA;;NA;NA;NA;3170206;Uberlândia;31;MG;1;1;1;1;489.9;552.5;516.1;455.9;0;1;120;160;100;120;20;520
3665891;2024;35015416;3522406;Itapeva;35;SP;2;1;1;3522406;Itapeva;35;SP;1;1;1;1;445.3;429.5;402.2;406.7;1;1;100;120;60;100;40;420
1390170;2024;NA;NA;;NA;;NA;NA;NA;1302603;Manaus;13;AM;1;1;1;1;484.9;486.2;499.4;518;0;1;120;180;160;160;140;760
3700484;2024;NA;NA;;NA;;NA;NA;NA;1500800;Ananindeua;15;PA;0;0;0;0;NA;NA;NA;NA;1;NA;NA;NA;NA;NA;NA;NA
3349950;2024;NA;NA;;NA;;NA;NA;NA;1501709;Bragança;15;PA;0;0;0;0;NA;NA;NA;NA;0;NA;NA;NA;NA;NA;NA;NA
3779573;2024;NA;NA;;NA;;NA;NA;NA;5300108;Brasília;53;DF;0;0;0;0;NA;NA;NA;NA;0;NA;NA;NA;NA;NA;NA;NA
2486054;2024;NA;NA;;NA;;NA;NA;NA;2907202;Casa Nova;29;BA;0;0;0;0;NA;NA;NA;NA;1;NA;NA;NA;NA;NA;NA;NA
3833044;2024;NA;NA;;NA;;NA;NA;NA;2801207;Canindé de São Francisco;28;SE;0;0;0;0;NA;NA;NA;NA;1;NA;NA;NA;NA;NA;NA;NA
1091356;2024;NA;NA;;NA;;NA;NA;NA;2304400;Fortaleza;23;CE;1;1;1;1;382;418.7;352.8;391;1;1;40;120;80;60;0;300
1467537;2024;24009334;2400208;Açu;24;RN;2;1;1;2400208;Açu;24;RN;1;1;1;1;383.5;410.9;427.8;383.4;0;1;120;140;120;120;100;600
2264985;2024;NA;NA;;NA;;NA;NA;NA;2304400;Fortaleza;23;CE;1;1;1;1;584.6;568;602.7;734.9;1;1;160;200;140;180;200;880
650381;2024;35010480;3522505;Itapevi;35;SP;2;1;1;3522505;Itapevi;35;SP;1;1;1;1;411.7;511;544.4;551.3;0;1;120;140;120;120;60;560
3495245;2024;31019046;3102209;Alvarenga;31;MG;2;1;1;3123700;Engenheiro Caldas;31;MG;0;0;0;0;NA;NA;NA;NA;0;NA;NA;NA;NA;NA;NA;NA
2369295;2024;NA;NA;;NA;;NA;NA;NA;2611606;Recife;26;PE;0;0;0;0;NA;NA;NA;NA;1;NA;NA;NA;NA;NA;NA;NA
4177596;2024;NA;NA;;NA;;NA;NA;NA;2910800;Feira de Santana;29;BA;0;1;1;0;NA;618.6;588.3;NA;1;1;160;200;160;200;200;920
191634;2024;31273091;3133006;Itamonte;31;MG;4;1;1;3163706;São Lourenço;31;MG;1;1;1;1;439;417.3;447.8;485.9;1;1;160;160;120;140;200;780
3873422;2024;NA;NA;;NA;;NA;NA;NA;3513801;Diadema;35;SP;0;1;1;0;NA;360.6;598.3;NA;1;1;160;160;160;200;200;880
2333201;2024;35008774;3548500;Santos;35;SP;4;1;1;3548500;Santos;35;SP;1;1;1;1;453.8;449.9;477.5;473.4;0;1;80;120;120;100;80;500
2404963;2024;NA;NA;;NA;;NA;NA;NA;3138203;Lavras;31;MG;1;1;1;1;560.9;621.1;568.8;662.3;0;1;120;120;120;120;120;600
3142434;2024;32043686;3202405;Guarapari;32;ES;2;1;1;3202405;Guarapari;32;ES;1;1;1;1;494.9;378.4;477.1;400;1;4;0;0;0;0;0;0
3381219;2024;NA;NA;;NA;;NA;NA;NA;4101408;Apucarana;41;PR;1;1;1;1;691.4;691.4;647.6;725.3;0;1;160;180;140;180;160;820
3549843;2024;41361989;4106902;Curitiba;41;PR;2;1;1;4106902;Curitiba;41;PR;1;1;1;1;430.4;469;550.5;455.4;1;1;100;120;80;100;100;500
1160013;2024;NA;NA;;NA;;NA;NA;NA;1302603;Manaus;13;AM;1;1;1;1;382.3;544.2;514.8;473.2;0;1;140;120;120;120;80;580
3717520;2024;NA;NA;;NA;;NA;NA;NA;1304062;Tabatinga;13;AM;0;1;1;0;NA;368.4;345.6;NA;1;1;100;100;60;120;40;420
4262754;2024;35022937;3516200;Franca;35;SP;2;1;1;3516200;Franca;35;SP;1;1;1;1;422.4;427.6;527.1;464.6;1;1;120;120;120;140;120;620
1546759;2024;23011661;2312304;São Benedito;23;CE;2;2;1;2312304;São Benedito;23;CE;1;1;1;1;518.5;559.9;557.1;515.7;1;1;140;180;160;160;200;840
1650823;2024;27044866;2703205;Igreja Nova;27;AL;2;1;1;2706703;Penedo;27;AL;1;1;1;1;501.8;372.3;438.2;405.3;1;1;80;120;80;100;80;460
165659;2024;NA;NA;;NA;;NA;NA;NA;1502301;Capitão Poço;15;PA;1;1;1;1;372.7;603.6;581.3;522.1;1;1;120;160;120;160;120;680
1482152;2024;32063512;3205200;Vila Velha;32;ES;4;1;1;3205200;Vila Velha;32;ES;1;1;1;1;582.1;678.2;627.7;580.5;0;1;180;200;160;200;200;940
1998346;2024;15105016;1508357;Vitória do Xingu;15;PA;2;1;1;1500602;Altamira;15;PA;0;1;1;0;NA;403.1;518.8;NA;1;4;0;0;0;0;0;0
1241102;2024;NA;NA;;NA;;NA;NA;NA;4106902;Curitiba;41;PR;0;0;0;0;NA;NA;NA;NA;0;NA;NA;NA;NA;NA;NA;NA
3422690;2024;32059906;3202801;Itapemirim;32;ES;2;1;1;3202801;Itapemirim;32;ES;0;0;0;0;NA;NA;NA;NA;1;NA;NA;NA;NA;NA;NA;NA
2718739;2024;NA;NA;;NA;;NA;NA;NA;5107602;Rondonópolis;51;MT;1;1;1;1;536.2;583.3;579.4;725.4;0;1;160;200;160;200;200;920
1487713;2024;NA;NA;;NA;;NA;NA;NA;1302603;Manaus;13;AM;1;1;1;1;490.8;499.2;508.1;405.3;0;1;120;120;120;120;20;500
3803168;2024;41027051;4101507;Arapongas;41;PR;4;1;1;4101507;Arapongas;41;PR;1;1;1;1;487.4;423.7;509.9;442.7;1;1;100;120;120;120;80;540
3353137;2024;NA;NA;;NA;;NA;NA;NA;2930501;Serrinha;29;BA;1;1;1;1;444;448.4;502.3;422.9;1;6;0;0;0;0;0;0
3448795;2024;NA;NA;;NA;;NA;NA;NA;2504009;Campina Grande;25;PB;1;1;1;1;475.3;410.5;470.6;403.2;1;1;120;120;120;120;160;640
2291037;2024;35500012;3509502;Campinas;35;SP;1;1;1;3509502;Campinas;35;SP;1;1;1;1;575.8;669.1;625.4;701;0;1;160;200;160;180;180;880
2804145;2024;NA;NA;;NA;;NA;NA;NA;3504107;Atibaia;35;SP;1;1;1;1;522.7;629;593.1;524.7;1;1;160;180;140;140;120;740
2330855;2024;NA;NA;;NA;;NA;NA;NA;2507507;João Pessoa;25;PB;1;1;1;1;549.4;604.3;546.7;542.1;1;1;160;180;160;180;180;860
992871;2024;NA;NA;;NA;;NA;NA;NA;3550308;São Paulo;35;SP;1;1;1;1;515.5;523.2;519.5;577.6;0;1;140;180;140;160;160;780
152613;2024;32040067;3205309;Vitória;32;ES;2;1;1;3205309;Vitória;32;ES;1;1;1;1;394.3;501.2;532.8;384.8;1;1;140;180;160;160;200;840
2344728;2024;35114327;3506102;Bebedouro;35;SP;4;1;1;3506102;Bebedouro;35;SP;1;1;1;1;461.6;558.5;527.2;462;1;1;140;180;140;180;180;820
2523328;2024;NA;NA;;NA;;NA;NA;NA;1200401;Rio Branco;12;AC;1;1;1;1;494.3;431.1;501.6;525;1;1;160;200;140;180;160;840
2403784;2024;NA;NA;;NA;;NA;NA;NA;3550308;São Paulo;35;SP;1;1;1;1;416.8;352.5;372.8;483.2;0;6;0;0;0;0;0;0
1418853;2024;NA;NA;;NA;;NA;NA;NA;2304400;Fortaleza;23;CE;0;0;0;0;NA;NA;NA;NA;1;NA;NA;NA;NA;NA;NA;NA
2031885;2024;13084402;1302603;Manaus;13;AM;2;1;1;1302603;Manaus;13;AM;1;1;1;1;501.9;413.7;529.5;429.7;0;1;120;120;120;140;80;580
484823;2024;NA;NA;;NA;;NA;NA;NA;3304557;Rio de Janeiro;33;RJ;1;1;1;1;439.8;576.5;583.3;386.3;0;1;120;160;100;160;140;680
1161797;2024;NA;NA;;NA;;NA;NA;NA;3304904;São Gonçalo;33;RJ;0;0;0;0;NA;NA;NA;NA;0;NA;NA;NA;NA;NA;NA;NA
4215061;2024;NA;NA;;NA;;NA;NA;NA;3550308;São Paulo;35;SP;1;1;1;1;481.4;498.9;459.1;441.4;1;1;80;100;80;100;60;420
558730;2024;NA;NA;;NA;;NA;NA;NA;2408003;Mossoró;24;RN;1;1;1;1;378.7;481.7;567.7;397.9;1;1;140;140;120;140;160;700
536404;2024;27014959;2706307;Palmeira dos Índios;27;AL;2;1;1;2706307;Palmeira dos Índios;27;AL;1;1;1;1;407.3;445.1;450.2;482.1;1;1;80;120;100;100;100;500
2682849;2024;35498646;3550308;São Paulo;35;SP;4;1;1;3513801;Diadema;35;SP;1;1;1;1;582.9;531;565.7;638.9;0;1;140;140;120;120;120;640
2743696;2024;41415248;4101804;Araucária;41;PR;2;1;1;4101804;Araucária;41;PR;1;1;1;1;385.4;465.8;500.5;398.4;0;4;0;0;0;0;0;0
1227196;2024;NA;NA;;NA;;NA;NA;NA;1500107;Abaetetuba;15;PA;1;1;1;1;355;455;495.8;511.2;0;1;120;140;120;120;100;600
359646;2024;NA;NA;;NA;;NA;NA;NA;4316907;Santa Maria;43;RS;0;0;0;0;NA;NA;NA;NA;1;NA;NA;NA;NA;NA;NA;NA
2249107;2024;12020249;1200203;Cruzeiro do Sul;12;AC;2;1;1;1200203;Cruzeiro do Sul;12;AC;1;1;1;1;470.5;471.9;569.2;441.5;1;1;120;120;120;100;120;580
96258;2024;NA;NA;;NA;;NA;NA;NA;4309308;Guaíba;43;RS;0;0;0;0;NA;NA;NA;NA;1;NA;NA;NA;NA;NA;NA;NA
2279534;2024;NA;NA;;NA;;NA;NA;NA;1505536;Parauapebas;15;PA;1;1;1;1;558;584.7;534;686.1;0;1;160;200;160;180;180;880
3386738;2024;33166935;3304557;Rio de Janeiro;33;RJ;4;1;1;3304557;Rio de Janeiro;33;RJ;1;1;1;1;520.9;572.4;582.8;689.5;0;1;120;200;140;120;60;640
718558;2024;35028502;3540804;Potirendaba;35;SP;2;1;1;3549805;São José do Rio Preto;35;SP;1;1;1;1;408.3;508.6;536.4;647.1;0;1;120;120;100;100;0;440
1199019;2024;NA;NA;;NA;;NA;NA;NA;1721000;Palmas;17;TO;1;1;1;1;501.8;501.7;528.7;494.2;0;1;160;160;200;200;160;880
2034786;2024;29273790;2920403;Manoel Vitorino;29;BA;2;1;1;2918001;Jequié;29;BA;1;1;1;1;526.3;622;529.3;705.7;0;1;160;200;180;180;180;900
1980688;2024;NA;NA;;NA;;NA;NA;NA;2603454;Camaragibe;26;PE;1;1;1;1;411.3;435.6;488.5;450.7;1;1;120;140;120;120;120;620
2621062;2024;NA;NA;;NA;;NA;NA;NA;2304400;Fortaleza;23;CE;1;1;1;1;650.9;667.4;642.6;902.7;1;1;160;200;200;200;180;940
361018;2024;NA;NA;;NA;;NA;NA;NA;2105104;Icatu;21;MA;0;0;0;0;NA;NA;NA;NA;1;NA;NA;NA;NA;NA;NA;NA
3591676;2024;NA;NA;;NA;;NA;NA;NA;3548708;São Bernardo do Campo;35;SP;1;1;1;1;576;571.9;549.4;726.5;0;1;120;140;120;140;120;640
4099296;2024;41027809;4112108;Jandaia do Sul;41;PR;2;1;1;4112108;Jandaia do Sul;41;PR;0;0;0;0;NA;NA;NA;NA;1;NA;NA;NA;NA;NA;NA;NA
3937852;2024;11000350;1100205;Porto Velho;11;RO;4;1;1;1100205;Porto Velho;11;RO;0;0;0;0;NA;NA;NA;NA;0;NA;NA;NA;NA;NA;NA;NA
1483266;2024;NA;NA;;NA;;NA;NA;NA;5213806;Morrinhos;52;GO;1;1;1;1;494.8;456.1;537.8;511.8;0;1;120;180;120;120;180;720
3139618;2024;NA;NA;;NA;;NA;NA;NA;4315602;Rio Grande;43;RS;0;0;0;0;NA;NA;NA;NA;1;NA;NA;NA;NA;NA;NA;NA
1662106;2024;25122908;2503506;Cacimba de Dentro;25;PB;2;1;1;2503506;Cacimba de Dentro;25;PB;1;1;1;1;457.4;362.6;494.5;493.3;1;1;100;200;100;100;100;600
2824567;2024;NA;NA;;NA;;NA;NA;NA;2106805;Mirinzal;21;MA;1;1;1;1;391.4;408.8;382.7;396.8;0;1;80;40;40;80;40;280
4032196;2024;NA;NA;;NA;;NA;NA;NA;4314902;Porto Alegre;43;RS;0;0;0;0;NA;NA;NA;NA;0;NA;NA;NA;NA;NA;NA;NA
672229;2024;NA;NA;;NA;;NA;NA;NA;2932903;Valença;29;BA;1;1;1;1;598.7;384.8;527.6;419.1;1;1;140;40;120;160;140;600
2002538;2024;NA;NA;;NA;;NA;NA;NA;2922409;Mutuípe;29;BA;1;1;1;1;522.6;513.4;551.1;412.9;1;1;120;140;120;120;140;640
1218961;2024;21167141;2106706;Mirador;21;MA;2;1;1;2103505;Colinas;21;MA;1;1;1;1;467.9;413.3;431.7;418.3;0;1;100;120;100;100;0;420
3640822;2024;NA;NA;;NA;;NA;NA;NA;3118601;Contagem;31;MG;1;1;1;1;640.2;632.8;614.3;720.8;0;1;120;160;120;180;140;720
129979;2024;42003814;4216602;São José;42;SC;2;1;1;4216602;São José;42;SC;1;1;1;1;492.2;520.2;613.8;631;1;1;160;180;160;200;200;900
4081387;2024;NA;NA;;NA;;NA;NA;NA;1506195;Rurópolis;15;PA;0;0;0;0;NA;NA;NA;NA;0;NA;NA;NA;NA;NA;NA;NA
241309;2024;NA;NA;;NA;;NA;NA;NA;3304557;Rio de Janeiro;33;RJ;0;0;0;0;NA;NA;NA;NA;0;NA;NA;NA;NA;NA;NA;NA
4080547;2024;28012542;2805802;Riachão do Dantas;28;SE;2;1;1;2803500;Lagarto;28;SE;0;0;0;0;NA;NA;NA;NA;1;NA;NA;NA;NA;NA;NA;NA
4055728;2024;NA;NA;;NA;;NA;NA;NA;1501402;Belém;15;PA;0;0;0;0;NA;NA;NA;NA;1;NA;NA;NA;NA;NA;NA;NA
3067849;2024;NA;NA;;NA;;NA;NA;NA;2211001;Teresina;22;PI;1;1;1;1;492.3;591.7;570.1;421.9;0;1;180;200;200;180;180;940
2599713;2024;NA;NA;;NA;;NA;NA;NA;5300108;Brasília;53;DF;1;1;1;1;610.3;676.8;606.2;743.5;0;1;120;180;180;140;160;780
2071230;2024;NA;NA;;NA;;NA;NA;NA;3304557;Rio de Janeiro;33;RJ;0;1;1;0;NA;564.5;611.7;NA;1;1;120;180;140;140;200;780
2800985;2024;29470706;2913606;Ilhéus;29;BA;4;1;1;2913606;Ilhéus;29;BA;1;1;1;1;392.9;493.5;398.1;393.7;0;1;120;160;120;120;120;640
1705584;2024;NA;NA;;NA;;NA;NA;NA;2304103;Crateús;23;CE;0;0;0;0;NA;NA;NA;NA;1;NA;NA;NA;NA;NA;NA;NA
3943560;2024;NA;NA;;NA;;NA;NA;NA;3303708;Paraíba do Sul;33;RJ;1;1;1;1;442.4;519.4;536.9;448.4;0;1;120;120;80;120;120;560
532235;2024;NA;NA;;NA;;NA;NA;NA;2208007;Picos;22;PI;0;0;0;0;NA;NA;NA;NA;0;NA;NA;NA;NA;NA;NA;NA
3008541;2024;43061796;4307906;Farroupilha;43;RS;2;1;1;4307906;Farroupilha;43;RS;1;1;1;1;396.1;366.9;397.4;401.8;0;1;140;120;80;80;20;440
62754;2024;24059331;2408102;Natal;24;RN;2;1;1;2408102;Natal;24;RN;1;1;1;1;447.9;507.9;565.8;552.8;1;1;160;200;160;160;140;820
1724591;2024;NA;NA;;NA;;NA;NA;NA;1501709;Bragança;15;PA;1;1;1;1;589.4;634.4;615.7;749.7;1;1;160;160;160;200;200;880
764157;2024;NA;NA;;NA;;NA;NA;NA;1505536;Parauapebas;15;PA;0;1;1;0;NA;326.6;368.3;NA;1;1;100;80;60;80;0;320
788723;2024;NA;NA;;NA;;NA;NA;NA;4109401;Guarapuava;41;PR;1;1;1;1;686.2;675.4;638.7;745.4;0;1;160;180;160;180;200;880
3192202;2024;33006679;3303005;Miracema;33;RJ;2;1;1;3303005;Miracema;33;RJ;1;1;1;1;640.3;677.6;676.5;859.8;1;1;140;180;160;200;200;880
451316;2024;NA;NA;;NA;;NA;NA;NA;2402006;Caicó;24;RN;0;0;0;0;NA;NA;NA;NA;1;NA;NA;NA;NA;NA;NA;NA
3890029;2024;NA;NA;;NA;;NA;NA;NA;4314407;Pelotas;43;RS;0;1;1;0;NA;366.3;494.2;NA;1;1;100;120;120;120;100;560
4287443;2024;NA;NA;;NA;;NA;NA;NA;2408102;Natal;24;RN;1;1;1;1;489.9;544.3;500.7;554.6;0;1;160;200;160;180;140;840
1391949;2024;42002672;4206009;Governador Celso Ramos;42;SC;2;1;1;4202305;Biguaçu;42;SC;0;0;0;0;NA;NA;NA;NA;1;NA;NA;NA;NA;NA;NA;NA
3872772;2024;NA;NA;;NA;;NA;NA;NA;5300108;Brasília;53;DF;0;1;1;0;NA;537.6;500;NA;0;1;80;120;100;120;80;500
1859349;2024;NA;NA;;NA;;NA;NA;NA;2919157;Lapão;29;BA;1;1;1;1;505.7;405.1;421.6;480.2;0;1;140;180;120;140;160;740
1539228;2024;NA;NA;;NA;;NA;NA;NA;2611804;Ribeirão;26;PE;0;1;1;0;NA;454.5;487.3;NA;0;1;160;180;120;120;80;660
132232;2024;23165430;2307304;Juazeiro do Norte;23;CE;2;1;1;2301901;Barbalha;23;CE;1;1;1;1;443.3;356.6;456.1;573.9;0;1;100;140;80;80;60;460
821707;2024;26181231;2611606;Recife;26;PE;4;1;1;2611606;Recife;26;PE;1;1;1;1;595;686.5;672.8;778.6;0;1;180;200;180;200;200;960
2770346;2024;29432537;2928604;Santo Amaro;29;BA;2;2;1;2908507;Conceição do Jacuípe;29;BA;0;0;0;0;NA;NA;NA;NA;1;NA;NA;NA;NA;NA;NA;NA
4046256;2024;NA;NA;;NA;;NA;NA;NA;3504107;Atibaia;35;SP;1;1;1;1;526.1;523.9;526.9;587.5;0;1;120;120;100;120;140;600
341466;2024;41159357;4115200;Maringá;41;PR;4;1;1;4115200;Maringá;41;PR;1;1;1;1;439.7;536.1;559.5;497.8;0;1;140;200;140;160;160;800
3323915;2024;26122510;2611606;Recife;26;PE;2;1;1;2611606;Recife;26;PE;1;1;1;1;422.7;378.5;388.4;484.9;1;4;0;0;0;0;0;0
1603020;2024;NA;NA;;NA;;NA;NA;NA;4106902;Curitiba;41;PR;1;1;1;1;665.4;628;603.2;709.6;0;1;140;200;140;200;160;840
3397110;2024;21171726;2108009;Pastos Bons;21;MA;2;1;1;2111102;São João dos Patos;21;MA;0;0;0;0;NA;NA;NA;NA;1;NA;NA;NA;NA;NA;NA;NA
767554;2024;NA;NA;;NA;;NA;NA;NA;4321501;Torres;43;RS;0;0;0;0;NA;NA;NA;NA;1;NA;NA;NA;NA;NA;NA;NA
1123712;2024;NA;NA;;NA;;NA;NA;NA;2918357;João Dourado;29;BA;1;1;1;1;499.7;412.5;539;491.9;1;1;120;180;140;140;140;720
1644657;2024;NA;NA;;NA;;NA;NA;NA;1200302;Feijó;12;AC;1;1;1;1;402.6;492.3;499.4;597.8;1;1;120;160;80;80;40;480
449007;2024;NA;NA;;NA;;NA;NA;NA;1501402;Belém;15;PA;1;1;1;1;635.7;677.3;644.6;724.2;1;1;160;200;180;200;200;940
1329666;2024;NA;NA;;NA;;NA;NA;NA;4304630;Capão da Canoa;43;RS;0;0;0;0;NA;NA;NA;NA;1;NA;NA;NA;NA;NA;NA;NA
3132688;2024;NA;NA;;NA;;NA;NA;NA;3201308;Cariacica;32;ES;1;1;1;1;506.4;477.8;534.6;593.6;0;1;160;200;180;200;180;920
1890107;2024;32017391;3204054;Pedro Canário;32;ES;2;1;1;3204054;Pedro Canário;32;ES;1;1;1;1;648.6;668;627.2;751.7;0;1;160;200;200;200;200;960
2909387;2024;NA;NA;;NA;;NA;NA;NA;2801306;Capela;28;SE;1;1;1;1;463.6;428;451.1;555.6;1;1;140;120;140;180;200;780
3395634;2024;35921397;3513801;Diadema;35;SP;2;1;1;3548708;São Bernardo do Campo;35;SP;0;0;0;0;NA;NA;NA;NA;1;NA;NA;NA;NA;NA;NA;NA
3225032;2024;35033406;3516705;Garça;35;SP;2;1;1;3516705;Garça;35;SP;0;0;0;0;NA;NA;NA;NA;1;NA;NA;NA;NA;NA;NA;NA
3321076;2024;NA;NA;;NA;;NA;NA;NA;3304557;Rio de Janeiro;33;RJ;1;1;1;1;557.6;602.8;515.8;638.5;0;1;120;180;100;140;100;640
1955581;2024;NA;NA;;NA;;NA;NA;NA;4205407;Florianópolis;42;SC;1;1;1;1;592.7;578.1;590.5;566.6;0;1;160;160;120;160;160;760
1075611;2024;NA;NA;;NA;;NA;NA;NA;2312908;Sobral;23;CE;1;1;1;1;550;624.8;561.1;586.3;0;1;140;200;180;200;200;920
2345500;2024;NA;NA;;NA;;NA;NA;NA;4311403;Lajeado;43;RS;0;0;0;0;NA;NA;NA;NA;1;NA;NA;NA;NA;NA;NA;NA
969866;2024;24072028;2402600;Ceará-Mirim;24;RN;2;1;1;2402600;Ceará-Mirim;24;RN;0;1;1;0;NA;367;386.4;NA;1;1;80;100;100;120;40;440
2741854;2024;33046751;3300456;Belford Roxo;33;RJ;2;1;1;3300456;Belford Roxo;33;RJ;1;1;1;1;499;521.5;473.9;432.8;1;1;100;120;100;100;140;560
2455568;2024;NA;NA;;NA;;NA;NA;NA;2506301;Guarabira;25;PB;0;0;0;0;NA;NA;NA;NA;1;NA;NA;NA;NA;NA;NA;NA
3135431;2024;15035867;1501303;Barcarena;15;PA;2;1;1;1501303;Barcarena;15;PA;1;1;1;1;489.9;296.5;393;529.2;1;1;120;120;80;80;0;400
2216002;2024;NA;NA;;NA;;NA;NA;NA;2211001;Teresina;22;PI;1;1;1;1;577.8;538.7;531.5;684;0;1;160;200;160;200;160;880
1124242;2024;NA;NA;;NA;;NA;NA;NA;2111201;São José de Ribamar;21;MA;1;1;1;1;443.2;490;451.3;418.6;1;1;120;140;100;100;0;460
4201657;2024;24025305;2404507;Guamaré;24;RN;2;2;1;2407203;Macau;24;RN;1;1;1;1;580.2;489.1;522.6;461.7;1;1;120;140;120;120;100;600
2260763;2024;NA;NA;;NA;;NA;NA;NA;2307304;Juazeiro do Norte;23;CE;0;0;0;0;NA;NA;NA;NA;1;NA;NA;NA;NA;NA;NA;NA
2244750;2024;NA;NA;;NA;;NA;NA;NA;1600303;Macapá;16;AP;1;1;1;1;570.2;622;543.6;524.8;1;1;120;180;140;120;140;700
1305380;2024;NA;NA;;NA;;NA;NA;NA;1302603;Manaus;13;AM;1;1;1;1;453.3;378.5;433.7;492.2;1;1;80;160;120;120;120;600
72749;2024;NA;NA;;NA;;NA;NA;NA;2611606;Recife;26;PE;1;1;1;1;508.2;358.6;522;441.1;0;1;160;180;160;140;120;760
1050195;2024;NA;NA;;NA;;NA;NA;NA;2302404;Boa Viagem;23;CE;0;0;0;0;NA;NA;NA;NA;0;NA;NA;NA;NA;NA;NA;NA
137521;2024;25094050;2507507;João Pessoa;25;PB;2;1;1;2507507;João Pessoa;25;PB;1;1;1;1;548.9;588.2;564.6;445.8;0;1;100;140;120;140;180;680
2351023;2024;41066545;4117909;Palotina;41;PR;4;1;1;4117909;Palotina;41;PR;1;1;1;1;671.7;681.5;676.8;760.3;0;1;140;200;180;180;180;880
1622055;2024;NA;NA;;NA;;NA;NA;NA;2928802;Santo Estêvão;29;BA;0;0;0;0;NA;NA;NA;NA;1;NA;NA;NA;NA;NA;NA;NA
434900;2024;60024668;4203600;Campos Novos;42;SC;2;2;1;4203600;Campos Novos;42;SC;1;1;1;1;491.3;454.3;462.1;453.5;1;1;140;160;120;140;60;620
2304694;2024;31010618;3157807;Santa Luzia;31;MG;2;1;1;3157807;Santa Luzia;31;MG;1;1;1;1;550.3;506.6;536.9;518.2;0;1;120;120;120;140;140;640
3108743;2024;35108923;3548708;São Bernardo do Campo;35;SP;4;1;1;3548708;São Bernardo do Campo;35;SP;1;1;1;1;577.4;646.9;650.5;750.9;0;1;160;200;160;200;200;920
2833618;2024;NA;NA;;NA;;NA;NA;NA;1501402;Belém;15;PA;1;1;1;1;476.9;358;434.8;438.3;1;1;160;200;200;200;200;960
1987735;2024;NA;NA;;NA;;NA;NA;NA;2111300;São Luís;21;MA;1;1;1;1;451.8;496.6;519.6;441;0;1;80;120;80;80;40;400
2041558;2024;NA;NA;;NA;;NA;NA;NA;3529005;Marília;35;SP;1;1;1;1;424.7;352.8;537.2;532.4;0;1;160;160;160;200;200;880
205559;2024;NA;NA;;NA;;NA;NA;NA;3204906;São Mateus;32;ES;1;1;1;1;492.9;420.4;376.7;436.7;1;1;80;120;60;100;0;360
4044093;2024;NA;NA;;NA;;NA;NA;NA;5300108;Brasília;53;DF;1;1;1;1;394.9;528.5;434.8;397.3;0;1;140;120;120;100;0;480
890729;2024;NA;NA;;NA;;NA;NA;NA;2408102;Natal;24;RN;0;0;0;0;NA;NA;NA;NA;0;NA;NA;NA;NA;NA;NA;NA
1901260;2024;35165347;3550308;São Paulo;35;SP;4;1;1;3550308;São Paulo;35;SP;1;1;1;1;597.2;661.6;596.4;663.3;0;1;160;200;160;180;200;900
4061975;2024;NA;NA;;NA;;NA;NA;NA;3138203;Lavras;31;MG;0;0;0;0;NA;NA;NA;NA;1;NA;NA;NA;NA;NA;NA;NA
612087;2024;NA;NA;;NA;;NA;NA;NA;2928604;Santo Amaro;29;BA;0;0;0;0;NA;NA;NA;NA;0;NA;NA;NA;NA;NA;NA;NA
2747385;2024;29015413;2928208;Santana;29;BA;2;1;1;2928208;Santana;29;BA;1;1;1;1;365.7;377.2;468.6;473.5;0;4;0;0;0;0;0;0
2042606;2024;21148759;2103307;Codó;21;MA;2;1;1;2103307;Codó;21;MA;1;1;1;1;404.9;479.6;466.7;423.4;1;1;120;120;120;160;120;640
1346506;2024;NA;NA;;NA;;NA;NA;NA;2408102;Natal;24;RN;0;0;0;0;NA;NA;NA;NA;0;NA;NA;NA;NA;NA;NA;NA
4029274;2024;NA;NA;;NA;;NA;NA;NA;1506500;Santa Izabel do Pará;15;PA;0;0;0;0;NA;NA;NA;NA;0;NA;NA;NA;NA;NA;NA;NA
400617;2024;21281661;2108207;Pedreiras;21;MA;1;1;1;2108207;Pedreiras;21;MA;1;1;1;1;572;534.7;540.7;531.3;0;1;160;180;180;180;180;880
1062777;2024;43093086;4313409;Novo Hamburgo;43;RS;2;1;1;4313409;Novo Hamburgo;43;RS;0;0;0;0;NA;NA;NA;NA;0;NA;NA;NA;NA;NA;NA;NA
2633480;2024;31015032;3105608;Barbacena;31;MG;2;1;1;3105608;Barbacena;31;MG;1;1;1;1;458.8;508.6;581.4;465.8;0;1;160;200;180;160;160;860
3689255;2024;NA;NA;;NA;;NA;NA;NA;3545803;Santa Bárbara d'Oeste;35;SP;1;1;1;1;474.9;442.5;506.6;449.7;0;6;0;0;0;0;0;0
3049345;2024;NA;NA;;NA;;NA;NA;NA;5103403;Cuiabá;51;MT;1;1;1;1;471;407.8;503.1;413.8;1;1;100;140;80;120;120;560
3119164;2024;NA;NA;;NA;;NA;NA;NA;2111300;São Luís;21;MA;1;1;1;1;462.6;395.1;482.8;384;1;1;120;120;80;120;0;440
3061615;2024;31106178;3131901;Itabirito;31;MG;2;1;1;3131901;Itabirito;31;MG;1;1;1;1;460.2;366.3;489.3;437.1;1;1;80;120;120;100;80;500
1339968;2024;27043690;2708600;São Miguel dos Campos;27;AL;2;1;1;2708600;São Miguel dos Campos;27;AL;0;0;0;0;NA;NA;NA;NA;1;NA;NA;NA;NA;NA;NA;NA
982221;2024;43100058;4314407;Pelotas;43;RS;1;1;1;4314407;Pelotas;43;RS;1;1;1;1;571.3;529.2;582.4;578.5;0;1;140;120;120;100;40;520
2019543;2024;NA;NA;;NA;;NA;NA;NA;3550308;São Paulo;35;SP;1;1;1;1;440.8;522.4;489.2;398.3;1;6;0;0;0;0;0;0
297979;2024;NA;NA;;NA;;NA;NA;NA;4313508;Osório;43;RS;1;1;1;1;421.8;417.6;498.6;511.7;1;1;120;120;120;120;100;580
3377284;2024;NA;NA;;NA;;NA;NA;NA;4201406;Araranguá;42;SC;1;1;1;1;434.2;481.6;535.2;598.7;0;1;140;200;160;140;160;800
4033243;2024;NA;NA;;NA;;NA;NA;NA;3509700;Campos do Jordão;35;SP;0;0;0;0;NA;NA;NA;NA;0;NA;NA;NA;NA;NA;NA;NA
504513;2024;NA;NA;;NA;;NA;NA;NA;3304557;Rio de Janeiro;33;RJ;1;1;1;1;570.5;586.7;582.9;605.9;0;1;160;200;160;200;160;880
731205;2024;35920241;3505708;Barueri;35;SP;2;1;1;3505708;Barueri;35;SP;1;1;1;1;523.8;540;544.3;524.5;1;1;120;100;80;80;120;500
888099;2024;NA;NA;;NA;;NA;NA;NA;2909000;Cordeiros;29;BA;0;0;0;0;NA;NA;NA;NA;0;NA;NA;NA;NA;NA;NA;NA
2983094;2024;NA;NA;;NA;;NA;NA;NA;2309706;Pacatuba;23;CE;0;0;0;0;NA;NA;NA;NA;0;NA;NA;NA;NA;NA;NA;NA
138715;2024;NA;NA;;NA;;NA;NA;NA;3550308;São Paulo;35;SP;1;1;1;1;569.9;647.8;577.6;546.5;0;1;160;200;160;180;180;880
4278811;2024;NA;NA;;NA;;NA;NA;NA;4118402;Paranavaí;41;PR;0;0;0;0;NA;NA;NA;NA;0;NA;NA;NA;NA;NA;NA;NA
4170509;2024;33106630;3304557;Rio de Janeiro;33;RJ;2;1;1;3304557;Rio de Janeiro;33;RJ;1;1;1;1;515.9;525.4;504.7;479.2;0;1;120;200;120;140;0;580
120667;2024;NA;NA;;NA;;NA;NA;NA;2909802;Cruz das Almas;29;BA;1;1;1;1;376.3;416.5;492.2;374.2;1;1;120;120;100;120;120;580
2532756;2024;NA;NA;;NA;;NA;NA;NA;4309209;Gravataí;43;RS;0;0;0;0;NA;NA;NA;NA;0;NA;NA;NA;NA;NA;NA;NA
2884485;2024;NA;NA;;NA;;NA;NA;NA;3304557;Rio de Janeiro;33;RJ;1;1;1;1;596.9;586;504.6;436.9;0;1;140;200;160;180;120;800
3901682;2024;NA;NA;;NA;;NA;NA;NA;2800308;Aracaju;28;SE;1;1;1;1;468.5;530.6;428.6;512.7;0;1;100;140;120;120;120;600
3351735;2024;NA;NA;;NA;;NA;NA;NA;3530607;Mogi das Cruzes;35;SP;1;1;1;1;529.8;453.6;542.2;504.2;1;4;0;0;0;0;0;0
1964780;2024;NA;NA;;NA;;NA;NA;NA;3124104;Esmeraldas;31;MG;1;1;1;1;584.8;578.6;534.1;632.4;1;6;0;0;0;0;0;0
2942709;2024;33033811;3306305;Volta Redonda;33;RJ;4;1;1;3306305;Volta Redonda;33;RJ;1;1;1;1;511.4;555.6;553;555.7;0;1;80;180;80;100;80;520
1868592;2024;NA;NA;;NA;;NA;NA;NA;4205407;Florianópolis;42;SC;1;1;1;1;524.9;587.8;574.7;675.3;0;1;140;200;140;160;160;800
3531541;2024;35128200;3513009;Cotia;35;SP;4;1;1;3556453;Vargem Grande Paulista;35;SP;1;1;1;1;398.2;454.7;550.6;522;0;1;140;200;160;160;120;780
1842104;2024;NA;NA;;NA;;NA;NA;NA;2700300;Arapiraca;27;AL;1;1;1;1;533;553;532.5;416.3;1;1;120;160;120;120;120;640
2376966;2024;NA;NA;;NA;;NA;NA;NA;1200401;Rio Branco;12;AC;0;0;0;0;NA;NA;NA;NA;1;NA;NA;NA;NA;NA;NA;NA
4101157;2024;15212602;1505502;Paragominas;15;PA;2;1;1;1505502;Paragominas;15;PA;1;1;1;1;444.7;378.6;439;400.2;1;1;60;120;100;40;80;400
1937221;2024;NA;NA;;NA;;NA;NA;NA;3201308;Cariacica;32;ES;0;0;0;0;NA;NA;NA;NA;0;NA;NA;NA;NA;NA;NA;NA
3002253;2024;11001305;1100205;Porto Velho;11;RO;2;1;1;1100205;Porto Velho;11;RO;1;1;1;1;452;484;488;494.3;1;1;120;200;120;120;120;680
2332766;2024;NA;NA;;NA;;NA;NA;NA;2800308;Aracaju;28;SE;0;0;0;0;NA;NA;NA;NA;0;NA;NA;NA;NA;NA;NA;NA
768034;2024;NA;NA;;NA;;NA;NA;NA;2800308;Aracaju;28;SE;1;1;1;1;466.4;482.7;567;479.2;1;1;160;140;160;200;200;860
3679659;2024;NA;NA;;NA;;NA;NA;NA;3205309;Vitória;32;ES;1;1;1;1;464.9;437.9;506.3;507.3;0;1;80;160;100;120;100;560
1867025;2024;26113392;2609600;Olinda;26;PE;2;1;1;2609600;Olinda;26;PE;1;1;1;1;519.7;488.4;542.9;702.1;1;1;140;200;160;160;140;800
2992856;2024;NA;NA;;NA;;NA;NA;NA;3547809;Santo André;35;SP;1;1;1;1;563.4;568.1;564.7;630.7;0;1;100;100;100;120;80;500
3021972;2024;NA;NA;;NA;;NA;NA;NA;3145208;Nova Serrana;31;MG;0;0;0;0;NA;NA;NA;NA;0;NA;NA;NA;NA;NA;NA;NA
2007186;2024;51039869;5103403;Cuiabá;51;MT;2;1;1;5103403;Cuiabá;51;MT;1;1;1;1;414.1;469.9;498.9;471.6;1;1;80;160;80;100;100;520
4174695;2024;NA;NA;;NA;;NA;NA;NA;2100055;Açailândia;21;MA;0;1;1;0;NA;469.4;317.1;NA;1;6;0;0;0;0;0;0
783090;2024;26021870;2613909;Serra Talhada;26;PE;4;1;1;2613909;Serra Talhada;26;PE;1;1;1;1;455;508.2;472.5;526;0;1;140;200;160;160;160;820
3358592;2024;33046573;3300456;Belford Roxo;33;RJ;2;1;1;3300456;Belford Roxo;33;RJ;0;0;0;0;NA;NA;NA;NA;0;NA;NA;NA;NA;NA;NA;NA
3580711;2024;NA;NA;;NA;;NA;NA;NA;3304557;Rio de Janeiro;33;RJ;0;0;0;0;NA;NA;NA;NA;0;NA;NA;NA;NA;NA;NA;NA
3466880;2024;NA;NA;;NA;;NA;NA;NA;1301902;Itacoatiara;13;AM;1;1;1;1;370.1;492;450;437.6;1;1;100;120;60;100;80;460
3708610;2024;NA;NA;;NA;;NA;NA;NA;3106200;Belo Horizonte;31;MG;1;1;1;1;490;573.9;605.9;556.6;1;1;140;160;140;160;160;760
1143984;2024;35579798;3550308;São Paulo;35;SP;2;1;1;3550308;São Paulo;35;SP;1;1;1;1;472.8;387;542.2;424.1;1;1;140;200;120;120;100;680
814094;2024;33093466;3305109;São João de Meriti;33;RJ;2;1;1;3305109;São João de Meriti;33;RJ;1;1;1;1;405.8;521.4;530;492.1;1;1;120;120;120;120;60;540
3665065;2024;26167158;2610004;Palmares;26;PE;2;1;1;2610004;Palmares;26;PE;0;0;0;0;NA;NA;NA;NA;0;NA;NA;NA;NA;NA;NA;NA
3745680;2024;NA;NA;;NA;;NA;NA;NA;4104808;Cascavel;41;PR;1;1;1;1;419.3;532;536.4;543.4;1;1;140;120;120;140;120;640
1173355;2024;NA;NA;;NA;;NA;NA;NA;2927408;Salvador;29;BA;0;0;0;0;NA;NA;NA;NA;0;NA;NA;NA;NA;NA;NA;NA
4024674;2024;NA;NA;;NA;;NA;NA;NA;4205407;Florianópolis;42;SC;1;1;1;1;576.7;563.3;572;593.1;0;1;120;180;120;120;160;700
3936136;2024;NA;NA;;NA;;NA;NA;NA;2931350;Teixeira de Freitas;29;BA;0;0;0;0;NA;NA;NA;NA;1;NA;NA;NA;NA;NA;NA;NA
3583991;2024;NA;NA;;NA;;NA;NA;NA;3515707;Ferraz de Vasconcelos;35;SP;0;0;0;0;NA;NA;NA;NA;1;NA;NA;NA;NA;NA;NA;NA
4202623;2024;NA;NA;;NA;;NA;NA;NA;3550308;São Paulo;35;SP;0;1;1;0;NA;488.3;532.7;NA;0;1;120;120;100;80;0;420
1006776;2024;26113635;2609600;Olinda;26;PE;2;1;1;2609600;Olinda;26;PE;1;1;1;1;398.6;479.6;484.1;423.6;1;1;100;120;80;120;20;440
3897569;2024;NA;NA;;NA;;NA;NA;NA;2307304;Juazeiro do Norte;23;CE;1;1;1;1;545.5;466.2;539.2;596.1;1;1;140;180;140;160;140;760
1073096;2024;NA;NA;;NA;;NA;NA;NA;2507507;João Pessoa;25;PB;1;1;1;1;687.5;643.4;658.9;807.9;0;1;180;200;160;200;200;940
2048841;2024;22095500;2207777;Patos do Piauí;22;PI;2;1;1;2207801;Paulistana;22;PI;1;1;1;1;358.2;295.3;386.5;416.5;1;3;0;0;0;0;0;0
1230961;2024;NA;NA;;NA;;NA;NA;NA;3530607;Mogi das Cruzes;35;SP;1;1;1;1;634.3;675.7;617.5;775.4;0;1;160;200;180;160;200;900
1595080;2024;41140516;4118204;Paranaguá;41;PR;2;1;1;4118204;Paranaguá;41;PR;1;1;1;1;575.2;495.7;557.8;597.3;0;1;160;160;120;120;120;680
3973079;2024;NA;NA;;NA;;NA;NA;NA;4305108;Caxias do Sul;43;RS;1;1;1;1;599.9;584.7;570.4;700.1;0;1;100;120;120;100;100;540
4227375;2024;NA;NA;;NA;;NA;NA;NA;3548906;São Carlos;35;SP;0;0;0;0;NA;NA;NA;NA;0;NA;NA;NA;NA;NA;NA;NA
1892596;2024;NA;NA;;NA;;NA;NA;NA;3304557;Rio de Janeiro;33;RJ;0;0;0;0;NA;NA;NA;NA;0;NA;NA;NA;NA;NA;NA;NA
2381223;2024;NA;NA;;NA;;NA;NA;NA;3167202;Sete Lagoas;31;MG;1;1;1;1;696.5;650.2;595.4;786.2;0;1;140;200;140;140;180;800
2911236;2024;NA;NA;;NA;;NA;NA;NA;3522208;Itapecerica da Serra;35;SP;1;1;1;1;403.1;369.5;428.1;376.6;0;1;100;140;100;120;100;560
2603616;2024;NA;NA;;NA;;NA;NA;NA;2615300;Timbaúba;26;PE;0;0;0;0;NA;NA;NA;NA;1;NA;NA;NA;NA;NA;NA;NA
2824182;2024;35100808;3550308;São Paulo;35;SP;4;1;1;3550308;São Paulo;35;SP;1;1;1;1;478.3;398.5;519.1;493.5;0;1;120;180;120;160;120;700
2798491;2024;35901507;3527207;Lorena;35;SP;2;1;1;3527207;Lorena;35;SP;1;1;1;1;399.7;482;501.2;424.3;0;1;140;200;140;140;100;720
156938;2024;NA;NA;;NA;;NA;NA;NA;3548500;Santos;35;SP;1;1;1;1;567.9;655.3;610.8;767.8;0;1;160;200;200;200;200;960
3537804;2024;NA;NA;;NA;;NA;NA;NA;3108008;Bom Sucesso;31;MG;0;0;0;0;NA;NA;NA;NA;0;NA;NA;NA;NA;NA;NA;NA
3230308;2024;15120902;1505437;Ourilândia do Norte;15;PA;2;1;1;1508084;Tucumã;15;PA;0;0;0;0;NA;NA;NA;NA;0;NA;NA;NA;NA;NA;NA;NA
1106889;2024;35014825;3507506;Botucatu;35;SP;2;1;1;3507506;Botucatu;35;SP;1;1;1;1;572.5;593.3;527;546.6;0;1;120;180;140;160;180;780
820155;2024;31174416;3169307;Três Corações;31;MG;2;1;1;3169307;Três Corações;31;MG;1;1;1;1;446.1;459.5;467.4;420.4;0;1;120;120;100;80;60;480
1256837;2024;33183562;3302700;Maricá;33;RJ;2;1;1;3302700;Maricá;33;RJ;1;1;1;1;445.7;545.5;478.9;515.7;0;1;120;160;120;160;160;720
632251;2024;NA;NA;;NA;;NA;NA;NA;3305208;São Pedro da Aldeia;33;RJ;1;1;1;1;540.3;628.2;563.2;632.5;0;1;120;120;120;120;100;580
4225410;2024;NA;NA;;NA;;NA;NA;NA;1302603;Manaus;13;AM;0;0;0;0;NA;NA;NA;NA;0;NA;NA;NA;NA;NA;NA;NA
771366;2024;NA;NA;;NA;;NA;NA;NA;2507507;João Pessoa;25;PB;1;1;1;1;448;464.4;516.4;525.8;0;1;140;120;120;120;120;620
4186647;2024;43044719;4305173;Cerro Grande do Sul;43;RS;2;1;1;4303509;Camaquã;43;RS;0;0;0;0;NA;NA;NA;NA;0;NA;NA;NA;NA;NA;NA;NA
3123607;2024;NA;NA;;NA;;NA;NA;NA;4106902;Curitiba;41;PR;0;0;0;0;NA;NA;NA;NA;0;NA;NA;NA;NA;NA;NA;NA
2818286;2024;NA;NA;;NA;;NA;NA;NA;2207900;Pedro II;22;PI;0;0;0;0;NA;NA;NA;NA;1;NA;NA;NA;NA;NA;NA;NA
747132;2024;NA;NA;;NA;;NA;NA;NA;3523909;Itu;35;SP;1;1;1;1;563.6;577.1;555.2;607.8;1;1;120;180;140;120;120;680
1075050;2024;NA;NA;;NA;;NA;NA;NA;3151800;Poços de Caldas;31;MG;1;1;1;1;429.5;479.5;514.7;504.6;0;1;120;160;120;160;120;680
4195595;2024;29058244;2903003;Barra do Mendes;29;BA;2;1;1;2913101;Ibititá;29;BA;0;1;1;0;NA;426.4;421.1;NA;1;1;80;80;80;80;120;440
250831;2024;11029110;1100288;Rolim de Moura;11;RO;2;1;1;1100288;Rolim de Moura;11;RO;1;1;1;1;552.5;538.9;517.4;613.7;0;1;160;200;160;180;180;880
3977544;2024;NA;NA;;NA;;NA;NA;NA;2804805;Nossa Senhora do Socorro;28;SE;0;0;0;0;NA;NA;NA;NA;0;NA;NA;NA;NA;NA;NA;NA
3173378;2024;NA;NA;;NA;;NA;NA;NA;3106200;Belo Horizonte;31;MG;0;0;0;0;NA;NA;NA;NA;1;NA;NA;NA;NA;NA;NA;NA
1985149;2024;52024628;5211800;Jaraguá;52;GO;2;1;1;5211800;Jaraguá;52;GO;1;1;1;1;513.4;609.2;567.4;625.7;0;1;160;160;140;180;180;820
3052014;2024;NA;NA;;NA;;NA;NA;NA;2202208;Campo Maior;22;PI;1;1;1;1;365.7;455.8;486.1;480.7;0;1;120;120;120;140;100;600
1407520;2024;51016052;5107909;Sinop;51;MT;2;1;1;5107909;Sinop;51;MT;0;1;1;0;NA;416;553;NA;1;1;100;140;80;80;120;520
2341335;2024;NA;NA;;NA;;NA;NA;NA;2207702;Parnaíba;22;PI;1;1;1;1;494.5;516.5;537.6;444.2;0;1;140;160;120;140;140;700
2271248;2024;NA;NA;;NA;;NA;NA;NA;2602100;Bom Conselho;26;PE;1;1;1;1;442.6;419.5;474.5;506.1;0;1;160;160;140;160;180;800
3031147;2024;NA;NA;;NA;;NA;NA;NA;2611804;Ribeirão;26;PE;1;1;1;1;443.3;600;598.2;675.5;0;1;160;200;180;180;200;920
3198349;2024;NA;NA;;NA;;NA;NA;NA;5212501;Luziânia;52;GO;0;0;0;0;NA;NA;NA;NA;1;NA;NA;NA;NA;NA;NA;NA
690668;2024;NA;NA;;NA;;NA;NA;NA;1100023;Ariquemes;11;RO;0;0;0;0;NA;NA;NA;NA;1;NA;NA;NA;NA;NA;NA;NA
823730;2024;NA;NA;;NA;;NA;NA;NA;1500800;Ananindeua;15;PA;0;0;0;0;NA;NA;NA;NA;0;NA;NA;NA;NA;NA;NA;NA
1073061;2024;23268638;2310100;Palmácia;23;CE;2;2;1;2309805;Pacoti;23;CE;1;1;1;1;387.8;481.8;456.6;455.3;1;1;140;180;120;140;140;720
3132272;2024;NA;NA;;NA;;NA;NA;NA;2304400;Fortaleza;23;CE;1;1;1;1;607;684.9;604.1;692.8;0;1;120;160;140;140;120;680
3532680;2024;NA;NA;;NA;;NA;NA;NA;3550308;São Paulo;35;SP;1;1;1;1;520.4;611.3;561.1;742.5;0;1;160;180;160;180;160;840
4016602;2024;15045650;1502400;Castanhal;15;PA;2;1;1;1502400;Castanhal;15;PA;0;0;0;0;NA;NA;NA;NA;1;NA;NA;NA;NA;NA;NA;NA
3977022;2024;NA;NA;;NA;;NA;NA;NA;5220207;São Miguel do Araguaia;52;GO;1;1;1;1;528.4;571.1;557.6;448;1;1;120;120;120;120;120;600
4001239;2024;NA;NA;;NA;;NA;NA;NA;2704302;Maceió;27;AL;1;1;1;1;463.5;483.1;549.6;469.7;1;1;120;140;120;120;0;500
245413;2024;NA;NA;;NA;;NA;NA;NA;4314902;Porto Alegre;43;RS;1;1;1;1;580;579.1;595.8;623.5;0;1;120;160;120;120;160;680
3171369;2024;29359287;2919207;Lauro de Freitas;29;BA;4;1;1;2919207;Lauro de Freitas;29;BA;1;1;1;1;556.1;545.7;575.2;697.1;1;1;160;200;160;200;180;900
2207329;2024;28017862;2800308;Aracaju;28;SE;2;1;1;2800308;Aracaju;28;SE;1;1;1;1;491.4;517.7;562.6;431.6;1;1;120;140;120;160;140;680
3080766;2024;NA;NA;;NA;;NA;NA;NA;2512101;Pombal;25;PB;1;1;1;1;534.5;553.6;589.2;455.9;0;1;160;180;140;140;100;720
3203166;2024;NA;NA;;NA;;NA;NA;NA;3518800;Guarulhos;35;SP;1;1;1;1;496;490.9;502.3;504;0;1;100;120;120;120;0;460
3574518;2024;NA;NA;;NA;;NA;NA;NA;3513504;Cubatão;35;SP;1;1;1;1;395.7;501.2;536.8;440.6;1;1;120;100;120;100;120;560
1501939;2024;NA;NA;;NA;;NA;NA;NA;2506301;Guarabira;25;PB;1;1;1;1;573.1;571.1;531.1;575.2;0;1;140;200;160;160;100;760
4197311;2024;NA;NA;;NA;;NA;NA;NA;2804508;Nossa Senhora da Glória;28;SE;1;1;1;1;499.7;528.8;570;411.5;0;1;140;200;160;140;180;820
2518679;2024;13063383;1302405;Lábrea;13;AM;2;1;1;1302405;Lábrea;13;AM;0;0;0;0;NA;NA;NA;NA;1;NA;NA;NA;NA;NA;NA;NA
376203;2024;21102740;2104008;Esperantinópolis;21;MA;2;1;1;2104008;Esperantinópolis;21;MA;1;1;1;1;412.7;383.1;459.7;457.2;0;1;120;160;140;160;120;700
2960160;2024;NA;NA;;NA;;NA;NA;NA;1500107;Abaetetuba;15;PA;1;1;1;1;474.3;377.4;405.8;474.1;0;1;120;120;100;100;100;540
2114619;2024;NA;NA;;NA;;NA;NA;NA;1506500;Santa Izabel do Pará;15;PA;1;1;1;1;626.1;705.5;625.4;810;0;1;140;180;200;200;200;920
584470;2024;NA;NA;;NA;;NA;NA;NA;1705508;Colinas do Tocantins;17;TO;1;1;1;1;563.9;569.8;554;428.8;1;1;120;180;160;180;180;820
2300612;2024;NA;NA;;NA;;NA;NA;NA;2400109;Acari;24;RN;1;1;1;1;520.7;575.2;545.4;714.2;1;1;120;180;120;140;180;740
3753574;2024;29368219;2931350;Teixeira de Freitas;29;BA;2;1;1;2931350;Teixeira de Freitas;29;BA;0;0;0;0;NA;NA;NA;NA;1;NA;NA;NA;NA;NA;NA;NA
840404;2024;31011096;3162955;São José da Lapa;31;MG;2;1;1;3162955;São José da Lapa;31;MG;1;1;1;1;378.3;541;558.1;413.7;1;1;80;120;80;120;80;480
2563128;2024;NA;NA;;NA;;NA;NA;NA;3304201;Resende;33;RJ;1;1;1;1;602.5;656.7;602.6;625.6;0;1;160;200;160;160;180;860
3126746;2024;NA;NA;;NA;;NA;NA;NA;2203909;Floriano;22;PI;0;0;0;0;NA;NA;NA;NA;0;NA;NA;NA;NA;NA;NA;NA
2915130;2024;NA;NA;;NA;;NA;NA;NA;2927408;Salvador;29;BA;0;2;2;0;NA;NA;NA;NA;1;NA;NA;NA;NA;NA;NA;NA
3491507;2024;43077668;4310603;Itaqui;43;RS;2;1;1;4310603;Itaqui;43;RS;0;0;0;0;NA;NA;NA;NA;1;NA;NA;NA;NA;NA;NA;NA
183705;2024;NA;NA;;NA;;NA;NA;NA;2906873;Capim Grosso;29;BA;0;0;0;0;NA;NA;NA;NA;0;NA;NA;NA;NA;NA;NA;NA
3550733;2024;NA;NA;;NA;;NA;NA;NA;2703106;Igaci;27;AL;1;1;1;1;381.4;444.4;360.6;383.9;1;6;0;0;0;0;0;0
938770;2024;NA;NA;;NA;;NA;NA;NA;2103000;Caxias;21;MA;1;1;1;1;467.9;437.1;534.6;461.1;0;1;160;200;200;200;160;920
1333665;2024;23083921;2305233;Horizonte;23;CE;2;1;1;2305233;Horizonte;23;CE;1;1;1;1;410.7;564.6;563.1;442.3;0;1;120;120;100;120;120;580
219331;2024;NA;NA;;NA;;NA;NA;NA;3106705;Betim;31;MG;1;1;1;1;437;526.7;556.9;486.1;0;1;120;140;120;120;100;600
3578209;2024;50006100;5002704;Campo Grande;50;MS;2;1;1;5002704;Campo Grande;50;MS;1;1;1;1;447.7;506.7;518.1;466.4;1;1;120;120;80;80;120;520
34689;2024;NA;NA;;NA;;NA;NA;NA;3147105;Pará de Minas;31;MG;1;1;1;1;606.4;612.9;635.4;511.6;1;1;160;120;120;120;80;600
595255;2024;NA;NA;;NA;;NA;NA;NA;3533502;Novo Horizonte;35;SP;1;1;1;1;522.4;494;481.6;447;0;1;120;80;100;100;60;460
215777;2024;NA;NA;;NA;;NA;NA;NA;2806701;São Cristóvão;28;SE;0;0;0;0;NA;NA;NA;NA;1;NA;NA;NA;NA;NA;NA;NA
1792257;2024;NA;NA;;NA;;NA;NA;NA;3304557;Rio de Janeiro;33;RJ;1;1;1;1;402;593;562.1;659;0;1;120;160;160;120;200;760
3334195;2024;26026627;2605103;Custódia;26;PE;2;1;1;2605103;Custódia;26;PE;1;1;1;1;472.4;408.2;545.2;400.7;0;1;100;100;80;100;80;460
2889312;2024;NA;NA;;NA;;NA;NA;NA;3549102;São João da Boa Vista;35;SP;1;1;1;1;567.4;549.8;520.1;593.4;0;1;120;180;140;160;200;800
3201929;2024;NA;NA;;NA;;NA;NA;NA;3122306;Divinópolis;31;MG;1;1;1;1;551.5;576.7;550.9;653.2;0;1;120;140;120;120;120;620
1303142;2024;NA;NA;;NA;;NA;NA;NA;2105302;Imperatriz;21;MA;1;1;1;1;625.1;620;652.2;669.1;0;1;140;200;120;120;120;700
1775259;2024;35136943;3550308;São Paulo;35;SP;4;1;1;3550308;São Paulo;35;SP;1;1;1;1;488.3;577.8;570.9;586.8;0;1;120;160;100;120;140;640
2860104;2024;14003180;1400704;Uiramutã;14;RR;2;1;1;1400100;Boa Vista;14;RR;0;0;0;0;NA;NA;NA;NA;1;NA;NA;NA;NA;NA;NA;NA
2122076;2024;29277744;2933307;Vitória da Conquista;29;BA;4;1;1;2933307;Vitória da Conquista;29;BA;1;1;1;1;629.6;654.7;658.9;728.7;0;1;160;180;180;200;200;920
364160;2024;NA;NA;;NA;;NA;NA;NA;4216602;São José;42;SC;0;1;1;0;NA;472.4;530.3;NA;1;1;80;80;80;80;80;400
738018;2024;NA;NA;;NA;;NA;NA;NA;3101904;Alpinópolis;31;MG;0;0;0;0;NA;NA;NA;NA;0;NA;NA;NA;NA;NA;NA;NA
107151;2024;NA;NA;;NA;;NA;NA;NA;5205109;Catalão;52;GO;1;1;1;1;702.9;723.5;700;695.1;0;1;180;200;160;160;200;900
3138526;2024;35924398;3550308;São Paulo;35;SP;2;1;1;3550308;São Paulo;35;SP;0;0;0;0;NA;NA;NA;NA;1;NA;NA;NA;NA;NA;NA;NA
3158425;2024;43167330;4323002;Viamão;43;RS;2;2;1;4323002;Viamão;43;RS;1;1;1;1;492.2;397.4;504.5;558.6;1;1;120;120;120;120;80;560
3103422;2024;NA;NA;;NA;;NA;NA;NA;3106200;Belo Horizonte;31;MG;1;1;1;1;595;649.1;629.4;731.4;0;1;140;160;140;120;160;720
3429063;2024;NA;NA;;NA;;NA;NA;NA;2925303;Porto Seguro;29;BA;1;1;1;1;393.5;505.4;479.7;388.2;0;1;120;140;120;120;120;620
3286669;2024;16027000;1600303;Macapá;16;AP;4;1;1;1600303;Macapá;16;AP;1;1;1;1;379.1;520.6;573.8;491.6;0;1;120;120;120;120;80;560
2534073;2024;NA;NA;;NA;;NA;NA;NA;5103403;Cuiabá;51;MT;1;1;1;1;415.1;541.7;499.9;393.3;1;1;120;120;100;100;60;500
1634823;2024;NA;NA;;NA;;NA;NA;NA;4304606;Canoas;43;RS;0;0;0;0;NA;NA;NA;NA;1;NA;NA;NA;NA;NA;NA;NA
1482556;2024;21291373;2111201;São José de Ribamar;21;MA;2;1;1;2111300;São Luís;21;MA;1;1;1;1;459.8;387.6;466.1;423.3;1;1;140;180;140;160;200;820
507496;2024;35907085;3518800;Guarulhos;35;SP;2;1;1;3518800;Guarulhos;35;SP;1;1;1;1;472.2;586.8;563.3;404.1;0;1;100;80;100;100;60;440
508265;2024;43146376;4320008;Sapucaia do Sul;43;RS;2;1;1;4320008;Sapucaia do Sul;43;RS;1;1;1;1;456.5;486;535.8;485.2;0;1;80;160;120;120;160;640
1151750;2024;35018120;3509502;Campinas;35;SP;2;1;1;3509502;Campinas;35;SP;1;1;1;1;580.7;585.6;586.6;664.3;0;1;140;120;120;140;160;680
3515286;2024;NA;NA;;NA;;NA;NA;NA;2923001;Nova Viçosa;29;BA;1;1;1;1;400.9;420.5;535.2;432.4;0;1;160;180;140;160;140;780
3231241;2024;NA;NA;;NA;;NA;NA;NA;2208007;Picos;22;PI;0;0;0;0;NA;NA;NA;NA;1;NA;NA;NA;NA;NA;NA;NA
1970634;2024;53017030;5300108;Brasília;53;DF;4;1;1;5300108;Brasília;53;DF;1;1;1;1;576.2;626.1;550.1;662.5;0;1;160;180;120;180;160;800
3523351;2024;NA;NA;;NA;;NA;NA;NA;1504604;Mocajuba;15;PA;1;1;1;1;438.7;409.2;466.6;481.1;1;1;100;120;100;120;60;500
1015042;2024;NA;NA;;NA;;NA;NA;NA;4314902;Porto Alegre;43;RS;1;1;1;1;564;634.6;609;732.3;0;1;140;200;120;120;60;640
2657585;2024;NA;NA;;NA;;NA;NA;NA;1100122;Ji-Paraná;11;RO;0;1;1;0;NA;310.7;428.3;NA;0;4;0;0;0;0;0;0
3996219;2024;33106673;3304557;Rio de Janeiro;33;RJ;2;1;1;3304557;Rio de Janeiro;33;RJ;1;1;1;1;429.5;497.3;487.1;382.9;0;1;100;120;100;120;40;480
4094601;2024;31010014;3154606;Ribeirão das Neves;31;MG;2;1;1;3154606;Ribeirão das Neves;31;MG;0;0;0;0;NA;NA;NA;NA;0;NA;NA;NA;NA;NA;NA;NA
2682598;2024;50005936;5002704;Campo Grande;50;MS;2;1;1;5002704;Campo Grande;50;MS;0;0;0;0;NA;NA;NA;NA;0;NA;NA;NA;NA;NA;NA;NA
3447052;2024;35033947;3519501;Ibirarema;35;SP;2;1;1;3534708;Ourinhos;35;SP;0;0;0;0;NA;NA;NA;NA;0;NA;NA;NA;NA;NA;NA;NA
3395841;2024;29092191;2908903;Coração de Maria;29;BA;2;1;1;2908903;Coração de Maria;29;BA;1;1;1;1;429;464.8;475.7;386.1;0;1;80;80;80;60;40;340
832988;2024;35900709;3531902;Morro Agudo;35;SP;2;1;1;3534302;Orlândia;35;SP;1;1;1;1;411.5;570.7;570.7;450.3;0;1;120;160;120;120;140;660
606155;2024;NA;NA;;NA;;NA;NA;NA;5300108;Brasília;53;DF;0;0;0;0;NA;NA;NA;NA;0;NA;NA;NA;NA;NA;NA;NA
3111584;2024;29433568;2905206;Caetité;29;BA;2;2;1;2905206;Caetité;29;BA;0;0;0;0;NA;NA;NA;NA;1;NA;NA;NA;NA;NA;NA;NA
4047265;2024;NA;NA;;NA;;NA;NA;NA;5300108;Brasília;53;DF;1;1;1;1;546.3;671.2;619.9;594.8;0;1;120;180;120;140;200;760
947086;2024;NA;NA;;NA;;NA;NA;NA;2502508;Boqueirão;25;PB;1;1;1;1;450.1;480.7;339.8;557.7;0;1;120;160;120;140;80;620
4274259;2024;NA;NA;;NA;;NA;NA;NA;2208403;Piripiri;22;PI;0;0;0;0;NA;NA;NA;NA;1;NA;NA;NA;NA;NA;NA;NA
685451;2024;31159506;3156908;Sacramento;31;MG;2;1;1;3170107;Uberaba;31;MG;1;1;1;1;463.6;567.9;586.3;414.6;1;1;140;180;140;180;180;820
910509;2024;NA;NA;;NA;;NA;NA;NA;2933000;Valente;29;BA;1;1;1;1;494.2;463.8;485.6;396.6;0;1;120;160;140;120;160;700
3520586;2024;41071255;4104808;Cascavel;41;PR;2;1;1;4104808;Cascavel;41;PR;0;0;0;0;NA;NA;NA;NA;1;NA;NA;NA;NA;NA;NA;NA
1345837;2024;NA;NA;;NA;;NA;NA;NA;2112506;Tutóia;21;MA;1;1;1;1;430.3;423.3;476.7;418;1;1;120;140;100;100;20;480
3904421;2024;NA;NA;;NA;;NA;NA;NA;2211001;Teresina;22;PI;1;1;1;1;534.1;520.6;543.7;464.7;1;1;120;120;80;80;60;460
1172552;2024;NA;NA;;NA;;NA;NA;NA;2912103;Ibicaraí;29;BA;0;1;1;0;NA;438.7;412.2;NA;1;1;80;120;80;80;0;360
2052289;2024;NA;NA;;NA;;NA;NA;NA;4104253;Campo Magro;41;PR;1;1;1;1;516.9;550.9;548.6;398.2;0;1;120;160;120;120;160;680
858574;2024;29131553;2923100;Olindina;29;BA;2;1;1;2913705;Inhambupe;29;BA;0;0;0;0;NA;NA;NA;NA;0;NA;NA;NA;NA;NA;NA;NA
348528;2024;NA;NA;;NA;;NA;NA;NA;3540705;Porto Ferreira;35;SP;0;0;0;0;NA;NA;NA;NA;1;NA;NA;NA;NA;NA;NA;NA
898448;2024;33053391;3302502;Magé;33;RJ;2;1;1;3302502;Magé;33;RJ;0;0;0;0;NA;NA;NA;NA;0;NA;NA;NA;NA;NA;NA;NA
15160;2024;NA;NA;;NA;;NA;NA;NA;2303204;Caririaçu;23;CE;0;0;0;0;NA;NA;NA;NA;1;NA;NA;NA;NA;NA;NA;NA
2740677;2024;26109115;2607901;Jaboatão dos Guararapes;26;PE;2;1;1;2607901;Jaboatão dos Guararapes;26;PE;1;1;1;1;465;419.6;513.4;554.6;1;1;140;200;140;160;160;800
2720845;2024;NA;NA;;NA;;NA;NA;NA;3507001;Boituva;35;SP;1;1;1;1;409.3;493.2;479.1;417.6;1;1;140;160;120;140;120;680
1660484;2024;NA;NA;;NA;;NA;NA;NA;3144805;Nova Lima;31;MG;1;1;1;1;646.8;603.2;619.5;739.1;0;1;160;200;120;200;120;800
3756707;2024;42028493;4209300;Lages;42;SC;4;1;1;4209300;Lages;42;SC;1;1;1;1;616.9;602.6;576;656.3;0;1;120;120;120;80;100;540
1590735;2024;NA;NA;;NA;;NA;NA;NA;5300108;Brasília;53;DF;0;0;0;0;NA;NA;NA;NA;0;NA;NA;NA;NA;NA;NA;NA
1753158;2024;23162961;2304202;Crato;23;CE;2;1;1;2304202;Crato;23;CE;1;1;1;1;399.2;453.7;395.9;398.4;1;1;80;100;60;80;80;400
2964525;2024;NA;NA;;NA;;NA;NA;NA;2927408;Salvador;29;BA;0;0;0;0;NA;NA;NA;NA;0;NA;NA;NA;NA;NA;NA;NA
423468;2024;27031365;2707305;Porto Calvo;27;AL;2;1;1;2707305;Porto Calvo;27;AL;1;1;1;1;436.7;414.8;440.5;377.7;1;1;80;40;40;80;0;240
1040543;2024;NA;NA;;NA;;NA;NA;NA;2208007;Picos;22;PI;0;0;0;0;NA;NA;NA;NA;1;NA;NA;NA;NA;NA;NA;NA
767264;2024;43001483;4304606;Canoas;43;RS;1;1;1;4304606;Canoas;43;RS;1;1;1;1;579.2;605.2;584.7;591.7;0;1;120;160;120;120;160;680
371213;2024;35027881;3521903;Itajobi;35;SP;2;1;1;3511102;Catanduva;35;SP;1;1;1;1;513.7;290.2;501.2;643.5;0;1;120;120;120;100;80;540
3616105;2024;NA;NA;;NA;;NA;NA;NA;2609709;Orobó;26;PE;0;0;0;0;NA;NA;NA;NA;1;NA;NA;NA;NA;NA;NA;NA
2485946;2024;NA;NA;;NA;;NA;NA;NA;2307007;Jaguaruana;23;CE;1;1;1;1;441.1;481.8;499;568.8;1;1;120;120;100;100;120;560
1828662;2024;NA;NA;;NA;;NA;NA;NA;2918407;Juazeiro;29;BA;0;0;0;0;NA;NA;NA;NA;0;NA;NA;NA;NA;NA;NA;NA
1087935;2024;15040364;1501402;Belém;15;PA;2;1;1;1501402;Belém;15;PA;1;1;1;1;486.1;396.2;519.6;418.9;0;1;120;140;120;120;60;560
271886;2024;NA;NA;;NA;;NA;NA;NA;2805901;Riachuelo;28;SE;1;1;1;1;447;475.9;515.4;491.2;0;1;100;120;80;100;100;500
1983298;2024;NA;NA;;NA;;NA;NA;NA;2307650;Maracanaú;23;CE;0;0;0;0;NA;NA;NA;NA;1;NA;NA;NA;NA;NA;NA;NA
438591;2024;NA;NA;;NA;;NA;NA;NA;2700706;Batalha;27;AL;1;1;1;1;512.8;462.4;511.3;391.7;0;4;0;0;0;0;0;0
2389256;2024;26137631;2611606;Recife;26;PE;4;1;1;2611606;Recife;26;PE;1;1;1;1;679.6;685.5;673.2;846.5;0;1;160;200;160;200;160;880
3346153;2024;NA;NA;;NA;;NA;NA;NA;5217401;Pires do Rio;52;GO;1;1;1;1;530.6;467.6;483.5;439.8;0;1;120;140;100;140;120;620
3572196;2024;NA;NA;;NA;;NA;NA;NA;1303536;Presidente Figueiredo;13;AM;1;1;1;1;432.6;428.1;472.3;392.9;1;1;120;200;160;160;100;740
11294;2024;15102696;1506195;Rurópolis;15;PA;2;1;1;1506195;Rurópolis;15;PA;1;1;1;1;428.7;460.5;448.6;402.5;1;1;120;180;120;180;80;680
4079213;2024;NA;NA;;NA;;NA;NA;NA;3505302;Barra Bonita;35;SP;1;1;1;1;401;413.2;447.8;396.9;1;4;0;0;0;0;0;0
1133417;2024;21016798;2111300;São Luís;21;MA;2;1;1;2111300;São Luís;21;MA;1;1;1;1;455;579.1;549.2;417.3;0;1;120;200;120;140;140;720
1628556;2024;NA;NA;;NA;;NA;NA;NA;3526902;Limeira;35;SP;1;1;1;1;544.9;588.9;505.6;414.4;0;1;160;180;160;200;200;900
156827;2024;21021643;2111300;São Luís;21;MA;2;1;1;2111300;São Luís;21;MA;1;1;1;1;418.6;513.6;522.3;428.5;0;1;120;160;120;140;100;640
2511664;2024;35169043;3530508;Mococa;35;SP;4;1;1;3530508;Mococa;35;SP;1;1;1;1;441.3;566.1;590;539.8;0;1;100;160;140;140;140;680
4264602;2024;NA;NA;;NA;;NA;NA;NA;3550308;São Paulo;35;SP;0;1;1;0;NA;411.2;475.7;NA;1;1;100;80;60;120;0;360
2551288;2024;26088258;2604007;Carpina;26;PE;2;1;1;2604007;Carpina;26;PE;1;1;1;1;518.4;558.8;532.6;422.8;1;1;160;160;140;160;140;760
3446753;2024;NA;NA;;NA;;NA;NA;NA;4204202;Chapecó;42;SC;1;1;1;1;604.7;560.2;538;394.1;1;1;100;120;120;100;120;560
3797094;2024;NA;NA;;NA;;NA;NA;NA;2507507;João Pessoa;25;PB;0;0;0;0;NA;NA;NA;NA;0;NA;NA;NA;NA;NA;NA;NA
2794241;2024;60013010;3106200;Belo Horizonte;31;MG;4;1;1;3106200;Belo Horizonte;31;MG;1;1;1;1;679.6;664.5;625.4;757;0;1;160;200;180;180;200;920
1255984;2024;NA;NA;;NA;;NA;NA;NA;3139409;Manhuaçu;31;MG;1;1;1;1;479;414.3;438.7;432.5;0;1;100;120;60;60;60;400
1671375;2024;NA;NA;;NA;;NA;NA;NA;3143302;Montes Claros;31;MG;1;1;1;1;485.6;554;535.6;461.6;1;1;160;120;120;120;40;560
2075720;2024;13082183;1302603;Manaus;13;AM;2;1;1;1302603;Manaus;13;AM;0;1;1;0;NA;557.6;539.2;NA;0;4;0;0;0;0;0;0
2677480;2024;NA;NA;;NA;;NA;NA;NA;2911709;Guanambi;29;BA;1;1;1;1;407.5;345.4;498.6;385.3;1;1;120;160;120;120;180;700
3043465;2024;NA;NA;;NA;;NA;NA;NA;3205309;Vitória;32;ES;0;0;0;0;NA;NA;NA;NA;0;NA;NA;NA;NA;NA;NA;NA
97739;2024;16005414;1600402;Mazagão;16;AP;2;2;1;1600402;Mazagão;16;AP;1;1;1;1;384.1;336.5;452.1;394.6;1;1;80;120;80;100;0;380
2249508;2024;53007921;5300108;Brasília;53;DF;2;1;1;5300108;Brasília;53;DF;1;1;1;1;398;431.2;465.7;414.1;1;1;80;200;120;120;160;680
3353020;2024;NA;NA;;NA;;NA;NA;NA;2616407;Vitória de Santo Antão;26;PE;1;1;1;1;471.7;556.9;501.6;574.6;0;1;140;200;140;160;120;760
309332;2024;NA;NA;;NA;;NA;NA;NA;3304557;Rio de Janeiro;33;RJ;1;1;1;1;710.2;810.4;664.8;800.2;0;1;160;200;160;200;200;920
2749399;2024;35132214;3550308;São Paulo;35;SP;4;1;1;3550308;São Paulo;35;SP;1;1;1;1;579.1;615.7;567.9;752.3;0;1;160;180;140;120;120;720
4293158;2024;13027786;1302603;Manaus;13;AM;2;1;1;1302603;Manaus;13;AM;0;0;0;0;NA;NA;NA;NA;1;NA;NA;NA;NA;NA;NA;NA
1541142;2024;27035646;2704302;Maceió;27;AL;2;1;1;2704302;Maceió;27;AL;1;1;1;1;441;421;449.7;403.4;0;1;80;120;120;120;80;520
960674;2024;NA;NA;;NA;;NA;NA;NA;2304400;Fortaleza;23;CE;1;1;1;1;484.5;572.3;550.4;558.7;0;1;160;200;180;200;200;940
2689590;2024;35017656;3537107;Pedreira;35;SP;2;1;1;3537107;Pedreira;35;SP;0;1;1;0;NA;492.1;566.3;NA;0;1;120;120;100;120;80;540
1587574;2024;NA;NA;;NA;;NA;NA;NA;4303905;Campo Bom;43;RS;1;1;1;1;419.8;466.8;491.3;436;1;1;80;80;40;100;0;300
2605026;2024;NA;NA;;NA;;NA;NA;NA;3168606;Teófilo Otoni;31;MG;1;1;1;1;391.6;355.5;444.3;403.4;1;1;100;160;120;120;60;560
2506398;2024;NA;NA;;NA;;NA;NA;NA;2611606;Recife;26;PE;1;1;1;1;449;423.5;542.6;393.7;0;1;120;80;100;120;120;540
2056821;2024;35006592;3506607;Biritiba Mirim;35;SP;2;1;1;3530607;Mogi das Cruzes;35;SP;1;1;1;1;473.4;439;543;604.3;0;1;120;120;120;120;80;560
2120026;2024;NA;NA;;NA;;NA;NA;NA;3534401;Osasco;35;SP;1;1;1;1;692.5;701.1;683.1;767.8;0;1;160;180;140;200;200;880
1809976;2024;NA;NA;;NA;;NA;NA;NA;5002704;Campo Grande;50;MS;0;0;0;0;NA;NA;NA;NA;0;NA;NA;NA;NA;NA;NA;NA
3272147;2024;NA;NA;;NA;;NA;NA;NA;2211001;Teresina;22;PI;1;1;1;1;686.4;750.6;660.9;772.3;0;1;160;180;160;200;180;880
1863871;2024;NA;NA;;NA;;NA;NA;NA;2804607;Nossa Senhora das Dores;28;SE;1;1;1;1;571.8;623.2;607.3;650.2;1;1;140;140;120;160;160;720
1337471;2024;15563715;1501402;Belém;15;PA;4;1;1;1501402;Belém;15;PA;1;1;1;1;514.3;663.9;685;670.4;0;1;160;200;160;200;180;900
803117;2024;NA;NA;;NA;;NA;NA;NA;2611606;Recife;26;PE;1;1;1;1;515.1;548.1;542.2;509.4;0;1;120;160;120;100;140;640
1656031;2024;35023176;3516200;Franca;35;SP;2;1;1;3516200;Franca;35;SP;1;1;1;1;419.9;474.2;542.7;432.8;0;1;80;160;100;100;120;560
2984907;2024;NA;NA;;NA;;NA;NA;NA;2930105;Senhor do Bonfim;29;BA;1;1;1;1;527.2;459;513.9;470.5;0;1;120;120;120;100;120;580
1000931;2024;35164948;3551702;Sertãozinho;35;SP;4;1;1;3551702;Sertãozinho;35;SP;1;1;1;1;551.2;509.1;507.6;542.4;0;1;140;80;80;140;120;560
3366166;2024;NA;NA;;NA;;NA;NA;NA;2511301;Piancó;25;PB;1;1;1;1;375.6;475;451.2;520.9;1;1;160;200;160;200;140;860
1302313;2024;NA;NA;;NA;;NA;NA;NA;2615300;Timbaúba;26;PE;0;0;0;0;NA;NA;NA;NA;1;NA;NA;NA;NA;NA;NA;NA
2428091;2024;NA;NA;;NA;;NA;NA;NA;1501402;Belém;15;PA;1;1;1;1;549.5;410.6;322.1;513.2;0;1;120;140;120;120;40;540
1781697;2024;43146368;4320008;Sapucaia do Sul;43;RS;2;1;1;4320008;Sapucaia do Sul;43;RS;1;1;1;1;381.7;454;473.6;447.1;1;1;120;120;120;80;80;520
198891;2024;23075023;2304400;Fortaleza;23;CE;2;1;1;2304400;Fortaleza;23;CE;1;1;1;1;543.1;496.3;569.7;519.9;0;1;140;200;160;180;160;840
2454827;2024;NA;NA;;NA;;NA;NA;NA;3306305;Volta Redonda;33;RJ;0;0;0;0;NA;NA;NA;NA;0;NA;NA;NA;NA;NA;NA;NA
2538435;2024;NA;NA;;NA;;NA;NA;NA;2211001;Teresina;22;PI;1;1;1;1;463.6;423.4;474.7;386.8;1;1;120;120;120;120;120;600
2009548;2024;NA;NA;;NA;;NA;NA;NA;3304904;São Gonçalo;33;RJ;0;0;0;0;NA;NA;NA;NA;0;NA;NA;NA;NA;NA;NA;NA
2101764;2024;NA;NA;;NA;;NA;NA;NA;3303906;Petrópolis;33;RJ;1;1;1;1;526.3;435.6;477.3;454;0;1;100;120;80;80;80;460
573053;2024;NA;NA;;NA;;NA;NA;NA;2918407;Juazeiro;29;BA;1;1;1;1;630.7;671.5;641;776.8;0;1;180;200;200;180;200;960
861102;2024;NA;NA;;NA;;NA;NA;NA;4202909;Brusque;42;SC;1;1;1;1;543.2;499.6;511.4;568.6;0;1;120;180;120;120;160;700
1666439;2024;33042519;3305802;Teresópolis;33;RJ;2;1;1;3305802;Teresópolis;33;RJ;1;1;1;1;419.9;479.1;507.1;532.3;0;1;120;120;100;120;0;460
3894070;2024;NA;NA;;NA;;NA;NA;NA;3305109;São João de Meriti;33;RJ;1;1;1;1;458.2;587.6;597;687.6;0;1;140;120;140;140;80;620
4231175;2024;NA;NA;;NA;;NA;NA;NA;3106200;Belo Horizonte;31;MG;0;0;0;0;NA;NA;NA;NA;1;NA;NA;NA;NA;NA;NA;NA
1944401;2024;NA;NA;;NA;;NA;NA;NA;3304904;São Gonçalo;33;RJ;1;1;1;1;533.5;647.1;552.8;701.8;1;1;160;200;180;180;180;900
2542227;2024;NA;NA;;NA;;NA;NA;NA;3552106;Socorro;35;SP;1;1;1;1;443;559.9;552.7;441.6;0;1;120;100;100;100;100;520
2399550;2024;32033826;3201308;Cariacica;32;ES;2;1;1;3201308;Cariacica;32;ES;1;1;1;1;426.6;519.1;525.1;636.9;1;1;120;140;120;140;120;640
2436771;2024;NA;NA;;NA;;NA;NA;NA;3135100;Janaúba;31;MG;0;1;1;0;NA;531.7;581.4;NA;1;1;120;120;100;120;80;540
377504;2024;15004783;1507979;Terra Santa;15;PA;2;1;1;1303007;Nhamundá;13;AM;0;0;0;0;NA;NA;NA;NA;1;NA;NA;NA;NA;NA;NA;NA
1191716;2024;NA;NA;;NA;;NA;NA;NA;2314003;Várzea Alegre;23;CE;1;1;1;1;554.7;497.2;516.8;604.4;1;1;120;160;120;120;100;620
2163592;2024;NA;NA;;NA;;NA;NA;NA;4115200;Maringá;41;PR;0;0;0;0;NA;NA;NA;NA;0;NA;NA;NA;NA;NA;NA;NA
1698370;2024;NA;NA;;NA;;NA;NA;NA;1506187;Rondon do Pará;15;PA;0;0;0;0;NA;NA;NA;NA;1;NA;NA;NA;NA;NA;NA;NA
1243668;2024;29325803;2923001;Nova Viçosa;29;BA;2;1;1;2923001;Nova Viçosa;29;BA;0;0;0;0;NA;NA;NA;NA;0;NA;NA;NA;NA;NA;NA;NA
3143095;2024;13019007;1300300;Autazes;13;AM;2;1;1;1300300;Autazes;13;AM;0;0;0;0;NA;NA;NA;NA;1;NA;NA;NA;NA;NA;NA;NA
2702607;2024;NA;NA;;NA;;NA;NA;NA;5103403;Cuiabá;51;MT;0;0;0;0;NA;NA;NA;NA;0;NA;NA;NA;NA;NA;NA;NA
1294395;2024;NA;NA;;NA;;NA;NA;NA;2207702;Parnaíba;22;PI;1;1;1;1;518.6;441.3;493.1;422;0;1;100;120;80;100;80;480
3771983;2024;NA;NA;;NA;;NA;NA;NA;2927408;Salvador;29;BA;1;1;1;1;481.9;588.2;481.1;449.5;0;1;100;80;40;80;0;300
3648945;2024;24064955;2403251;Parnamirim;24;RN;2;1;1;2403251;Parnamirim;24;RN;1;1;1;1;408;450.5;504.8;501.3;1;1;100;120;100;100;60;480
2006840;2024;NA;NA;;NA;;NA;NA;NA;5208707;Goiânia;52;GO;1;1;1;1;470.2;454.6;448.3;446.6;0;1;120;160;120;160;180;740
2486765;2024;33039542;3306206;Vassouras;33;RJ;4;1;1;3306206;Vassouras;33;RJ;1;1;1;1;593.4;575.7;562.4;685.6;1;1;120;160;140;160;160;740
625293;2024;NA;NA;;NA;;NA;NA;NA;4205407;Florianópolis;42;SC;0;0;0;0;NA;NA;NA;NA;0;NA;NA;NA;NA;NA;NA;NA
1643028;2024;NA;NA;;NA;;NA;NA;NA;2611101;Petrolina;26;PE;1;1;1;1;363.6;388.6;502;533.5;1;1;120;120;100;100;20;460
514142;2024;33102708;3301702;Duque de Caxias;33;RJ;4;1;1;3301702;Duque de Caxias;33;RJ;1;1;1;1;600;645.2;606.2;566.7;1;1;160;200;160;180;200;900
1359436;2024;52020576;5201108;Anápolis;52;GO;2;1;1;5201108;Anápolis;52;GO;1;1;1;1;441.4;561.8;539.3;414.6;1;1;160;200;180;200;180;920
1781980;2024;NA;NA;;NA;;NA;NA;NA;2611606;Recife;26;PE;1;1;1;1;516.1;588.5;560;669.1;0;1;140;180;120;160;160;760
498797;2024;NA;NA;;NA;;NA;NA;NA;3205002;Serra;32;ES;1;1;1;1;597.4;345.8;609.1;628.3;0;1;140;140;120;120;200;720
286470;2024;NA;NA;;NA;;NA;NA;NA;3304557;Rio de Janeiro;33;RJ;1;1;1;1;462.2;541.5;555.5;518.9;0;1;140;120;140;120;100;620
237284;2024;29024528;2918407;Juazeiro;29;BA;2;1;1;2918407;Juazeiro;29;BA;1;1;1;1;498.3;576.1;601.5;631.4;0;1;140;120;140;120;100;620
417026;2024;NA;NA;;NA;;NA;NA;NA;5219308;Santa Helena de Goiás;52;GO;1;1;1;1;451.2;555.2;522;624.5;0;1;120;180;120;120;40;580
2315326;2024;NA;NA;;NA;;NA;NA;NA;3548708;São Bernardo do Campo;35;SP;1;1;1;1;579.8;565;639.9;487.9;1;1;140;120;120;100;140;620
3776531;2024;NA;NA;;NA;;NA;NA;NA;2611606;Recife;26;PE;1;1;1;1;539.7;621.9;619.5;569.2;1;1;120;200;120;120;160;720
3254143;2024;23079533;2307650;Maracanaú;23;CE;2;1;1;2304400;Fortaleza;23;CE;0;0;0;0;NA;NA;NA;NA;1;NA;NA;NA;NA;NA;NA;NA
1807938;2024;NA;NA;;NA;;NA;NA;NA;4216602;São José;42;SC;1;1;1;1;537.1;611.1;641.1;638.2;1;1;160;200;180;200;200;940
3678887;2024;41135709;4119152;Pinhais;41;PR;2;1;1;4119152;Pinhais;41;PR;0;0;0;0;NA;NA;NA;NA;0;NA;NA;NA;NA;NA;NA;NA
2852796;2024;35567632;3543402;Ribeirão Preto;35;SP;4;1;1;3543402;Ribeirão Preto;35;SP;1;1;1;1;556.8;632.1;625.9;769;0;1;140;160;160;140;160;760
1735732;2024;52030881;5201405;Aparecida de Goiânia;52;GO;2;1;1;5201405;Aparecida de Goiânia;52;GO;1;1;1;1;578.9;461;561.5;425.4;0;1;120;140;140;160;140;700
1983945;2024;NA;NA;;NA;;NA;NA;NA;3303500;Nova Iguaçu;33;RJ;1;1;1;1;519.6;585.1;567;544.9;0;1;160;120;120;160;0;560
3736115;2024;35021520;3526704;Leme;35;SP;2;1;1;3526704;Leme;35;SP;0;0;0;0;NA;NA;NA;NA;0;NA;NA;NA;NA;NA;NA;NA
3855948;2024;51046458;5106505;Poconé;51;MT;2;1;1;5106505;Poconé;51;MT;0;0;0;0;NA;NA;NA;NA;1;NA;NA;NA;NA;NA;NA;NA
615168;2024;NA;NA;;NA;;NA;NA;NA;1200401;Rio Branco;12;AC;1;1;1;1;425.3;423.7;420.8;389;1;9;0;0;0;0;0;0
2249981;2024;NA;NA;;NA;;NA;NA;NA;1200500;Sena Madureira;12;AC;0;0;0;0;NA;NA;NA;NA;1;NA;NA;NA;NA;NA;NA;NA
4127150;2024;NA;NA;;NA;;NA;NA;NA;3303302;Niterói;33;RJ;1;1;1;1;457.7;579.2;597;529.1;0;1;180;180;140;160;140;800
2584680;2024;42081823;4203709;Canelinha;42;SC;2;1;1;4218004;Tijucas;42;SC;1;1;1;1;368.6;509.3;517.3;465.6;1;1;120;160;120;120;80;600
4172314;2024;NA;NA;;NA;;NA;NA;NA;4208203;Itajaí;42;SC;0;0;0;0;NA;NA;NA;NA;1;NA;NA;NA;NA;NA;NA;NA
215502;2024;42016134;4202404;Blumenau;42;SC;2;1;1;4202404;Blumenau;42;SC;1;1;1;1;408.2;507.8;527.2;481.2;0;1;120;120;100;100;60;500
1569706;2024;NA;NA;;NA;;NA;NA;NA;3155603;Rio Pardo de Minas;31;MG;1;1;1;1;447.5;372.7;495.5;447;1;4;0;0;0;0;0;0
2576400;2024;29392365;2904605;Brumado;29;BA;2;1;1;2904605;Brumado;29;BA;1;1;1;1;512.2;556.1;553.1;426.9;0;1;120;200;160;120;120;720
2088648;2024;NA;NA;;NA;;NA;NA;NA;2504009;Campina Grande;25;PB;1;1;1;1;570.1;566;589.1;499.3;0;1;120;120;120;140;180;680
49722;2024;NA;NA;;NA;;NA;NA;NA;5103403;Cuiabá;51;MT;1;1;1;1;586.8;588.1;517.5;568.2;1;1;120;180;140;140;140;720
3490299;2024;NA;NA;;NA;;NA;NA;NA;3102803;Andrelândia;31;MG;0;0;0;0;NA;NA;NA;NA;1;NA;NA;NA;NA;NA;NA;NA
166321;2024;31055158;3125101;Extrema;31;MG;2;1;1;3125101;Extrema;31;MG;1;1;1;1;490.9;651.7;640.4;563.8;0;1;160;180;120;180;180;820
745469;2024;29178550;2919207;Lauro de Freitas;29;BA;2;1;1;2919207;Lauro de Freitas;29;BA;1;1;1;1;405.3;424.6;488.5;398.9;1;1;140;180;120;140;120;700
1492641;2024;NA;NA;;NA;;NA;NA;NA;5300108;Brasília;53;DF;1;1;1;1;526.3;495.6;570.8;497;1;1;120;180;120;120;20;560
171311;2024;NA;NA;;NA;;NA;NA;NA;2101202;Bacabal;21;MA;1;1;1;1;425.2;394.9;435;483.1;1;1;40;120;80;60;20;320
2677727;2024;26020971;2613909;Serra Talhada;26;PE;2;1;1;2613909;Serra Talhada;26;PE;1;1;1;1;445.6;524.4;499.7;484.7;1;1;120;100;120;120;120;580
483802;2024;51039869;5103403;Cuiabá;51;MT;2;1;1;5103403;Cuiabá;51;MT;0;0;0;0;NA;NA;NA;NA;0;NA;NA;NA;NA;NA;NA;NA
3698383;2024;NA;NA;;NA;;NA;NA;NA;2927408;Salvador;29;BA;1;1;1;1;499.9;506.2;583.5;530.7;0;1;120;160;100;120;120;620
1625463;2024;NA;NA;;NA;;NA;NA;NA;5300108;Brasília;53;DF;1;1;1;1;550.2;641;637;582.5;0;1;120;120;100;120;100;560
2008086;2024;35010959;3534401;Osasco;35;SP;2;1;1;3534401;Osasco;35;SP;0;0;0;0;NA;NA;NA;NA;0;NA;NA;NA;NA;NA;NA;NA
3871765;2024;NA;NA;;NA;;NA;NA;NA;5300108;Brasília;53;DF;1;1;1;1;493.6;418;480.9;590.1;0;1;120;160;120;140;40;580
2805350;2024;NA;NA;;NA;;NA;NA;NA;3550308;São Paulo;35;SP;0;1;1;0;NA;644.8;595;NA;0;1;160;180;180;180;200;900
2432869;2024;NA;NA;;NA;;NA;NA;NA;4109401;Guarapuava;41;PR;1;1;1;1;609.6;689.3;653.6;608.4;0;1;140;180;120;160;180;780
641141;2024;NA;NA;;NA;;NA;NA;NA;3106200;Belo Horizonte;31;MG;1;1;1;1;564.9;506.7;562;645.6;0;1;160;200;160;180;200;900
2743417;2024;NA;NA;;NA;;NA;NA;NA;4302709;Butiá;43;RS;0;0;0;0;NA;NA;NA;NA;1;NA;NA;NA;NA;NA;NA;NA
3453643;2024;NA;NA;;NA;;NA;NA;NA;5300108;Brasília;53;DF;0;0;0;0;NA;NA;NA;NA;0;NA;NA;NA;NA;NA;NA;NA
3072183;2024;52094367;5205109;Catalão;52;GO;4;1;1;5205109;Catalão;52;GO;1;1;1;1;614.2;642.1;593.2;706.2;0;1;180;200;180;200;200;960
3402123;2024;NA;NA;;NA;;NA;NA;NA;4208203;Itajaí;42;SC;1;1;1;1;642.9;545.6;597.9;660.1;0;1;160;160;120;160;180;780
4211809;2024;NA;NA;;NA;;NA;NA;NA;3144805;Nova Lima;31;MG;1;1;1;1;514.6;615;602.1;590.2;0;1;140;120;120;120;120;620
1890143;2024;NA;NA;;NA;;NA;NA;NA;2211001;Teresina;22;PI;0;0;0;0;NA;NA;NA;NA;1;NA;NA;NA;NA;NA;NA;NA
306442;2024;15035867;1501303;Barcarena;15;PA;2;1;1;1501303;Barcarena;15;PA;1;1;1;1;541.3;642.5;580.5;474.7;1;1;160;180;180;200;180;900
4091102;2024;NA;NA;;NA;;NA;NA;NA;2903201;Barreiras;29;BA;1;1;1;1;500.8;537.8;515.5;501.4;1;1;120;120;120;120;40;520
3569908;2024;NA;NA;;NA;;NA;NA;NA;4304606;Canoas;43;RS;1;0;0;1;681.8;NA;NA;776.5;1;NA;NA;NA;NA;NA;NA;NA
1774669;2024;NA;NA;;NA;;NA;NA;NA;3205309;Vitória;32;ES;1;1;1;1;473.2;558.3;495;606.9;1;1;140;160;120;160;140;720
3293661;2024;NA;NA;;NA;;NA;NA;NA;2304400;Fortaleza;23;CE;0;0;0;0;NA;NA;NA;NA;0;NA;NA;NA;NA;NA;NA;NA
4204325;2024;NA;NA;;NA;;NA;NA;NA;2604106;Caruaru;26;PE;1;1;1;1;373.8;565.5;558;378.4;0;1;140;140;120;120;40;560
2690123;2024;NA;NA;;NA;;NA;NA;NA;2919207;Lauro de Freitas;29;BA;1;1;1;1;417.2;509.8;558.6;424.3;0;1;120;140;120;120;140;640
3875267;2024;NA;NA;;NA;;NA;NA;NA;3526704;Leme;35;SP;1;1;1;1;585.8;590.9;588.9;709.1;0;1;200;180;180;200;180;940
2644823;2024;NA;NA;;NA;;NA;NA;NA;5201405;Aparecida de Goiânia;52;GO;1;1;1;1;397.5;506.2;491;445.2;1;1;140;180;120;160;180;780
3896948;2024;NA;NA;;NA;;NA;NA;NA;4317202;Santa Rosa;43;RS;1;1;1;1;562.9;489.4;565.1;601.1;0;1;160;140;120;140;120;680
443192;2024;52035620;5208707;Goiânia;52;GO;2;1;1;5208707;Goiânia;52;GO;1;1;1;1;555;549.5;543.9;489.1;1;1;160;140;120;160;140;720
1247344;2024;31024414;3141801;Minas Novas;31;MG;2;1;1;3141801;Minas Novas;31;MG;0;0;0;0;NA;NA;NA;NA;1;NA;NA;NA;NA;NA;NA;NA
2534881;2024;26106582;2600054;Abreu e Lima;26;PE;2;1;1;2600054;Abreu e Lima;26;PE;1;1;1;1;490;448.2;442.2;404.7;0;1;80;60;60;80;0;280
1791524;2024;NA;NA;;NA;;NA;NA;NA;2800308;Aracaju;28;SE;1;1;1;1;554.1;549;526.2;528.3;0;1;120;140;120;140;120;640
3629795;2024;41039157;4114500;Manoel Ribas;41;PR;2;1;1;4111506;Ivaiporã;41;PR;0;0;0;0;NA;NA;NA;NA;0;NA;NA;NA;NA;NA;NA;NA
3207525;2024;35922717;3551702;Sertãozinho;35;SP;2;1;1;3551702;Sertãozinho;35;SP;1;1;1;1;394.1;457.9;411.7;492;0;1;120;120;100;100;80;520
1627664;2024;NA;NA;;NA;;NA;NA;NA;2705705;Olho d'Água das Flores;27;AL;0;0;0;0;NA;NA;NA;NA;1;NA;NA;NA;NA;NA;NA;NA
2179615;2024;NA;NA;;NA;;NA;NA;NA;1501303;Barcarena;15;PA;0;0;0;0;NA;NA;NA;NA;1;NA;NA;NA;NA;NA;NA;NA
4118158;2024;NA;NA;;NA;;NA;NA;NA;4316907;Santa Maria;43;RS;0;0;0;0;NA;NA;NA;NA;0;NA;NA;NA;NA;NA;NA;NA
3846596;2024;NA;NA;;NA;;NA;NA;NA;3167202;Sete Lagoas;31;MG;0;0;0;0;NA;NA;NA;NA;0;NA;NA;NA;NA;NA;NA;NA
3373606;2024;32038534;3205200;Vila Velha;32;ES;2;1;1;3205200;Vila Velha;32;ES;1;1;1;1;496.3;512.8;507.6;476.6;1;1;120;120;80;120;80;520
539806;2024;NA;NA;;NA;;NA;NA;NA;2929255;São Gabriel;29;BA;1;1;1;1;404.8;444.5;513.7;473.1;0;1;140;200;140;120;140;740
1232337;2024;35014217;3554102;Taubaté;35;SP;2;1;1;3554102;Taubaté;35;SP;0;0;0;0;NA;NA;NA;NA;0;NA;NA;NA;NA;NA;NA;NA
98037;2024;NA;NA;;NA;;NA;NA;NA;2408003;Mossoró;24;RN;1;1;1;1;479.7;558.2;535.2;443.4;1;1;100;120;120;140;80;560
1231481;2024;NA;NA;;NA;;NA;NA;NA;2704302;Maceió;27;AL;1;1;1;1;393.5;460.4;447.3;520;0;1;80;160;80;100;0;420
3575504;2024;NA;NA;;NA;;NA;NA;NA;2925105;Poções;29;BA;1;1;1;1;509;576.6;520.9;487.7;1;1;140;140;180;160;120;740
3441439;2024;41385667;4108601;Goioerê;41;PR;4;1;1;4108601;Goioerê;41;PR;1;1;1;1;649.5;669.7;621.9;648.5;0;1;140;160;120;160;160;740
1686166;2024;NA;NA;;NA;;NA;NA;NA;1304302;Urucará;13;AM;1;1;1;1;368.1;461.3;313.8;464.5;1;1;100;120;120;120;60;520
2771577;2024;NA;NA;;NA;;NA;NA;NA;2918001;Jequié;29;BA;1;1;1;1;411.9;549;558.1;539.2;0;1;120;120;100;120;100;560
2481620;2024;NA;NA;;NA;;NA;NA;NA;2510808;Patos;25;PB;1;1;1;1;426.8;335.3;363.2;436;0;1;100;180;120;100;80;580
711116;2024;NA;NA;;NA;;NA;NA;NA;1501402;Belém;15;PA;1;1;1;1;427.4;396;371.2;478.5;1;1;80;120;40;80;80;400
2227787;2024;35406284;3549904;São José dos Campos;35;SP;2;1;1;3549904;São José dos Campos;35;SP;1;1;1;1;627;585.8;586.9;708;0;1;160;180;160;180;200;880
975566;2024;33068011;3304557;Rio de Janeiro;33;RJ;2;1;1;3304557;Rio de Janeiro;33;RJ;1;1;1;1;412;419.1;518;488.2;1;1;120;120;120;120;80;560
607434;2024;23062541;2303709;Caucaia;23;CE;4;1;1;2303709;Caucaia;23;CE;1;1;1;1;503.4;535.2;543.1;575.8;0;1;120;140;120;120;140;640
4267295;2024;NA;NA;;NA;;NA;NA;NA;2504009;Campina Grande;25;PB;0;0;0;0;NA;NA;NA;NA;1;NA;NA;NA;NA;NA;NA;NA
1162782;2024;NA;NA;;NA;;NA;NA;NA;2606002;Garanhuns;26;PE;0;0;0;0;NA;NA;NA;NA;1;NA;NA;NA;NA;NA;NA;NA
3557304;2024;NA;NA;;NA;;NA;NA;NA;2607901;Jaboatão dos Guararapes;26;PE;1;1;1;1;511.4;573.7;529.2;514;0;1;100;120;100;120;120;560
3552575;2024;NA;NA;;NA;;NA;NA;NA;3304557;Rio de Janeiro;33;RJ;0;0;0;0;NA;NA;NA;NA;1;NA;NA;NA;NA;NA;NA;NA
1566445;2024;52031977;5201405;Aparecida de Goiânia;52;GO;2;1;1;5201405;Aparecida de Goiânia;52;GO;1;1;1;1;438.8;300.7;450.4;378.5;1;1;100;160;140;140;100;640
1064533;2024;NA;NA;;NA;;NA;NA;NA;3143302;Montes Claros;31;MG;0;0;0;0;NA;NA;NA;NA;1;NA;NA;NA;NA;NA;NA;NA
4121034;2024;NA;NA;;NA;;NA;NA;NA;3537800;Piedade;35;SP;1;1;1;1;572.2;570.1;567.3;679.2;0;1;120;160;120;160;120;680
986435;2024;29095158;2910800;Feira de Santana;29;BA;2;1;1;2910800;Feira de Santana;29;BA;0;0;0;0;NA;NA;NA;NA;1;NA;NA;NA;NA;NA;NA;NA
1803799;2024;NA;NA;;NA;;NA;NA;NA;3303302;Niterói;33;RJ;1;1;1;1;541.8;598.8;614;704.8;0;1;160;200;180;180;180;900
1674019;2024;28028562;2807600;Umbaúba;28;SE;2;1;1;2807600;Umbaúba;28;SE;1;1;1;1;461.7;463.9;481.5;419.8;0;1;120;160;120;140;80;620
3397972;2024;11002514;1100205;Porto Velho;11;RO;2;1;1;1100205;Porto Velho;11;RO;0;0;0;0;NA;NA;NA;NA;0;NA;NA;NA;NA;NA;NA;NA
4143620;2024;43156851;4321667;Três Cachoeiras;43;RS;2;1;1;4321501;Torres;43;RS;0;0;0;0;NA;NA;NA;NA;1;NA;NA;NA;NA;NA;NA;NA
1998189;2024;NA;NA;;NA;;NA;NA;NA;2103000;Caxias;21;MA;1;1;1;1;446;495.1;475.3;398.6;0;1;120;40;100;100;120;480
144255;2024;27225968;2704302;Maceió;27;AL;2;1;1;2704302;Maceió;27;AL;1;1;1;1;490.1;360.6;493.6;431;1;4;0;0;0;0;0;0
2532331;2024;NA;NA;;NA;;NA;NA;NA;1506807;Santarém;15;PA;1;1;1;1;528;445.4;500.5;477.7;0;1;120;120;120;120;140;620
3253989;2024;NA;NA;;NA;;NA;NA;NA;4300604;Alvorada;43;RS;0;0;0;0;NA;NA;NA;NA;1;NA;NA;NA;NA;NA;NA;NA
3749285;2024;NA;NA;;NA;;NA;NA;NA;4316907;Santa Maria;43;RS;1;1;1;1;546;575.7;569.4;722.6;0;1;160;200;160;180;160;860
3938577;2024;NA;NA;;NA;;NA;NA;NA;2409308;Patu;24;RN;1;1;1;1;418;514.3;370.9;388.3;1;4;0;0;0;0;0;0
3433637;2024;NA;NA;;NA;;NA;NA;NA;2802106;Estância;28;SE;0;0;0;0;NA;NA;NA;NA;0;NA;NA;NA;NA;NA;NA;NA
2667011;2024;NA;NA;;NA;;NA;NA;NA;4313904;Panambi;43;RS;1;1;1;1;547.3;504;559;472;1;1;140;140;140;120;120;660
3914499;2024;NA;NA;;NA;;NA;NA;NA;2504009;Campina Grande;25;PB;0;0;0;0;NA;NA;NA;NA;0;NA;NA;NA;NA;NA;NA;NA
1816554;2024;NA;NA;;NA;;NA;NA;NA;3550308;São Paulo;35;SP;1;1;1;1;471.7;436.2;484.4;470.5;0;1;100;120;100;120;60;500
396988;2024;23165910;2307304;Juazeiro do Norte;23;CE;2;1;1;2307304;Juazeiro do Norte;23;CE;1;1;1;1;423.4;513.3;488.9;490.8;0;1;160;200;160;200;180;900
178762;2024;NA;NA;;NA;;NA;NA;NA;2313351;Tejuçuoca;23;CE;0;0;0;0;NA;NA;NA;NA;1;NA;NA;NA;NA;NA;NA;NA
1168500;2024;43043690;4305108;Caxias do Sul;43;RS;2;1;1;4305108;Caxias do Sul;43;RS;1;1;1;1;451.8;469.2;519.1;476.8;1;4;0;0;0;0;0;0
2292442;2024;35001703;3550308;São Paulo;35;SP;2;1;1;3550308;São Paulo;35;SP;1;1;1;1;437;528.7;543.7;389.5;0;1;100;120;100;60;120;500
745901;2024;NA;NA;;NA;;NA;NA;NA;2907103;Carinhanha;29;BA;1;1;1;1;405.8;540.2;572.8;472.7;0;1;120;160;120;120;120;640
3970674;2024;NA;NA;;NA;;NA;NA;NA;2403251;Parnamirim;24;RN;1;1;1;1;369.5;444.7;485.6;451;0;1;100;120;80;120;40;460
775377;2024;NA;NA;;NA;;NA;NA;NA;2927408;Salvador;29;BA;1;1;1;1;538.1;586;565.3;487.9;0;1;140;160;140;160;140;740
681169;2024;NA;NA;;NA;;NA;NA;NA;2210607;São Raimundo Nonato;22;PI;1;1;1;1;382.3;352.3;481.3;485.1;1;1;140;180;140;140;200;800
4045611;2024;NA;NA;;NA;;NA;NA;NA;4318705;São Leopoldo;43;RS;1;1;1;1;579.8;579.6;557;748;0;1;120;180;120;160;160;740
975495;2024;NA;NA;;NA;;NA;NA;NA;2926301;Riachão do Jacuípe;29;BA;1;1;1;1;469;473.5;526.1;396.7;0;1;120;160;120;140;140;680
4056810;2024;NA;NA;;NA;;NA;NA;NA;2931350;Teixeira de Freitas;29;BA;1;1;1;1;444.7;529.4;524.8;395.8;1;1;160;200;160;160;160;840
1771116;2024;60023157;4106506;Coronel Vivida;41;PR;2;2;1;4106506;Coronel Vivida;41;PR;1;1;1;1;472.8;520.7;513.4;511.2;1;1;100;120;120;120;120;580
3065765;2024;52005500;5213707;Montes Claros de Goiás;52;GO;2;1;1;5210208;Iporá;52;GO;1;1;1;1;485.6;548.6;529.7;615.8;0;1;120;180;120;120;120;660
1641725;2024;NA;NA;;NA;;NA;NA;NA;4318507;São José do Norte;43;RS;0;0;0;0;NA;NA;NA;NA;1;NA;NA;NA;NA;NA;NA;NA
1552166;2024;NA;NA;;NA;;NA;NA;NA;2305308;Ibiapina;23;CE;1;1;1;1;400;549;472.9;562.9;0;1;160;200;160;160;180;860
634263;2024;NA;NA;;NA;;NA;NA;NA;3300456;Belford Roxo;33;RJ;1;1;1;1;464.1;597;526;382.3;1;1;140;180;120;160;180;780
2327790;2024;NA;NA;;NA;;NA;NA;NA;2926608;Ribeira do Pombal;29;BA;1;1;1;1;456.8;493.4;489.2;463;1;1;120;160;120;140;200;740
3512878;2024;33092532;3305109;São João de Meriti;33;RJ;2;1;1;3305109;São João de Meriti;33;RJ;1;1;1;1;536.9;596.1;581.6;432.8;0;1;120;140;120;120;100;600
3262437;2024;NA;NA;;NA;;NA;NA;NA;1501303;Barcarena;15;PA;1;1;1;1;391.4;365.4;451.9;398.4;1;1;80;100;60;80;20;340
3399901;2024;NA;NA;;NA;;NA;NA;NA;3131307;Ipatinga;31;MG;0;0;0;0;NA;NA;NA;NA;1;NA;NA;NA;NA;NA;NA;NA
1493935;2024;NA;NA;;NA;;NA;NA;NA;3550308;São Paulo;35;SP;1;1;1;1;434.3;414.1;340.2;438.1;1;1;160;180;140;140;140;760
467003;2024;32082193;3205309;Vitória;32;ES;4;1;1;3205309;Vitória;32;ES;1;1;1;1;655.6;745.1;651.2;721;0;1;160;200;180;200;200;940
2540560;2024;NA;NA;;NA;;NA;NA;NA;4314902;Porto Alegre;43;RS;1;1;1;1;549.3;632.1;585.6;723.9;0;1;100;180;120;120;120;640
2473944;2024;NA;NA;;NA;;NA;NA;NA;5208707;Goiânia;52;GO;0;1;1;0;NA;432.4;504.9;NA;0;1;120;120;120;120;80;560
4275397;2024;NA;NA;;NA;;NA;NA;NA;1400100;Boa Vista;14;RR;0;1;1;0;NA;539;393.2;NA;1;1;80;140;80;100;0;400
4251742;2024;NA;NA;;NA;;NA;NA;NA;2611606;Recife;26;PE;1;1;1;1;455.3;421.9;401.8;413.2;1;1;80;100;80;80;40;380
3241796;2024;NA;NA;;NA;;NA;NA;NA;1100023;Ariquemes;11;RO;1;1;1;1;528.8;515.9;510.3;585.5;0;1;120;160;100;120;160;660
1977127;2024;NA;NA;;NA;;NA;NA;NA;2903201;Barreiras;29;BA;0;0;0;0;NA;NA;NA;NA;1;NA;NA;NA;NA;NA;NA;NA
2205959;2024;35113748;3538709;Piracicaba;35;SP;4;1;1;3538709;Piracicaba;35;SP;1;1;1;1;542.2;525.7;513;664.7;0;1;80;120;100;120;100;520
3757658;2024;NA;NA;;NA;;NA;NA;NA;4304507;Canguçu;43;RS;1;1;1;1;447.9;381;455.7;511.8;0;1;140;180;120;140;0;580
1140426;2024;NA;NA;;NA;;NA;NA;NA;1702109;Araguaína;17;TO;1;1;1;1;428.4;403.1;389.9;425.5;1;1;100;120;80;120;0;420
1842229;2024;NA;NA;;NA;;NA;NA;NA;3304904;São Gonçalo;33;RJ;1;1;1;1;516.7;594.3;575.3;404.9;0;1;120;120;100;120;60;520
1262096;2024;35031461;3549300;São João do Pau d'Alho;35;SP;2;1;1;3514403;Dracena;35;SP;1;1;1;1;519.8;407.3;487.7;492.5;0;1;120;120;120;120;80;560
388301;2024;35923459;3510609;Carapicuíba;35;SP;2;1;1;3510609;Carapicuíba;35;SP;1;1;1;1;439.4;415.7;477.6;394.5;0;1;80;100;100;80;0;360
3691705;2024;NA;NA;;NA;;NA;NA;NA;3520509;Indaiatuba;35;SP;1;1;1;1;467.6;390.5;575.8;395.2;0;1;140;160;140;160;160;760
833880;2024;NA;NA;;NA;;NA;NA;NA;3170206;Uberlândia;31;MG;1;1;1;1;650.3;690.5;695.1;700.8;0;1;140;160;160;160;160;780
1790623;2024;NA;NA;;NA;;NA;NA;NA;3169307;Três Corações;31;MG;1;1;1;1;536;516.6;510.7;508.6;1;1;100;120;100;120;120;560
1022798;2024;NA;NA;;NA;;NA;NA;NA;3106200;Belo Horizonte;31;MG;1;1;1;1;599.6;665.8;651.8;707.5;0;1;120;160;160;160;180;780
3980527;2024;NA;NA;;NA;;NA;NA;NA;3306305;Volta Redonda;33;RJ;1;1;1;1;595.2;424.6;374.7;611;0;1;120;180;120;100;140;660
1995135;2024;NA;NA;;NA;;NA;NA;NA;5201108;Anápolis;52;GO;0;0;0;0;NA;NA;NA;NA;1;NA;NA;NA;NA;NA;NA;NA
802649;2024;29243920;2911709;Guanambi;29;BA;2;1;1;2911709;Guanambi;29;BA;1;1;1;1;440.9;519.7;496.5;447.6;0;1;140;160;140;140;100;680
3432673;2024;NA;NA;;NA;;NA;NA;NA;2408102;Natal;24;RN;0;0;0;0;NA;NA;NA;NA;1;NA;NA;NA;NA;NA;NA;NA
2398100;2024;23259485;2302008;Barro;23;CE;2;1;1;2302008;Barro;23;CE;1;1;1;1;453.3;391.9;513.4;505.6;1;1;140;200;160;180;180;860
2239920;2024;NA;NA;;NA;;NA;NA;NA;3550308;São Paulo;35;SP;1;1;1;1;551.6;525.1;547.8;578.1;1;1;140;180;120;120;160;720
212890;2024;NA;NA;;NA;;NA;NA;NA;2101400;Balsas;21;MA;1;1;1;1;390.7;342.3;409.4;400.4;1;1;80;120;80;100;80;460
2174235;2024;NA;NA;;NA;;NA;NA;NA;4304606;Canoas;43;RS;1;1;1;1;679.4;682.7;702.5;841;1;1;180;200;180;180;200;940
3465349;2024;NA;NA;;NA;;NA;NA;NA;3106200;Belo Horizonte;31;MG;1;1;1;1;492.2;463.6;479.1;461.6;0;1;140;200;160;160;180;840
3873654;2024;NA;NA;;NA;;NA;NA;NA;4106902;Curitiba;41;PR;1;1;1;1;595.7;481.9;567.1;562.8;0;1;120;160;160;140;160;740
783193;2024;35040548;3505708;Barueri;35;SP;2;1;1;3534401;Osasco;35;SP;1;1;1;1;419.6;539.5;538.2;564.5;1;1;120;160;120;120;80;600
1931568;2024;NA;NA;;NA;;NA;NA;NA;2107001;Montes Altos;21;MA;1;1;1;1;443.2;506.4;532.1;430.2;1;1;100;140;120;120;80;560
3044859;2024;NA;NA;;NA;;NA;NA;NA;4307500;Espumoso;43;RS;0;0;0;0;NA;NA;NA;NA;1;NA;NA;NA;NA;NA;NA;NA
205976;2024;NA;NA;;NA;;NA;NA;NA;1100205;Porto Velho;11;RO;0;0;0;0;NA;NA;NA;NA;0;NA;NA;NA;NA;NA;NA;NA
3855225;2024;NA;NA;;NA;;NA;NA;NA;2611101;Petrolina;26;PE;0;0;0;0;NA;NA;NA;NA;0;NA;NA;NA;NA;NA;NA;NA
2973587;2024;NA;NA;;NA;;NA;NA;NA;3106200;Belo Horizonte;31;MG;1;1;1;1;525.8;472;504.3;414.9;0;1;80;120;120;120;120;560
4199242;2024;NA;NA;;NA;;NA;NA;NA;2211001;Teresina;22;PI;1;1;1;1;613.5;537.1;528;642;0;1;120;140;140;160;140;700
191758;2024;NA;NA;;NA;;NA;NA;NA;2910800;Feira de Santana;29;BA;1;1;1;1;456.1;444.8;509.5;385.2;1;1;100;100;60;80;100;440
2223871;2024;51105802;5102678;Campo Verde;51;MT;4;1;1;5102678;Campo Verde;51;MT;1;1;1;1;543.5;640.9;540.9;663.5;1;1;120;160;140;180;200;800
1745970;2024;35924659;3508405;Cabreúva;35;SP;2;1;1;3523909;Itu;35;SP;1;1;1;1;418.1;435.3;470;471;1;1;100;120;80;120;120;540
4269829;2024;NA;NA;;NA;;NA;NA;NA;4115804;Medianeira;41;PR;1;1;1;1;512.8;634;542.1;451.3;0;1;140;160;120;120;80;620
3546342;2024;NA;NA;;NA;;NA;NA;NA;3139003;Machado;31;MG;1;1;1;1;459.9;432.4;508.1;486.6;1;4;0;0;0;0;0;0
3389062;2024;35014217;3554102;Taubaté;35;SP;2;1;1;3554102;Taubaté;35;SP;1;1;1;1;436.4;509;549.5;390.6;0;1;120;140;120;160;100;640
1342666;2024;NA;NA;;NA;;NA;NA;NA;3306008;Três Rios;33;RJ;1;1;1;1;380.3;511.6;520;409.3;0;1;120;100;120;120;0;460
3364001;2024;35111454;3507506;Botucatu;35;SP;4;1;1;3507506;Botucatu;35;SP;1;1;1;1;581.2;584;586.1;703.3;0;1;120;160;120;120;120;640
1976860;2024;NA;NA;;NA;;NA;NA;NA;4300406;Alegrete;43;RS;0;0;0;0;NA;NA;NA;NA;0;NA;NA;NA;NA;NA;NA;NA
3613103;2024;NA;NA;;NA;;NA;NA;NA;1501402;Belém;15;PA;1;1;1;1;516.6;516.4;531.8;440.7;1;1;120;180;120;120;100;640
2797705;2024;NA;NA;;NA;;NA;NA;NA;3150802;Piranga;31;MG;1;1;1;1;373.1;525.1;477.9;405.6;0;4;0;0;0;0;0;0
2891751;2024;27036030;2704302;Maceió;27;AL;4;1;1;2704708;Marechal Deodoro;27;AL;1;1;1;1;474.4;421;569.8;456.2;1;1;160;200;160;160;200;880
3764775;2024;NA;NA;;NA;;NA;NA;NA;3550308;São Paulo;35;SP;1;1;1;1;558.6;607.7;587.4;557.4;0;1;120;120;120;120;80;560
2238678;2024;NA;NA;;NA;;NA;NA;NA;3522208;Itapecerica da Serra;35;SP;0;1;1;0;NA;389.7;454.9;NA;0;3;0;0;0;0;0;0
83105;2024;13104411;1302603;Manaus;13;AM;2;1;1;1302603;Manaus;13;AM;1;1;1;1;441.7;547;582.7;503.8;0;1;140;180;160;200;180;860
951061;2024;NA;NA;;NA;;NA;NA;NA;3550308;São Paulo;35;SP;1;1;1;1;419.8;431;457.4;540.4;0;1;120;120;100;120;20;480
2935865;2024;52039218;5214507;Nerópolis;52;GO;2;1;1;5214507;Nerópolis;52;GO;0;1;1;0;NA;504.3;472.3;NA;1;1;60;100;40;60;120;380
510175;2024;NA;NA;;NA;;NA;NA;NA;2611606;Recife;26;PE;0;0;0;0;NA;NA;NA;NA;0;NA;NA;NA;NA;NA;NA;NA
463157;2024;24085049;2406502;Lagoa Nova;24;RN;2;1;1;2403103;Currais Novos;24;RN;0;0;0;0;NA;NA;NA;NA;1;NA;NA;NA;NA;NA;NA;NA
4260321;2024;NA;NA;;NA;;NA;NA;NA;3106200;Belo Horizonte;31;MG;1;1;1;1;594.1;614.7;654;675.3;0;1;160;160;140;140;100;700
1514846;2024;42048206;4204301;Concórdia;42;SC;2;1;1;4204301;Concórdia;42;SC;1;1;1;1;497.3;537.7;568.2;510.5;0;1;160;200;160;160;200;880
2681393;2024;31137987;3164704;São Sebastião do Paraíso;31;MG;2;1;1;3164704;São Sebastião do Paraíso;31;MG;1;1;1;1;450.6;512.6;477.4;563.2;1;1;160;160;160;180;180;840
2682997;2024;NA;NA;;NA;;NA;NA;NA;3143104;Monte Carmelo;31;MG;0;0;0;0;NA;NA;NA;NA;1;NA;NA;NA;NA;NA;NA;NA
2066794;2024;NA;NA;;NA;;NA;NA;NA;2800308;Aracaju;28;SE;0;0;0;0;NA;NA;NA;NA;0;NA;NA;NA;NA;NA;NA;NA
2517772;2024;35112884;3509502;Campinas;35;SP;4;1;1;3509502;Campinas;35;SP;1;1;1;1;517.2;533.4;565.6;596.2;1;1;120;120;100;100;0;440
2433427;2024;35150393;3521309;Ipuã;35;SP;4;1;1;3549409;São Joaquim da Barra;35;SP;0;0;0;0;NA;NA;NA;NA;0;NA;NA;NA;NA;NA;NA;NA
1534583;2024;NA;NA;;NA;;NA;NA;NA;3304557;Rio de Janeiro;33;RJ;0;0;0;0;NA;NA;NA;NA;1;NA;NA;NA;NA;NA;NA;NA
1981356;2024;35925330;3550308;São Paulo;35;SP;2;1;1;3550308;São Paulo;35;SP;1;1;1;1;498.8;597.3;541.6;644.5;1;1;160;200;180;200;200;940
895827;2024;NA;NA;;NA;;NA;NA;NA;3503208;Araraquara;35;SP;1;1;1;1;504.3;540.6;541.3;587.2;0;1;160;160;160;200;160;840
2184809;2024;31133744;3108008;Bom Sucesso;31;MG;2;1;1;3108008;Bom Sucesso;31;MG;1;1;1;1;509;544.1;569.9;588.9;1;1;140;180;140;160;180;800
569189;2024;23075791;2304400;Fortaleza;23;CE;2;1;1;2304400;Fortaleza;23;CE;0;1;1;0;NA;313.8;308.2;NA;1;4;0;0;0;0;0;0
3301115;2024;NA;NA;;NA;;NA;NA;NA;3124104;Esmeraldas;31;MG;1;1;1;1;541;571.9;585.9;723.6;0;1;140;160;160;180;160;800
688302;2024;NA;NA;;NA;;NA;NA;NA;2704302;Maceió;27;AL;1;1;1;1;429.9;517.5;551.6;454.3;1;1;140;140;120;140;100;640
1009;2024;NA;NA;;NA;;NA;NA;NA;2403251;Parnamirim;24;RN;1;1;1;1;552.2;611.6;502.2;560.8;1;1;120;200;160;180;200;860
2897147;2024;NA;NA;;NA;;NA;NA;NA;2800308;Aracaju;28;SE;1;1;1;1;606.4;600.6;638.1;576.8;0;1;140;200;160;180;180;860
1469719;2024;29201608;2930709;Simões Filho;29;BA;2;1;1;2930709;Simões Filho;29;BA;0;0;0;0;NA;NA;NA;NA;0;NA;NA;NA;NA;NA;NA;NA
3271523;2024;17032091;1720150;São Félix do Tocantins;17;TO;2;1;1;1715101;Novo Acordo;17;TO;1;1;1;1;348.2;288.9;353.6;385.9;1;1;80;80;80;60;0;300
2566893;2024;NA;NA;;NA;;NA;NA;NA;3550308;São Paulo;35;SP;1;1;1;1;489.4;496;569.4;578.7;0;1;120;120;100;120;120;580
1352776;2024;NA;NA;;NA;;NA;NA;NA;4125506;São José dos Pinhais;41;PR;1;1;1;1;453.6;411.5;507.4;518.7;0;1;140;180;120;160;160;760
116652;2024;NA;NA;;NA;;NA;NA;NA;2800308;Aracaju;28;SE;0;0;0;0;NA;NA;NA;NA;1;NA;NA;NA;NA;NA;NA;NA
1545991;2024;NA;NA;;NA;;NA;NA;NA;2400802;Angicos;24;RN;1;1;1;1;453;304.1;557.7;630.9;1;1;180;180;180;200;160;900
723269;2024;NA;NA;;NA;;NA;NA;NA;4305108;Caxias do Sul;43;RS;1;1;1;1;401.2;566.2;477.3;471.3;1;1;100;160;100;100;60;520
391000;2024;NA;NA;;NA;;NA;NA;NA;4322400;Uruguaiana;43;RS;0;0;0;0;NA;NA;NA;NA;1;NA;NA;NA;NA;NA;NA;NA
2131359;2024;26185768;2602902;Cabo de Santo Agostinho;26;PE;2;1;1;2602902;Cabo de Santo Agostinho;26;PE;1;1;1;1;409.3;449.6;384.5;460.5;0;1;100;120;120;120;80;540
4319731;2024;NA;NA;;NA;;NA;NA;NA;4306601;Dom Pedrito;43;RS;0;0;0;0;NA;NA;NA;NA;0;NA;NA;NA;NA;NA;NA;NA
3681421;2024;NA;NA;;NA;;NA;NA;NA;1100122;Ji-Paraná;11;RO;1;1;1;1;507.7;512.4;501.9;449.3;0;4;0;0;0;0;0;0
1685912;2024;29357861;2927408;Salvador;29;BA;2;1;1;2927408;Salvador;29;BA;1;1;1;1;541.2;564.6;566.4;514.2;0;1;160;200;180;200;200;940
145915;2024;23008814;2303402;Carnaubal;23;CE;2;1;1;2312304;São Benedito;23;CE;1;1;1;1;462.6;316.6;348.2;460.6;1;1;120;160;120;120;100;620
4249927;2024;NA;NA;;NA;;NA;NA;NA;4205407;Florianópolis;42;SC;0;0;0;0;NA;NA;NA;NA;0;NA;NA;NA;NA;NA;NA;NA
2907383;2024;NA;NA;;NA;;NA;NA;NA;2910800;Feira de Santana;29;BA;1;1;1;1;346.5;407.6;388.3;549.7;1;1;80;100;80;80;0;340
869317;2024;NA;NA;;NA;;NA;NA;NA;3550308;São Paulo;35;SP;1;1;1;1;669.8;729.1;631.5;771.4;0;1;120;140;140;140;180;720
1583924;2024;NA;NA;;NA;;NA;NA;NA;2927408;Salvador;29;BA;1;1;1;1;433.7;486.9;524.3;538.5;1;1;120;120;120;140;160;660
619976;2024;23047976;2302800;Canindé;23;CE;2;1;1;2302800;Canindé;23;CE;1;1;1;1;498.1;573.7;497.8;399.5;1;8;0;0;0;0;0;0
1601213;2024;NA;NA;;NA;;NA;NA;NA;3520400;Ilhabela;35;SP;1;1;1;1;466.7;405.1;521.4;389;0;1;100;120;100;120;80;520
2103429;2024;NA;NA;;NA;;NA;NA;NA;2305605;Independência;23;CE;1;1;1;1;404.1;360.2;458.2;462.2;0;1;120;40;80;80;20;340
2125069;2024;NA;NA;;NA;;NA;NA;NA;3550308;São Paulo;35;SP;1;1;1;1;359.9;333.6;445.1;466.3;0;6;0;0;0;0;0;0
3322658;2024;35045950;3526902;Limeira;35;SP;2;1;1;3552403;Sumaré;35;SP;1;1;1;1;627.9;587.6;572.6;763.4;0;1;160;160;140;140;200;800
3529090;2024;NA;NA;;NA;;NA;NA;NA;3550308;São Paulo;35;SP;0;0;0;0;NA;NA;NA;NA;1;NA;NA;NA;NA;NA;NA;NA
3652155;2024;NA;NA;;NA;;NA;NA;NA;2611606;Recife;26;PE;0;0;0;0;NA;NA;NA;NA;1;NA;NA;NA;NA;NA;NA;NA
353645;2024;NA;NA;;NA;;NA;NA;NA;2408102;Natal;24;RN;0;0;0;0;NA;NA;NA;NA;1;NA;NA;NA;NA;NA;NA;NA
4306077;2024;NA;NA;;NA;;NA;NA;NA;2207702;Parnaíba;22;PI;1;1;1;1;404.7;632.5;563.4;390;1;1;120;160;120;120;80;600
3588417;2024;29291119;2932903;Valença;29;BA;1;1;1;2932903;Valença;29;BA;1;1;1;1;493;576.1;598.4;425.2;0;1;120;180;120;80;140;640
2544867;2024;27226930;2704302;Maceió;27;AL;2;1;1;2704302;Maceió;27;AL;1;1;1;1;415.7;476.2;553.9;399.5;1;1;120;140;120;100;80;560
3687256;2024;NA;NA;;NA;;NA;NA;NA;2923803;Paripiranga;29;BA;1;1;1;1;507.6;509;548.8;475.9;1;1;120;120;120;160;100;620
3315953;2024;NA;NA;;NA;;NA;NA;NA;1500800;Ananindeua;15;PA;0;1;1;0;NA;338.6;464.6;NA;0;4;0;0;0;0;0;0
2751948;2024;NA;NA;;NA;;NA;NA;NA;2211001;Teresina;22;PI;1;1;1;1;423.8;456.8;445.3;402.9;0;1;80;120;100;80;80;460
3225767;2024;NA;NA;;NA;;NA;NA;NA;5208707;Goiânia;52;GO;1;1;1;1;600.9;592.6;639.4;656.1;0;1;160;180;160;180;100;780
2168488;2024;NA;NA;;NA;;NA;NA;NA;5201405;Aparecida de Goiânia;52;GO;1;1;1;1;444.1;501.5;498.6;496.5;0;1;160;180;140;180;160;820
235813;2024;29250285;2921807;Mortugaba;29;BA;2;1;1;2905008;Caculé;29;BA;1;1;1;1;492.3;519.6;476.1;451.1;0;1;120;180;140;140;140;720
4200466;2024;NA;NA;;NA;;NA;NA;NA;3138203;Lavras;31;MG;0;0;0;0;NA;NA;NA;NA;1;NA;NA;NA;NA;NA;NA;NA
3260456;2024;NA;NA;;NA;;NA;NA;NA;2304400;Fortaleza;23;CE;0;0;0;0;NA;NA;NA;NA;1;NA;NA;NA;NA;NA;NA;NA
921185;2024;NA;NA;;NA;;NA;NA;NA;2108306;Penalva;21;MA;1;1;1;1;400;312.8;384.4;394.6;1;1;80;140;100;100;0;420
2190883;2024;33089388;3304904;São Gonçalo;33;RJ;2;1;1;3304904;São Gonçalo;33;RJ;1;1;1;1;557.4;341.7;541.5;440.9;0;4;0;0;0;0;0;0
3122384;2024;NA;NA;;NA;;NA;NA;NA;3120904;Curvelo;31;MG;1;1;1;1;459;557.5;539.7;435.1;0;1;120;200;160;180;140;800
1115086;2024;23564008;2305803;Ipu;23;CE;2;1;1;2305803;Ipu;23;CE;1;1;1;1;432.3;437.5;421.1;398.9;1;1;140;200;160;180;180;860
364131;2024;NA;NA;;NA;;NA;NA;NA;2111300;São Luís;21;MA;0;0;0;0;NA;NA;NA;NA;1;NA;NA;NA;NA;NA;NA;NA
322465;2024;NA;NA;;NA;;NA;NA;NA;3513801;Diadema;35;SP;1;1;1;1;405.7;416.3;467.1;433.5;1;1;100;40;40;100;40;320
2547128;2024;NA;NA;;NA;;NA;NA;NA;2311108;Porteiras;23;CE;1;1;1;1;497;529.5;589.3;648.5;0;1;140;160;120;120;120;660
411602;2024;31014087;3118601;Contagem;31;MG;4;1;1;3106200;Belo Horizonte;31;MG;1;1;1;1;651.4;642.3;608.5;769.4;0;1;180;200;180;200;180;940
2373744;2024;NA;NA;;NA;;NA;NA;NA;4305108;Caxias do Sul;43;RS;1;1;1;1;642.5;650.9;617.2;779.2;1;1;160;180;160;180;200;880
679711;2024;51053640;5107875;Sapezal;51;MT;2;1;1;5107875;Sapezal;51;MT;1;1;1;1;551;567.5;427.3;479.3;1;1;100;60;40;60;0;260
1348708;2024;NA;NA;;NA;;NA;NA;NA;2110609;São Bernardo;21;MA;1;1;1;1;441.5;442.5;451.3;428.5;0;1;100;80;60;100;20;360
3695993;2024;NA;NA;;NA;;NA;NA;NA;4319901;Sapiranga;43;RS;0;0;0;0;NA;NA;NA;NA;1;NA;NA;NA;NA;NA;NA;NA
381888;2024;NA;NA;;NA;;NA;NA;NA;2203909;Floriano;22;PI;1;1;1;1;436.7;420.4;477.6;409.4;0;1;100;80;60;80;40;360
4330490;2024;NA;NA;;NA;;NA;NA;NA;4315602;Rio Grande;43;RS;0;0;0;0;NA;NA;NA;NA;0;NA;NA;NA;NA;NA;NA;NA
2807416;2024;NA;NA;;NA;;NA;NA;NA;3519071;Hortolândia;35;SP;1;1;1;1;613.6;632.4;589.4;676.7;0;1;160;200;140;140;200;840
1335507;2024;35299327;3547304;Santana de Parnaíba;35;SP;3;1;1;3547304;Santana de Parnaíba;35;SP;1;1;1;1;555.9;350.2;511.7;621;0;7;0;0;0;0;0;0
2346545;2024;NA;NA;;NA;;NA;NA;NA;3550308;São Paulo;35;SP;0;0;0;0;NA;NA;NA;NA;1;NA;NA;NA;NA;NA;NA;NA
2552959;2024;NA;NA;;NA;;NA;NA;NA;4215802;São Bento do Sul;42;SC;1;1;1;1;520;598.4;585.8;669.4;0;1;140;200;200;200;200;940
1607735;2024;13059262;1301704;Humaitá;13;AM;2;1;1;1301704;Humaitá;13;AM;0;0;0;0;NA;NA;NA;NA;0;NA;NA;NA;NA;NA;NA;NA
2904815;2024;NA;NA;;NA;;NA;NA;NA;1100056;Cerejeiras;11;RO;1;1;1;1;513.6;556.6;545.9;585;1;1;120;200;160;180;160;820
2994248;2024;33079030;3304557;Rio de Janeiro;33;RJ;4;1;1;3304557;Rio de Janeiro;33;RJ;1;1;1;1;527.9;585.9;544.2;565.8;0;1;160;200;160;200;200;920
4305466;2024;NA;NA;;NA;;NA;NA;NA;3550308;São Paulo;35;SP;1;1;1;1;461.1;561;516.1;541.8;1;1;120;160;120;120;160;680
710500;2024;33044384;3304300;Rio Bonito;33;RJ;2;1;1;3304300;Rio Bonito;33;RJ;1;1;1;1;486.5;535.8;575.9;541.1;0;1;120;180;120;120;100;640
4122950;2024;NA;NA;;NA;;NA;NA;NA;3526704;Leme;35;SP;1;1;1;1;424.4;490.9;467.2;399.4;0;1;120;120;80;120;120;560
988304;2024;NA;NA;;NA;;NA;NA;NA;3304557;Rio de Janeiro;33;RJ;1;1;1;1;449.5;471.9;377.8;393.9;1;1;100;200;120;160;200;780
3638518;2024;NA;NA;;NA;;NA;NA;NA;5300108;Brasília;53;DF;0;0;0;0;NA;NA;NA;NA;0;NA;NA;NA;NA;NA;NA;NA
2840119;2024;NA;NA;;NA;;NA;NA;NA;2504009;Campina Grande;25;PB;0;0;0;0;NA;NA;NA;NA;1;NA;NA;NA;NA;NA;NA;NA
2342126;2024;NA;NA;;NA;;NA;NA;NA;3101607;Alfenas;31;MG;1;1;1;1;464.4;508.9;544.9;656.9;1;1;140;160;120;160;140;720
2434543;2024;NA;NA;;NA;;NA;NA;NA;2709400;Viçosa;27;AL;1;1;1;1;367.8;413.4;462.8;421.9;0;8;0;0;0;0;0;0
1562839;2024;NA;NA;;NA;;NA;NA;NA;4106407;Cornélio Procópio;41;PR;1;1;1;1;487.9;547.6;522.4;646.5;0;1;80;120;120;120;120;560
2377687;2024;NA;NA;;NA;;NA;NA;NA;1200401;Rio Branco;12;AC;1;1;1;1;457.8;501.2;401.6;380.5;1;1;80;120;60;120;20;400
2896558;2024;NA;NA;;NA;;NA;NA;NA;5208707;Goiânia;52;GO;1;1;1;1;475.3;481.5;545.6;648.7;1;1;120;200;160;180;200;860
3341369;2024;35139968;3515152;Engenheiro Coelho;35;SP;4;2;1;3503802;Artur Nogueira;35;SP;0;0;0;0;NA;NA;NA;NA;0;NA;NA;NA;NA;NA;NA;NA
3924687;2024;NA;NA;;NA;;NA;NA;NA;3539806;Poá;35;SP;0;0;0;0;NA;NA;NA;NA;1;NA;NA;NA;NA;NA;NA;NA
2537887;2024;NA;NA;;NA;;NA;NA;NA;2803609;Laranjeiras;28;SE;1;1;1;1;386.8;415.1;421.9;488.6;1;1;120;140;60;140;120;580
722018;2024;NA;NA;;NA;;NA;NA;NA;3304557;Rio de Janeiro;33;RJ;1;1;1;1;734.1;746.1;629.4;883.4;0;1;160;200;180;200;200;940
1395339;2024;28005651;2801900;Cumbe;28;SE;2;1;1;2804607;Nossa Senhora das Dores;28;SE;1;1;1;1;454.5;566;524;543.5;1;1;60;60;40;60;100;320
2552865;2024;29034981;2924009;Paulo Afonso;29;BA;4;1;1;2924009;Paulo Afonso;29;BA;1;1;1;1;586.9;601.5;591.9;542.3;0;1;140;180;140;180;180;820
3100196;2024;NA;NA;;NA;;NA;NA;NA;4218707;Tubarão;42;SC;0;0;0;0;NA;NA;NA;NA;0;NA;NA;NA;NA;NA;NA;NA
154730;2024;NA;NA;;NA;;NA;NA;NA;2803500;Lagarto;28;SE;1;1;1;1;483.5;530.8;576.2;530.7;1;1;160;200;180;200;180;920
2589946;2024;NA;NA;;NA;;NA;NA;NA;4302709;Butiá;43;RS;0;0;0;0;NA;NA;NA;NA;0;NA;NA;NA;NA;NA;NA;NA
3795041;2024;NA;NA;;NA;;NA;NA;NA;1302603;Manaus;13;AM;1;1;1;1;510.9;593.5;592.2;496.4;1;1;120;120;100;120;100;560
3388473;2024;24073857;2401404;Baía Formosa;24;RN;2;1;1;2402204;Canguaretama;24;RN;1;1;1;1;395.7;364.7;400.7;463.1;1;1;80;120;80;100;80;460
2859801;2024;NA;NA;;NA;;NA;NA;NA;4320008;Sapucaia do Sul;43;RS;0;0;0;0;NA;NA;NA;NA;1;NA;NA;NA;NA;NA;NA;NA
3161209;2024;NA;NA;;NA;;NA;NA;NA;3304557;Rio de Janeiro;33;RJ;1;1;1;1;484.3;527.7;585.6;422.4;0;1;140;140;160;180;160;780
3325801;2024;NA;NA;;NA;;NA;NA;NA;1500107;Abaetetuba;15;PA;1;1;1;1;452.9;487.8;505.6;382.4;1;1;80;120;100;120;120;540
1616838;2024;NA;NA;;NA;;NA;NA;NA;4316808;Santa Cruz do Sul;43;RS;0;0;0;0;NA;NA;NA;NA;0;NA;NA;NA;NA;NA;NA;NA
1472339;2024;53001354;5300108;Brasília;53;DF;1;1;1;5300108;Brasília;53;DF;1;1;1;1;702.2;727.2;656.8;805.8;0;1;160;200;160;200;180;900
1978262;2024;NA;NA;;NA;;NA;NA;NA;5300108;Brasília;53;DF;1;1;1;1;514;630.1;559.1;643;1;1;140;160;140;120;80;640
85052;2024;NA;NA;;NA;;NA;NA;NA;2803500;Lagarto;28;SE;0;1;1;0;NA;514.9;526.4;NA;0;1;80;160;100;120;60;520
1768382;2024;29151651;2901908;Aporá;29;BA;2;1;1;2913705;Inhambupe;29;BA;1;1;1;1;486.3;535.2;563.3;527.3;1;1;120;200;120;160;160;760
2459296;2024;NA;NA;;NA;;NA;NA;NA;3303302;Niterói;33;RJ;1;1;1;1;532.3;543.6;570.7;538.8;1;1;120;180;120;140;140;700
2578459;2024;35112859;3509502;Campinas;35;SP;4;1;1;3509502;Campinas;35;SP;1;1;1;1;609.9;584.3;607.3;645.9;0;1;120;200;120;140;160;740
691894;2024;43008330;4305108;Caxias do Sul;43;RS;2;1;1;4305108;Caxias do Sul;43;RS;1;1;1;1;547.3;535;493.9;551;0;1;120;120;120;120;160;640
1942915;2024;NA;NA;;NA;;NA;NA;NA;2913903;Ipiaú;29;BA;0;0;0;0;NA;NA;NA;NA;1;NA;NA;NA;NA;NA;NA;NA
2410914;2024;31185388;3156601;Rubim;31;MG;2;1;1;3101706;Almenara;31;MG;0;0;0;0;NA;NA;NA;NA;0;NA;NA;NA;NA;NA;NA;NA
121738;2024;43104975;4314902;Porto Alegre;43;RS;4;1;1;4314902;Porto Alegre;43;RS;1;1;1;1;539.5;619.1;631.4;612.1;0;1;160;200;180;160;160;860
3233541;2024;NA;NA;;NA;;NA;NA;NA;4313508;Osório;43;RS;0;0;0;0;NA;NA;NA;NA;1;NA;NA;NA;NA;NA;NA;NA
560057;2024;43056202;4307005;Erechim;43;RS;2;1;1;4307005;Erechim;43;RS;1;1;1;1;528.4;518.8;494.5;430.3;0;1;120;180;140;80;100;620
1600654;2024;NA;NA;;NA;;NA;NA;NA;5205109;Catalão;52;GO;1;1;1;1;527.5;632.3;608.6;689.9;0;1;140;160;140;200;160;800
230698;2024;NA;NA;;NA;;NA;NA;NA;3135209;Januária;31;MG;1;1;1;1;416.6;470.6;430.6;449;1;1;100;120;80;80;0;380
3076469;2024;NA;NA;;NA;;NA;NA;NA;3550308;São Paulo;35;SP;1;1;1;1;451.6;483.7;564.4;649;0;1;160;120;140;160;160;740
1804591;2024;NA;NA;;NA;;NA;NA;NA;2913606;Ilhéus;29;BA;1;1;1;1;498.4;440.8;464.3;388.1;0;1;80;140;100;100;140;560
3501381;2024;60022347;4116802;Nova Cantu;41;PR;2;1;1;4128005;Ubiratã;41;PR;0;0;0;0;NA;NA;NA;NA;0;NA;NA;NA;NA;NA;NA;NA
3589348;2024;NA;NA;;NA;;NA;NA;NA;2202703;Cocal;22;PI;0;0;0;0;NA;NA;NA;NA;1;NA;NA;NA;NA;NA;NA;NA
3699909;2024;35011095;3534401;Osasco;35;SP;2;1;1;3534401;Osasco;35;SP;1;1;1;1;493.2;500;548.6;478;0;1;120;120;120;120;100;580
1398369;2024;NA;NA;;NA;;NA;NA;NA;1721208;Tocantinópolis;17;TO;1;1;1;1;442.9;450.9;470.4;429;0;1;120;180;120;160;140;720
3281128;2024;NA;NA;;NA;;NA;NA;NA;4306809;Encantado;43;RS;1;1;1;1;436.7;307.5;516.7;599.5;0;1;120;180;140;160;160;760
699305;2024;NA;NA;;NA;;NA;NA;NA;2400208;Açu;24;RN;1;1;1;1;464.1;569;568.3;590.2;0;4;0;0;0;0;0;0
3633900;2024;42025419;4210852;Mirim Doce;42;SC;2;1;1;4217808;Taió;42;SC;1;1;1;1;465.9;550.1;526.9;439.7;0;1;100;120;100;120;120;560
4250489;2024;NA;NA;;NA;;NA;NA;NA;4128104;Umuarama;41;PR;1;1;1;1;515.1;534.1;547.3;454.7;1;1;120;80;80;80;80;440
3982353;2024;NA;NA;;NA;;NA;NA;NA;1501709;Bragança;15;PA;0;0;0;0;NA;NA;NA;NA;0;NA;NA;NA;NA;NA;NA;NA
2073621;2024;42024501;4206900;Ibirama;42;SC;2;1;1;4214805;Rio do Sul;42;SC;1;1;1;1;479.9;537.4;545.8;540.3;0;1;120;140;120;120;100;600
3285308;2024;42023262;4214805;Rio do Sul;42;SC;4;1;1;4214805;Rio do Sul;42;SC;1;1;1;1;513.2;559.9;447.1;583.5;1;1;100;120;100;120;160;600
1750675;2024;43105130;4314902;Porto Alegre;43;RS;4;1;1;4314902;Porto Alegre;43;RS;1;1;1;1;551.7;529.9;570.9;506.3;1;1;120;140;120;100;160;640
4130119;2024;16006852;1600303;Macapá;16;AP;2;1;1;1600303;Macapá;16;AP;1;1;1;1;351.5;0;372.9;0;0;1;60;40;60;80;0;240
3867371;2024;NA;NA;;NA;;NA;NA;NA;2604106;Caruaru;26;PE;1;1;1;1;363.4;394.9;365;586.2;0;1;80;120;120;120;80;520
2976430;2024;NA;NA;;NA;;NA;NA;NA;5005707;Naviraí;50;MS;0;0;0;0;NA;NA;NA;NA;0;NA;NA;NA;NA;NA;NA;NA
3475278;2024;NA;NA;;NA;;NA;NA;NA;2111300;São Luís;21;MA;1;1;1;1;660.2;714.6;628.8;749.8;0;1;180;200;200;200;200;980
1309597;2024;26176211;2601904;Bezerros;26;PE;2;1;1;2601904;Bezerros;26;PE;1;1;1;1;424.7;494.9;535;594.5;0;1;140;180;160;160;140;780
4125208;2024;15108023;1501402;Belém;15;PA;4;1;1;1501303;Barcarena;15;PA;0;0;0;0;NA;NA;NA;NA;0;NA;NA;NA;NA;NA;NA;NA
2630775;2024;NA;NA;;NA;;NA;NA;NA;2611606;Recife;26;PE;1;1;1;1;552.5;576.7;601.3;712.3;0;1;160;180;180;160;180;860
2746647;2024;NA;NA;;NA;;NA;NA;NA;2500304;Alagoa Grande;25;PB;1;1;1;1;409.9;490.7;476.8;430.1;1;1;140;180;120;120;60;620
4238289;2024;NA;NA;;NA;;NA;NA;NA;4317509;Santo Ângelo;43;RS;1;1;1;1;532.5;550.1;493.1;449.5;1;1;120;120;80;120;120;560
559673;2024;13080598;1302603;Manaus;13;AM;2;1;1;1302603;Manaus;13;AM;1;1;1;1;453.3;382;383.7;472.6;0;1;100;120;120;100;60;500
2280584;2024;NA;NA;;NA;;NA;NA;NA;2110609;São Bernardo;21;MA;0;1;1;0;NA;322.2;379.4;NA;1;1;120;120;100;120;0;460
3948704;2024;NA;NA;;NA;;NA;NA;NA;4219507;Xanxerê;42;SC;1;1;1;1;571.9;561;571.4;653.3;1;1;120;180;120;160;200;780
2071628;2024;NA;NA;;NA;;NA;NA;NA;2408102;Natal;24;RN;1;1;1;1;648.3;647.5;584.9;814.6;0;1;140;120;140;120;100;620
2445843;2024;NA;NA;;NA;;NA;NA;NA;2111300;São Luís;21;MA;1;1;1;1;518.1;494;501.1;389.3;1;1;140;160;140;120;40;600
3717914;2024;29135710;2902104;Araci;29;BA;2;1;1;2902104;Araci;29;BA;1;1;1;1;518.4;336.1;530.8;493.1;0;1;80;120;80;80;0;360
2862457;2024;NA;NA;;NA;;NA;NA;NA;2704302;Maceió;27;AL;0;0;0;0;NA;NA;NA;NA;1;NA;NA;NA;NA;NA;NA;NA
4230023;2024;NA;NA;;NA;;NA;NA;NA;2927408;Salvador;29;BA;1;1;1;1;521;590.4;555.5;640.5;0;1;120;120;120;120;80;560
3707456;2024;NA;NA;;NA;;NA;NA;NA;5102504;Cáceres;51;MT;0;0;0;0;NA;NA;NA;NA;0;NA;NA;NA;NA;NA;NA;NA
1276425;2024;NA;NA;;NA;;NA;NA;NA;3518800;Guarulhos;35;SP;1;1;1;1;567.9;600.7;608.1;671.9;0;1;160;180;160;160;200;860
3735644;2024;NA;NA;;NA;;NA;NA;NA;1501402;Belém;15;PA;0;0;0;0;NA;NA;NA;NA;1;NA;NA;NA;NA;NA;NA;NA
2188427;2024;NA;NA;;NA;;NA;NA;NA;1200203;Cruzeiro do Sul;12;AC;0;0;0;0;NA;NA;NA;NA;1;NA;NA;NA;NA;NA;NA;NA
3400600;2024;NA;NA;;NA;;NA;NA;NA;2926301;Riachão do Jacuípe;29;BA;1;1;1;1;384.2;522.2;468.6;477.1;1;1;140;160;80;140;80;600
188377;2024;NA;NA;;NA;;NA;NA;NA;2407203;Macau;24;RN;1;1;1;1;368.5;448.8;467.9;385.7;0;1;160;200;140;160;180;840
2855699;2024;NA;NA;;NA;;NA;NA;NA;5201405;Aparecida de Goiânia;52;GO;1;1;1;1;467;536.8;514.2;664.1;1;1;160;200;180;180;200;920
2359778;2024;NA;NA;;NA;;NA;NA;NA;4303103;Cachoeirinha;43;RS;0;0;0;0;NA;NA;NA;NA;0;NA;NA;NA;NA;NA;NA;NA
1883007;2024;NA;NA;;NA;;NA;NA;NA;4315602;Rio Grande;43;RS;0;0;0;0;NA;NA;NA;NA;0;NA;NA;NA;NA;NA;NA;NA
3657279;2024;NA;NA;;NA;;NA;NA;NA;2504009;Campina Grande;25;PB;1;1;1;1;474;473.8;467.1;433.9;1;1;80;80;80;100;0;340
3405060;2024;NA;NA;;NA;;NA;NA;NA;2305506;Iguatu;23;CE;1;1;1;1;463.4;517.2;489.6;444.3;1;1;120;120;120;120;0;480
3882826;2024;NA;NA;;NA;;NA;NA;NA;3106200;Belo Horizonte;31;MG;1;1;1;1;540.1;504.8;535.7;579.9;0;1;120;120;120;120;0;480
503105;2024;29016916;2930303;Serra Dourada;29;BA;2;1;1;2930303;Serra Dourada;29;BA;0;1;1;0;NA;482.9;503.7;NA;0;1;100;120;80;120;100;520
2770358;2024;29261660;2920304;Malhada de Pedras;29;BA;2;1;1;2904605;Brumado;29;BA;0;1;1;0;NA;497.5;479.8;NA;1;1;160;180;120;180;200;840
2427731;2024;NA;NA;;NA;;NA;NA;NA;4314407;Pelotas;43;RS;0;1;1;0;NA;525.4;546.6;NA;1;1;80;120;80;120;80;480
1625918;2024;21010102;2111300;São Luís;21;MA;2;1;1;2111300;São Luís;21;MA;0;0;0;0;NA;NA;NA;NA;1;NA;NA;NA;NA;NA;NA;NA
772976;2024;NA;NA;;NA;;NA;NA;NA;1502400;Castanhal;15;PA;1;1;1;1;545.7;583.5;552.9;619.2;0;1;160;160;160;160;180;820
911795;2024;11032510;1100189;Pimenta Bueno;11;RO;2;1;1;1100189;Pimenta Bueno;11;RO;0;0;0;0;NA;NA;NA;NA;1;NA;NA;NA;NA;NA;NA;NA
2796631;2024;52015742;5205406;Ceres;52;GO;4;1;1;5205406;Ceres;52;GO;1;1;1;1;612.2;646.1;608.6;824.8;0;1;160;200;180;200;200;940
4152149;2024;NA;NA;;NA;;NA;NA;NA;4317509;Santo Ângelo;43;RS;0;0;0;0;NA;NA;NA;NA;1;NA;NA;NA;NA;NA;NA;NA
1076306;2024;33099073;3301702;Duque de Caxias;33;RJ;2;1;1;3301702;Duque de Caxias;33;RJ;1;1;1;1;397.7;412.3;455.4;374.4;1;1;100;60;40;80;20;300
3551780;2024;NA;NA;;NA;;NA;NA;NA;3155603;Rio Pardo de Minas;31;MG;1;1;1;1;402.4;569.6;546.7;631.7;0;1;120;160;140;180;200;800
2239027;2024;29273790;2920403;Manoel Vitorino;29;BA;2;1;1;2918001;Jequié;29;BA;0;0;0;0;NA;NA;NA;NA;1;NA;NA;NA;NA;NA;NA;NA
1876201;2024;NA;NA;;NA;;NA;NA;NA;2307304;Juazeiro do Norte;23;CE;1;1;1;1;392;421;494.7;463.5;1;1;120;160;120;120;180;700
960229;2024;NA;NA;;NA;;NA;NA;NA;2208403;Piripiri;22;PI;1;1;1;1;442.4;431.8;487.3;406.5;1;1;120;120;80;80;0;400
1839019;2024;52055264;5219308;Santa Helena de Goiás;52;GO;2;1;1;5219308;Santa Helena de Goiás;52;GO;1;1;1;1;535.8;493.3;523.9;506.6;1;1;120;120;100;160;140;640
81963;2024;NA;NA;;NA;;NA;NA;NA;2704302;Maceió;27;AL;1;1;1;1;420.8;441.8;472.7;413.3;1;1;100;120;80;100;80;480
3850427;2024;NA;NA;;NA;;NA;NA;NA;3105608;Barbacena;31;MG;1;1;1;1;672;652.8;618.1;747;0;1;160;200;160;200;200;920
4116163;2024;NA;NA;;NA;;NA;NA;NA;2900702;Alagoinhas;29;BA;1;1;1;1;527.8;606.5;603.1;596.1;0;1;100;80;120;120;60;480
3519425;2024;13064215;1302603;Manaus;13;AM;4;1;1;1302603;Manaus;13;AM;1;1;1;1;563.6;500.8;580.9;487.5;1;1;140;200;160;200;120;820
600058;2024;29428742;2932804;Utinga;29;BA;2;1;1;2927200;Ruy Barbosa;29;BA;1;1;1;1;482.9;443.2;491;402.8;0;1;120;160;120;140;140;680
364314;2024;32082037;3200102;Afonso Cláudio;32;ES;2;1;1;3200102;Afonso Cláudio;32;ES;1;1;1;1;548.3;554.9;596.4;475;1;1;140;140;160;180;180;800
2649902;2024;NA;NA;;NA;;NA;NA;NA;1501402;Belém;15;PA;0;0;0;0;NA;NA;NA;NA;0;NA;NA;NA;NA;NA;NA;NA
3939079;2024;NA;NA;;NA;;NA;NA;NA;3205002;Serra;32;ES;1;1;1;1;427.5;499.5;410.7;393.6;1;1;120;100;80;120;80;500
3092021;2024;NA;NA;;NA;;NA;NA;NA;3304557;Rio de Janeiro;33;RJ;1;1;1;1;588.5;685.6;661.6;673.9;0;1;160;200;160;160;140;820
